timestamp,t_sec,gps_alt,baro_alt,baro_alt_amsl,altitude_m,airspeed,gps_speed,gps_course,roll,pitch,yaw,load,rpm,egt_c,cht_c,oil_temp_c,oil_pressure_bar,fuel_flow_lph,vibration,battery_voltage_v,battery_current_a,battery_soc_pct,fault_type,fault_severity,rul_frac,run_id,source_file,ambient_offset_c,archetype,near_miss
1780420000.0,0.0,580.0,0.0,579.88,0.0,0.021203938490749356,0.020611162505273232,355.94135053004914,0.08840574195506556,1.2399490082089006,355.94135053004914,0.34189176971331214,3229.6053787368746,744.6062799575753,66.28440073944141,51.602354275693244,2.767923291480363,10.645921874149913,0.9710168862734021,12.449,2.236,100.0,healthy,0.0,1.0,scenario_rapid_throttle_transition,scenario_rapid_throttle_transition.csv,0,rapid_throttle_transition,0
1780420000.25,0.25,580.0,0.0,579.88,0.0,0.018026543399609105,0.01887940758485044,359.39864975740073,-1.121299206888699,1.031332287296359,359.39864975740073,0.3436744281531272,3128.188725954088,790.7104905326125,106.34405275374891,47.30524968370038,2.818396697989592,11.615138142946927,1.0075370191551094,12.451,2.147,100.0,healthy,0.0,1.0,scenario_rapid_throttle_transition,scenario_rapid_throttle_transition.csv,0,rapid_throttle_transition,0
1780420000.5,0.5,580.0,0.0,579.88,0.0,0.04998620101769186,0.050664436008289265,1.9707986715634491,0.34512033607552856,2.090120278968523,1.9707986715634491,0.34638825310674404,3444.662297094193,724.6610328147428,68.59397411722736,46.49457285552116,2.7364984979512315,9.926980224682652,0.9701569265524179,12.533,2.086,100.0,healthy,0.0,1.0,scenario_rapid_throttle_transition,scenario_rapid_throttle_transition.csv,0,rapid_throttle_transition,0
1780420000.75,0.75,580.0,0.0,579.88,0.0,0.08430439126356025,0.08663119171673052,357.01195244675705,-0.5528684782826446,1.118692136141227,357.01195244675705,0.34976352459823706,3417.017619824758,739.4369860331948,63.36480626022541,49.20277967985319,2.510805243071602,3.2808200436216657,1.0862561049211457,12.498,2.1,100.0,healthy,0.0,1.0,scenario_rapid_throttle_transition,scenario_rapid_throttle_transition.csv,0,rapid_throttle_transition,0
1780420001.0,1.0,580.0,0.0,579.88,0.0,0.07160735269317685,0.07204679365589114,3.1108715190846516,-0.3230725761227737,1.6747621292714865,3.1108715190846516,0.3479175103778798,3347.170480342216,816.5183677490322,80.95633546493394,42.573868417534236,2.5239100949048137,6.324711331797556,0.9960526118430201,12.563,2.151,100.0,healthy,0.0,1.0,scenario_rapid_throttle_transition,scenario_rapid_throttle_transition.csv,0,rapid_throttle_transition,0
1780420001.25,1.25,583.3844759441619,3.3844759441618715,583.2644759441619,0.0,0.14902396981606514,0.14945784334459197,350.33303223031083,-0.09290621379506236,1.8272674114882992,350.33303223031083,0.3454858715943396,2869.8120301322097,740.7535804987095,69.70993467316273,55.95470923028653,2.754732543847018,5.433273014542804,0.8168466955418523,12.594,2.028,100.0,healthy,0.0,1.0,scenario_rapid_throttle_transition,scenario_rapid_throttle_transition.csv,0,rapid_throttle_transition,0
1780420001.5,1.5,581.4354986291593,1.4354986291592142,581.3154986291593,0.0,0.18825126920593366,0.18826230285849535,357.9707864252676,0.7642848722314015,2.0667505739758596,357.9707864252676,0.34162375070804685,2902.7385984845573,721.6658839622265,67.53491916843831,67.98040766154273,2.9733801675680804,9.68009323429906,0.7276187928194323,12.597,2.112,100.0,healthy,0.0,1.0,scenario_rapid_throttle_transition,scenario_rapid_throttle_transition.csv,0,rapid_throttle_transition,0
1780420001.75,1.75,580.0,0.0,579.88,0.0,0.21227939551274794,0.21931997132126857,7.61340499342363,0.15675663807899765,1.8475476513656932,7.61340499342363,0.34313282024199887,2863.311574051722,779.4640862812681,94.3912101957684,29.16113130419454,2.5646142440059845,8.070383073445418,0.9182562176255874,12.491,2.09,100.0,healthy,0.0,1.0,scenario_rapid_throttle_transition,scenario_rapid_throttle_transition.csv,0,rapid_throttle_transition,0
1780420002.0,2.0,580.4439585157005,0.4439585157004807,580.3239585157005,0.0,0.27634264750725046,0.2742186209974757,8.308391436170469,0.41687914329536063,1.6340907150595037,8.308391436170469,0.3464582140458274,3511.7672655861543,769.0993251681261,96.92130511715229,59.10783200840067,2.723436164289476,6.999668951093937,0.8185102724563995,12.557,2.058,100.0,healthy,0.0,1.0,scenario_rapid_throttle_transition,scenario_rapid_throttle_transition.csv,0,rapid_throttle_transition,0
1780420002.25,2.25,580.5656030342969,0.5656030342969343,580.4456030342969,0.0,0.34233124601583664,0.34681930988770004,0.5413216286124292,-0.1987550530006979,1.528271568500768,0.5413216286124292,0.34500574446578,2844.5634979847823,735.5068069965084,55.07159560886633,43.904571172819416,2.6882579864944054,8.47855771880078,0.9911999941525138,12.511,2.278,100.0,healthy,0.0,1.0,scenario_rapid_throttle_transition,scenario_rapid_throttle_transition.csv,0,rapid_throttle_transition,0
1780420002.5,2.5,580.0,0.0,579.88,0.0,0.29338571531944924,0.28156024118037876,357.8521118905716,0.5649837518082188,1.9023642889732675,357.8521118905716,0.34808726611869417,3160.870306738058,793.817667699351,72.29456516204611,56.71078077940413,3.1021352600972145,7.039759411480691,0.7802648533811855,12.519,1.912,100.0,healthy,0.0,1.0,scenario_rapid_throttle_transition,scenario_rapid_throttle_transition.csv,0,rapid_throttle_transition,0
1780420002.75,2.75,581.1190379864299,1.119037986429893,580.9990379864299,0.0,0.35959588370844914,0.37481634042995354,359.7715423496839,-0.4363857003922863,1.971357259593489,359.7715423496839,0.3494514267065168,3253.334508410665,775.9463509567419,80.50763453854805,37.00707459966543,3.265842594181535,8.211883897173589,0.9718085158754732,12.403,2.143,100.0,healthy,0.0,1.0,scenario_rapid_throttle_transition,scenario_rapid_throttle_transition.csv,0,rapid_throttle_transition,0
1780420003.0,3.0,581.1725794838296,1.1725794838295749,581.0525794838296,0.0,0.309739273727513,0.30599059590455335,1.1509494617235632,0.4401822338217966,1.6099361096570763,1.1509494617235632,0.34974719259627485,3889.2309923167304,753.114870185454,109.33595790232926,44.71820515130581,2.8308098071174426,7.128181036546735,0.864097938377316,12.493,2.098,100.0,healthy,0.0,1.0,scenario_rapid_throttle_transition,scenario_rapid_throttle_transition.csv,0,rapid_throttle_transition,0
1780420003.25,3.25,580.0,0.0,579.88,0.0,0.37432486008857396,0.3774758367154187,0.3519412149831239,-0.45630760648060514,1.4288436945823333,0.3519412149831239,0.34902936794654377,2689.897334276772,788.5035093607728,69.66039094015309,48.82370440642127,2.5305236159035553,6.536955528412857,1.1225815263869636,12.399,2.069,100.0,healthy,0.0,1.0,scenario_rapid_throttle_transition,scenario_rapid_throttle_transition.csv,0,rapid_throttle_transition,0
1780420003.5,3.5,580.0,0.0,579.88,0.0,0.435423627226064,0.4319064891906693,357.2866862823412,0.0721949959207212,1.102806386671844,357.2866862823412,0.3462763631828864,3349.7266372173726,762.0128675258526,48.69534798160182,39.72264092615991,2.7312937075437618,9.335493206795203,0.9662446869690311,12.466,2.128,100.0,healthy,0.0,1.0,scenario_rapid_throttle_transition,scenario_rapid_throttle_transition.csv,0,rapid_throttle_transition,0
1780420003.75,3.75,580.0,0.0,579.88,0.0,0.4062596378398082,0.3946062553183779,1.9860980926518117,-2.2930378942403893,2.360389553757609,1.9860980926518117,0.34825244729533483,3015.417744405962,721.022212677171,86.17404523537868,46.90144337221722,2.9888744560854694,8.233530097068684,0.8883464297213035,12.485,2.302,100.0,healthy,0.0,1.0,scenario_rapid_throttle_transition,scenario_rapid_throttle_transition.csv,0,rapid_throttle_transition,0
1780420004.0,4.0,580.7469817271115,0.7469817271114205,580.6269817271115,0.0,0.4578760571700614,0.4653572352295365,357.37594505618756,0.43655049682411573,2.015129364374552,357.37594505618756,0.35141083594459027,2966.350174218072,765.5409264456389,84.01074453718097,33.43119920623566,1.979417459667209,4.013555747966428,0.9141515708261224,12.486,2.114,100.0,healthy,0.0,1.0,scenario_rapid_throttle_transition,scenario_rapid_throttle_transition.csv,0,rapid_throttle_transition,0
1780420004.25,4.25,580.8627782272617,0.8627782272617935,580.7427782272617,0.0,0.4338404260858372,0.42415191140731,3.9952881789219603,1.8331381619948366,1.1643979605806032,3.9952881789219603,0.3517145005069963,3257.902851969951,719.3217656007412,53.42328496859419,55.386618246597415,3.168723847617803,8.03688021655567,1.012929140714248,12.582,2.083,100.0,healthy,0.0,1.0,scenario_rapid_throttle_transition,scenario_rapid_throttle_transition.csv,0,rapid_throttle_transition,0
1780420004.5,4.5,580.8965166539354,0.8965166539353755,580.7765166539353,0.0,0.4120405717563863,0.3975406079764463,355.9539447904671,0.012860089342092262,2.2235063470198275,355.9539447904671,0.3526935768102026,3105.6802890410318,719.2983701060812,68.23640153072957,51.07081165848944,3.33129386238803,10.375197043739533,1.0035049823788489,12.527,2.225,100.0,healthy,0.0,1.0,scenario_rapid_throttle_transition,scenario_rapid_throttle_transition.csv,0,rapid_throttle_transition,0
1780420004.75,4.75,580.0,0.0,579.88,0.0,0.46997365832885574,0.49235408747033926,7.775169049591067,0.2785624884539786,1.5890995088370563,7.775169049591067,0.3554093762887395,2712.1933086541476,759.5017755956359,83.25188961152445,67.69016731934113,3.074165529841556,10.002570559973064,0.8659025280882848,12.534,1.897,100.0,healthy,0.0,1.0,scenario_rapid_throttle_transition,scenario_rapid_throttle_transition.csv,0,rapid_throttle_transition,0
1780420005.0,5.0,580.6768343000584,0.6768343000583859,580.5568343000584,0.0,0.5050757293977963,0.4910565301411105,354.87515965689545,0.2748935002882007,2.65873157622808,354.87515965689545,0.3512411286129114,2678.719885469523,809.7124613451509,81.70743987534006,26.7046255725282,2.826352380587061,6.686269492548914,0.9294160569287068,12.445,2.018,100.0,healthy,0.0,1.0,scenario_rapid_throttle_transition,scenario_rapid_throttle_transition.csv,0,rapid_throttle_transition,0
1780420005.25,5.25,580.0,0.0,579.88,0.0,0.45318458491463376,0.43575246606251367,351.373721856939,-1.142467139007947,2.837670146009973,351.373721856939,0.3490723071438139,3812.959084866117,763.0244142489878,85.06651443422601,71.81581463950543,2.0826842981760487,7.717310169927659,1.0335659591961364,12.527,2.061,100.0,healthy,0.0,1.0,scenario_rapid_throttle_transition,scenario_rapid_throttle_transition.csv,0,rapid_throttle_transition,0
1780420005.5,5.5,581.6650241701294,1.665024170129437,581.5450241701294,0.0,0.43611389529372757,0.4143819595222364,6.905539640882852,1.4032108218462058,1.819278418259933,6.905539640882852,0.35299333065363964,3473.972294641686,773.0703183914981,68.49642014983428,39.613278909651754,2.421163192737315,6.663831873323895,0.8411085217059505,12.468,2.051,100.0,healthy,0.0,1.0,scenario_rapid_throttle_transition,scenario_rapid_throttle_transition.csv,0,rapid_throttle_transition,0
1780420005.75,5.75,580.8285110832805,0.8285110832805112,580.7085110832805,0.0,0.4337963377356365,0.424931935257679,357.2486408605355,0.5282179018887212,2.343934196646863,357.2486408605355,0.354281954943353,2490.510152316446,791.507721555963,81.52155446080843,45.13364905537929,2.9819370590382945,10.369178330008573,0.8157547725146218,12.532,2.161,100.0,healthy,0.0,1.0,scenario_rapid_throttle_transition,scenario_rapid_throttle_transition.csv,0,rapid_throttle_transition,0
1780420006.0,6.0,580.3839743810383,0.3839743810383195,580.2639743810383,0.0,0.4707234482764401,0.46800077440441584,356.9864269387161,1.2230902427829515,1.4811402063348995,356.9864269387161,0.357650674435636,3604.006325655424,733.157561226549,63.691412847392826,65.33455216640476,3.007219821180588,8.359917512522838,0.8250593179098699,12.55,2.239,100.0,healthy,0.0,1.0,scenario_rapid_throttle_transition,scenario_rapid_throttle_transition.csv,0,rapid_throttle_transition,0
1780420006.25,6.25,580.1718471838053,0.17184718380525638,580.0518471838053,0.0,0.4349505720632075,0.4338691259326461,3.672901818125788,0.8898107353917961,2.2600304590596627,3.672901818125788,0.35460288833697323,2730.184893910523,716.3319550798143,68.24216139107826,38.6313676791971,3.2598423147450886,8.385220391168406,0.8006223136640666,12.507,2.055,100.0,healthy,0.0,1.0,scenario_rapid_throttle_transition,scenario_rapid_throttle_transition.csv,0,rapid_throttle_transition,0
1780420006.5,6.5,581.7492803364236,1.7492803364235963,581.6292803364236,0.0,0.4690351116326662,0.4538330589899251,3.3516202578465513,-0.5350461726534907,2.3659954717151295,3.3516202578465513,0.3537966805612645,3361.971197733679,795.1010725718544,57.63385928863127,50.74727999565254,2.7189451144557117,8.16719985870847,0.9217059870080303,12.48,2.156,100.0,healthy,0.0,1.0,scenario_rapid_throttle_transition,scenario_rapid_throttle_transition.csv,0,rapid_throttle_transition,0
1780420006.75,6.75,580.0,0.0,579.88,0.0,0.4809628077559759,0.4832652705338298,353.233371868561,-0.1010100848677955,1.2548243853628451,353.233371868561,0.35655841868736465,3246.4068978561454,768.3146343168236,46.16722206736008,67.19523884580195,2.707080026991521,12.825810754391238,0.8686734241020059,12.561,1.992,100.0,healthy,0.0,1.0,scenario_rapid_throttle_transition,scenario_rapid_throttle_transition.csv,0,rapid_throttle_transition,0
1780420007.0,7.0,580.701978787601,0.7019787876010217,580.581978787601,0.0,0.4697040574451355,0.47159002362837144,4.2740561734951985,1.2060475189254403,1.8105231396688872,4.2740561734951985,0.35613031591506245,3163.375157023883,794.6811858275662,72.8297740899562,35.35749569107963,2.558132205770947,7.115253251413274,0.9794914675274954,12.523,2.036,100.0,healthy,0.0,1.0,scenario_rapid_throttle_transition,scenario_rapid_throttle_transition.csv,0,rapid_throttle_transition,0
1780420007.25,7.25,580.0,0.0,579.88,0.0,0.47867243635446405,0.45502104380615077,1.2069048184013549,0.40074129068391995,0.7733779811742576,1.2069048184013549,0.35248392291458025,2559.013385291057,727.9987752581299,65.97127511619613,53.95503255177572,3.070237972668139,10.802949787866417,0.8608397241412342,12.446,2.216,100.0,healthy,0.0,1.0,scenario_rapid_throttle_transition,scenario_rapid_throttle_transition.csv,0,rapid_throttle_transition,0
1780420007.5,7.5,580.856665957778,0.8566659577780291,580.736665957778,0.0,0.553873128094515,0.548573485517391,6.021904208180204,1.0371926923336467,1.4267819806453055,6.021904208180204,0.3554847480259817,2568.501556066009,777.8411866830221,48.07006957130449,45.61868919093232,2.783583354743456,9.915365369048775,0.9029889807631459,12.544,2.186,100.0,healthy,0.0,1.0,scenario_rapid_throttle_transition,scenario_rapid_throttle_transition.csv,0,rapid_throttle_transition,0
1780420007.75,7.75,582.2485045595325,2.2485045595325803,582.1285045595325,0.0,0.5571578471506579,0.550423269399334,357.7376352353907,0.5917804286134702,2.1829324464962667,357.7376352353907,0.351653251618456,3555.0133479151305,749.6598277994073,69.19025594963087,46.273194290205694,2.599928292944683,7.670955437865789,0.9268613884398775,12.497,1.89,100.0,healthy,0.0,1.0,scenario_rapid_throttle_transition,scenario_rapid_throttle_transition.csv,0,rapid_throttle_transition,0
1780420008.0,8.0,580.4485234799787,0.4485234799786927,580.3285234799787,0.0,0.5241951182728319,0.4990536729181537,0.0788295926144168,-0.07035352225421265,2.2832179962219907,0.0788295926144168,0.3499730864469104,3645.767325530376,759.6841841879561,86.98717370967036,50.48457225409051,2.3990611004512714,5.209069035184823,0.8423414500234329,12.517,2.012,100.0,healthy,0.0,1.0,scenario_rapid_throttle_transition,scenario_rapid_throttle_transition.csv,0,rapid_throttle_transition,0
1780420008.25,8.25,580.2083765753368,0.20837657533680343,580.0883765753368,0.0,0.5695662935697102,0.5796673972543134,4.351816574319261,1.4264608859688968,1.8447956299798756,4.351816574319261,0.3481880783423214,2688.667390044191,757.1786595297624,60.310229136502564,34.28672274455844,2.390863679539185,11.402988261107563,1.0182335035701324,12.545,2.044,100.0,healthy,0.0,1.0,scenario_rapid_throttle_transition,scenario_rapid_throttle_transition.csv,0,rapid_throttle_transition,0
1780420008.5,8.5,580.0,0.0,579.88,0.0,0.5378202798668884,0.5339683041702171,357.34923624781067,2.667762326695114,2.025504145406516,357.34923624781067,0.35055782145592673,2935.3984946860974,719.3915038333299,94.87976859983696,63.34865120556675,2.9920279706175545,5.879983453896823,1.087604276805609,12.539,1.971,100.0,healthy,0.0,1.0,scenario_rapid_throttle_transition,scenario_rapid_throttle_transition.csv,0,rapid_throttle_transition,0
1780420008.75,8.75,580.0,0.0,579.88,0.0,0.513744815925492,0.5128970087425081,2.7724737471299314,1.733896463094442,1.814846733976202,2.7724737471299314,0.35361821491072465,3803.1032633947743,793.3482930065813,64.80878057612317,59.811486472886465,2.278893721379718,5.0027681469167185,0.9720038903468472,12.421,2.148,100.0,healthy,0.0,1.0,scenario_rapid_throttle_transition,scenario_rapid_throttle_transition.csv,0,rapid_throttle_transition,0
1780420009.0,9.0,580.4050531608943,0.40505316089439475,580.2850531608943,0.0,0.5826965168543292,0.5659218407971524,358.98167069095575,1.2772355237440438,2.1471232156235738,358.98167069095575,0.35202169176696424,3226.92652885209,745.2093855081956,80.4564778719291,44.19911277508631,2.2922196483271806,8.991637118990509,0.9063001701966966,12.452,2.194,100.0,healthy,0.0,1.0,scenario_rapid_throttle_transition,scenario_rapid_throttle_transition.csv,0,rapid_throttle_transition,0
1780420009.25,9.25,580.0,0.0,579.88,0.0,0.5463947587194957,0.5311829319604506,1.5225036616255974,0.608746378134431,1.3730074526682323,1.5225036616255974,0.35065079574984104,2714.0883958860586,766.440494488643,68.51256555370286,47.82704048543875,2.357260082776827,8.488326549121862,0.7971294257433031,12.481,1.997,100.0,healthy,0.0,1.0,scenario_rapid_throttle_transition,scenario_rapid_throttle_transition.csv,0,rapid_throttle_transition,0
1780420009.5,9.5,580.0734453489476,0.07344534894765568,579.9534453489476,0.0,0.570171233497811,0.5722160936359084,2.9683833962606374,1.6098663109207891,2.0374029787068806,2.9683833962606374,0.35186603637375585,2725.714262710353,749.8293965531734,70.4925592376744,39.345181410808195,2.654777652865506,6.627675615802182,0.9199554319390539,12.464,2.104,100.0,healthy,0.0,1.0,scenario_rapid_throttle_transition,scenario_rapid_throttle_transition.csv,0,rapid_throttle_transition,0
1780420009.75,9.75,584.0116542888771,4.01165428887718,583.8916542888771,0.0,0.6538478809561679,0.6573367456932958,359.461257646242,2.218893806294421,2.0005187361750907,359.461257646242,0.3541538415014314,3598.121183965178,733.3215647788053,68.72113842140247,57.177346398758246,2.8604709079111874,8.52576523205149,0.9706523871286872,12.487,2.036,100.0,healthy,0.0,1.0,scenario_rapid_throttle_transition,scenario_rapid_throttle_transition.csv,0,rapid_throttle_transition,0
1780420010.0,10.0,580.0,0.0,579.88,0.0,0.6737440365399591,0.6450480767553286,357.49734135786275,0.9336429650871056,2.204500808731169,357.49734135786275,0.35743160500082805,3515.957865309127,729.8762686368418,52.507579846618796,53.14068238288359,2.780324084884087,9.018035133220943,1.0064628057180571,12.483,2.17,100.0,healthy,0.0,1.0,scenario_rapid_throttle_transition,scenario_rapid_throttle_transition.csv,0,rapid_throttle_transition,0
1780420010.25,10.25,580.0,0.0,579.88,0.0,0.7538268720242183,0.7391559118583327,8.915405377711906,0.46951816642571453,2.1411068721411506,8.915405377711906,0.3559488152882442,3569.151438576255,790.1647171970712,91.04892841282191,33.23099048987378,2.37993780608517,8.78149241706139,1.0177864305445907,12.446,1.995,100.0,healthy,0.0,1.0,scenario_rapid_throttle_transition,scenario_rapid_throttle_transition.csv,0,rapid_throttle_transition,0
1780420010.5,10.5,580.0,0.0,579.88,0.0,0.8231567486820189,0.8010530337113474,359.3483807563331,1.337203513585749,1.5325225420218465,359.3483807563331,0.35810922096384895,3227.3367248676805,774.1861277437602,65.56635756407373,44.41903161004028,2.802821222010778,9.171055290855014,1.0093601338406246,12.42,1.949,100.0,healthy,0.0,1.0,scenario_rapid_throttle_transition,scenario_rapid_throttle_transition.csv,0,rapid_throttle_transition,0
1780420010.75,10.75,580.3919468459909,0.3919468459908828,580.2719468459909,0.0,0.8690176362603093,0.8522987634756707,3.392872600182849,2.6081208394189463,1.3387226945987833,3.392872600182849,0.36158976597480563,3335.547000455155,727.5383221054803,52.905233676441554,62.63904449407167,2.6088454805938,5.347896860870467,0.889581594773637,12.494,1.974,100.0,healthy,0.0,1.0,scenario_rapid_throttle_transition,scenario_rapid_throttle_transition.csv,0,rapid_throttle_transition,0
1780420011.0,11.0,582.7707949333156,2.770794933315649,582.6507949333156,0.0,0.8329198204738437,0.798880626851863,3.978804842248437,1.5916034358976245,1.7536076904461986,3.978804842248437,0.3597274611484371,2928.2595828599347,716.7658580273567,90.29850778478006,45.44525347806622,2.6169276388184306,8.480809035009708,1.0047629058111645,12.472,1.881,100.0,healthy,0.0,1.0,scenario_rapid_throttle_transition,scenario_rapid_throttle_transition.csv,0,rapid_throttle_transition,0
1780420011.25,11.25,580.0,0.0,579.88,0.0,0.8670614686217512,0.8316196726708345,358.1965223714543,1.8525268361722536,2.680420179270524,358.1965223714543,0.3637376422491737,2718.732533179153,755.6096484846954,76.08437550316651,51.21063673671517,2.3867843900052876,5.614154067636804,0.7762300807952,12.469,2.183,100.0,healthy,0.0,1.0,scenario_rapid_throttle_transition,scenario_rapid_throttle_transition.csv,0,rapid_throttle_transition,0
1780420011.5,11.5,580.0,0.0,579.88,0.0,0.9220921221190643,0.9132561796148522,10.805416594274838,1.6329745929276598,1.2536148833763754,10.805416594274838,0.36480772956233376,2876.5077181810543,793.9506271151319,61.185625597424824,79.92720028396201,2.923122090454428,5.928017510423178,0.8553576029717616,12.481,2.043,100.0,healthy,0.0,1.0,scenario_rapid_throttle_transition,scenario_rapid_throttle_transition.csv,0,rapid_throttle_transition,0
1780420011.75,11.75,580.0,0.0,579.88,0.0,0.8935987829476465,0.9358791248250286,0.6853202536178713,2.238616995341901,1.6805387968357792,0.6853202536178713,0.36376315465262377,2756.295666923655,727.1867806195036,93.58193001382173,35.811931525256,2.371393125769089,9.336758176400469,1.0199396695654077,12.466,2.063,100.0,healthy,0.0,1.0,scenario_rapid_throttle_transition,scenario_rapid_throttle_transition.csv,0,rapid_throttle_transition,0
1780420012.0,12.0,582.1328773298051,2.1328773298050745,582.0128773298051,0.0,0.9125506260635681,0.8918745008280962,356.6984900282375,0.6778524234396712,1.8173075809999024,356.6984900282375,0.3607962716257717,3009.5195001966567,753.238133262143,109.72040851242181,49.374764158016994,2.6048144394547257,8.793965953551453,0.9690914692549611,12.374,2.107,100.0,healthy,0.0,1.0,scenario_rapid_throttle_transition,scenario_rapid_throttle_transition.csv,0,rapid_throttle_transition,0
1780420012.25,12.25,580.0,0.0,579.88,0.0,0.9759266075547073,0.9562671369403092,2.7912843185566993,2.395681333937408,1.6824362445482814,2.7912843185566993,0.35990789087636094,3687.9818183656566,700.7332394078078,69.42830498470967,57.33155944860504,2.5639358528430507,9.09224950929934,0.8415087922641122,12.337,1.908,100.0,healthy,0.0,1.0,scenario_rapid_throttle_transition,scenario_rapid_throttle_transition.csv,0,rapid_throttle_transition,0
1780420012.5,12.5,582.3860828999485,2.3860828999484673,582.2660828999485,0.0,0.9427084909524762,0.9686843025835876,0.14879573106508204,2.697692680543204,1.5781346387468753,0.14879573106508204,0.3599715757530043,2817.161652559,751.2222508608459,50.637773715168564,45.73501384470835,2.4842417063891418,9.057230743283885,0.9689422158003866,12.517,2.049,100.0,healthy,0.0,1.0,scenario_rapid_throttle_transition,scenario_rapid_throttle_transition.csv,0,rapid_throttle_transition,0
1780420012.75,12.75,580.6714033742759,0.6714033742758965,580.5514033742759,0.0,0.975549721549385,0.97134784105406,356.90157800894514,2.692009885924831,1.0824579904312763,356.90157800894514,0.3592310600329446,2468.7357220270114,790.6026056372822,27.088286447072093,47.33288080465693,2.7636626481988342,5.543445103821708,0.9204685516561448,12.486,1.997,100.0,healthy,0.0,1.0,scenario_rapid_throttle_transition,scenario_rapid_throttle_transition.csv,0,rapid_throttle_transition,0
1780420013.0,13.0,580.1796982219614,0.17969822196144566,580.0596982219614,0.0,0.946014831127737,0.9667058239364383,3.866940418980878,0.3387541360897839,1.5954047132638072,3.866940418980878,0.3607314737773854,2132.4103559019813,771.2421719187512,57.226730951770215,67.07854730966584,2.383793365965444,5.004263199791373,1.0176742349943715,12.394,2.139,100.0,healthy,0.0,1.0,scenario_rapid_throttle_transition,scenario_rapid_throttle_transition.csv,0,rapid_throttle_transition,0
1780420013.25,13.25,580.0,0.0,579.88,0.0,1.0124092886590204,1.0423911281496094,2.5143259097231985,0.47937234183583266,2.299459917828788,2.5143259097231985,0.3619474897962062,3212.378919783176,803.1076629843225,70.93493887668512,45.591047543094035,2.8230033859249537,5.512895790540797,0.8004836418287143,12.482,2.198,100.0,healthy,0.0,1.0,scenario_rapid_throttle_transition,scenario_rapid_throttle_transition.csv,0,rapid_throttle_transition,0
1780420013.5,13.5,580.0,0.0,579.88,0.0,1.0279793025369899,1.0026886822331937,5.016675602430192,3.4257715342014547,2.3968716451826797,5.016675602430192,0.3592070406072183,2522.447854223362,737.8976375821312,74.83223045276513,55.251680853736104,3.0756522632010452,6.271327883559719,0.9322929172601722,12.502,2.17,100.0,healthy,0.0,1.0,scenario_rapid_throttle_transition,scenario_rapid_throttle_transition.csv,0,rapid_throttle_transition,0
1780420013.75,13.75,581.1422731019761,1.1422731019761654,581.0222731019761,0.0,0.9989488932126357,0.9726970858924315,358.1211556852929,1.9891218848893677,1.6534698523125768,358.1211556852929,0.36098089013364504,2360.664594286357,733.9473753378334,77.20020322598383,35.623658186755556,2.5168455090588586,7.016230072388396,0.9500760788961723,12.436,2.045,100.0,healthy,0.0,1.0,scenario_rapid_throttle_transition,scenario_rapid_throttle_transition.csv,0,rapid_throttle_transition,0
1780420014.0,14.0,580.619578735815,0.61957873581497,580.499578735815,0.0,0.9902882619661001,0.969115319751134,1.76937187244006,2.046743901685611,0.6866951494711528,1.76937187244006,0.36515716735929366,3767.136549125546,752.2128125506578,68.04509464824027,66.79922393878644,2.5529747229354296,5.166058696420057,1.0272481306576446,12.429,2.028,100.0,healthy,0.0,1.0,scenario_rapid_throttle_transition,scenario_rapid_throttle_transition.csv,0,rapid_throttle_transition,0
1780420014.25,14.25,580.0,0.0,579.88,0.0,1.0297333560423307,0.987528022590072,355.9200678078382,1.429889982998815,2.590756078821559,355.9200678078382,0.3660406136685003,3645.050238092716,750.6377412634891,46.38908069893623,60.13165188881211,2.377191648679676,11.192120836155304,0.8565937933780876,12.471,2.274,100.0,healthy,0.0,1.0,scenario_rapid_throttle_transition,scenario_rapid_throttle_transition.csv,0,rapid_throttle_transition,0
1780420014.5,14.5,582.8852411812132,2.8852411812132437,582.7652411812132,0.0,1.0018987611237635,0.9857396623833584,355.43364778539114,0.950288075618916,2.33487107670074,355.43364778539114,0.36331802994012,2143.587498025375,740.0771438835343,33.72985995455819,45.56083365428705,2.892767394072688,7.069948527934389,0.9644867069673928,12.58,2.273,100.0,healthy,0.0,1.0,scenario_rapid_throttle_transition,scenario_rapid_throttle_transition.csv,0,rapid_throttle_transition,0
1780420014.75,14.75,580.0,0.0,579.88,0.0,1.048910506984603,1.0577801038451569,358.8913502315707,0.9367390134117928,1.840457321808139,358.8913502315707,0.36632793163040905,4002.816042455949,829.602949111635,65.88260429309189,54.917506095771294,2.478119443407561,8.67963977704273,0.9099180290001201,12.546,1.903,100.0,healthy,0.0,1.0,scenario_rapid_throttle_transition,scenario_rapid_throttle_transition.csv,0,rapid_throttle_transition,0
1780420015.0,15.0,581.2058019899608,1.2058019899607921,581.0858019899608,0.0,1.0346371916567776,0.9973671816418032,5.584359413299392,0.2530061642435406,1.7944789262193688,5.584359413299392,0.36310225145191216,4016.706973733013,767.2369991277952,35.76350873239201,40.47692434308381,2.7938373600952073,9.371123406350236,1.001773184766135,12.481,2.063,100.0,healthy,0.0,1.0,scenario_rapid_throttle_transition,scenario_rapid_throttle_transition.csv,0,rapid_throttle_transition,0
1780420015.25,15.25,581.0135196264706,1.0135196264706512,580.8935196264706,0.0,1.0112543383357189,1.0019625174144853,5.501804282860318,2.31415636483049,2.5065121450756718,5.501804282860318,0.3664062828352591,3200.617375858209,719.1764807260195,79.1397897907958,49.64423518088397,1.9826076289786383,5.404574980991054,0.987508751151848,12.507,2.108,100.0,healthy,0.0,1.0,scenario_rapid_throttle_transition,scenario_rapid_throttle_transition.csv,0,rapid_throttle_transition,0
1780420015.5,15.5,580.0,0.0,579.88,0.0,1.028226302090683,1.0640119899285672,3.6593385077302694,2.4975623003227767,2.1080827018306016,3.6593385077302694,0.3653307427013095,3948.5879472241227,742.0057654314448,93.23350170341654,62.0752870928083,1.9048437469307251,6.913960737867537,0.8718486744577275,12.515,2.028,100.0,healthy,0.0,1.0,scenario_rapid_throttle_transition,scenario_rapid_throttle_transition.csv,0,rapid_throttle_transition,0
1780420015.75,15.75,580.7464121195554,0.7464121195554146,580.6264121195554,0.0,1.086473277543414,1.1299899042474835,0.7192556175101377,2.2404050675159293,3.1797629909486735,0.7192556175101377,0.36158105010953934,2768.345035919719,759.1084742381505,80.77480677977965,46.64939220845042,2.724492275469526,8.730543203744734,0.8681333252502262,12.594,2.107,100.0,healthy,0.0,1.0,scenario_rapid_throttle_transition,scenario_rapid_throttle_transition.csv,0,rapid_throttle_transition,0
1780420016.0,16.0,580.0,0.0,579.88,0.0,1.0625300047771533,1.088213273598175,2.98506569965227,2.628274045313781,2.087212008571016,2.98506569965227,0.359160075334758,3186.1787698646303,775.4857803174336,69.64099781995161,48.567315641739015,3.3467887907121194,8.9262294420295,0.9277529696912351,12.482,1.926,100.0,healthy,0.0,1.0,scenario_rapid_throttle_transition,scenario_rapid_throttle_transition.csv,0,rapid_throttle_transition,0
1780420016.25,16.25,580.638794308113,0.6387943081130624,580.518794308113,0.0,1.0395493916520744,1.0293220193300214,6.0850704587523845,-0.04414630762568139,2.401015786192016,6.0850704587523845,0.3599188475058528,3288.842651528314,692.0713357979964,70.75545646765458,72.04358675849483,2.9213911561568056,10.352353711955818,0.8497015130570633,12.472,1.993,100.0,healthy,0.0,1.0,scenario_rapid_throttle_transition,scenario_rapid_throttle_transition.csv,0,rapid_throttle_transition,0
1780420016.5,16.5,581.894796133846,1.8947961338459818,581.7747961338459,0.0,1.0156961957956754,1.0264043549054114,1.0360798539562972,4.275473592672984,1.3508481126574878,1.0360798539562972,0.36381569086440624,3668.758104311289,776.7700751246687,84.60246641512462,55.035569664263505,2.4910165075058037,6.479058342325443,0.8040078425777746,12.54,2.197,100.0,healthy,0.0,1.0,scenario_rapid_throttle_transition,scenario_rapid_throttle_transition.csv,0,rapid_throttle_transition,0
1780420016.75,16.75,580.0,0.0,579.88,0.0,1.0729926318509917,1.035721044419492,359.9342878411695,2.694483753899531,2.355135015193709,359.9342878411695,0.3662914917139979,2722.1795278241316,765.1649479773553,90.47689550774328,52.56691875505583,3.067877309069678,6.372936230483971,0.9468268561711738,12.511,2.098,100.0,healthy,0.0,1.0,scenario_rapid_throttle_transition,scenario_rapid_throttle_transition.csv,0,rapid_throttle_transition,0
1780420017.0,17.0,581.6197700138141,1.6197700138140552,581.4997700138141,0.0,1.0516811485906383,1.0780030713685005,6.640533998115449,2.3793490658125056,1.4615751382372038,6.640533998115449,0.36909304832275264,3737.295840223984,784.4928305745196,80.28492406165331,36.31180001226827,2.4159454301858516,7.135820207056185,0.903489270414188,12.435,2.256,100.0,healthy,0.0,1.0,scenario_rapid_throttle_transition,scenario_rapid_throttle_transition.csv,0,rapid_throttle_transition,0
1780420017.25,17.25,580.0,0.0,579.88,0.0,1.0917881937543998,1.1435986315131113,4.678932368786066,2.127617130561647,1.218315293105877,4.678932368786066,0.36784973548819244,3089.5094443117205,768.2670615381946,96.70648777336784,52.04152346657599,2.9346050113386593,9.82458486476707,0.8597286960511796,12.523,1.994,100.0,healthy,0.0,1.0,scenario_rapid_throttle_transition,scenario_rapid_throttle_transition.csv,0,rapid_throttle_transition,0
1780420017.5,17.5,581.3347406943136,1.334740694313648,581.2147406943136,0.0,1.0638331842055733,1.0532782934809692,358.2168588512902,2.1434636189438403,2.5303938195911204,358.2168588512902,0.3690680551112739,3885.060843262546,736.7998514301584,70.750468816882,58.93414702178072,2.699911424091484,6.821230632869394,0.9187840815628692,12.549,2.285,100.0,healthy,0.0,1.0,scenario_rapid_throttle_transition,scenario_rapid_throttle_transition.csv,0,rapid_throttle_transition,0
1780420017.75,17.75,580.0,0.0,579.88,0.0,1.0869171597465361,1.0621466267458306,357.59663794097867,2.53502208745666,2.1139728423789212,357.59663794097867,0.3667939170583962,3329.084713881603,744.8863777401974,86.08307284787713,47.276145194257566,2.223269845014443,7.795552710055656,0.9094926516289159,12.464,2.019,100.0,healthy,0.0,1.0,scenario_rapid_throttle_transition,scenario_rapid_throttle_transition.csv,0,rapid_throttle_transition,0
1780420018.0,18.0,580.0,0.0,579.88,0.0,1.0919575542145286,1.0381990736556295,5.354604179712755,1.9037998649522188,1.357878225385144,5.354604179712755,0.36655418019290736,3207.7307161324043,745.73441754761,59.14845532619757,55.48245520041339,2.618206871056417,6.339210817082353,0.9111939316705564,12.527,2.166,100.0,healthy,0.0,1.0,scenario_rapid_throttle_transition,scenario_rapid_throttle_transition.csv,0,rapid_throttle_transition,0
1780420018.25,18.25,580.0,0.0,579.88,0.0,1.0662054447581442,1.0148934053553118,2.833967977910991,2.2454013913219106,1.7819217705754973,2.833967977910991,0.3654526459831314,3436.147620856539,758.9609372611565,61.20933942259057,36.92811430588456,3.131989822829063,4.4400455029278945,0.9230220450692537,12.582,2.019,100.0,healthy,0.0,1.0,scenario_rapid_throttle_transition,scenario_rapid_throttle_transition.csv,0,rapid_throttle_transition,0
1780420018.5,18.5,580.0839610849782,0.08396108497821471,579.9639610849782,0.0,1.1119596788245194,1.1502649506344813,1.2727977386515192,1.1397570950830131,2.224997207414982,1.2727977386515192,0.3664535999588968,3095.626167166256,731.649948338532,74.75301218068239,52.86739352864966,2.5148962907018104,12.200753623482495,0.8112185745694971,12.561,2.017,100.0,healthy,0.0,1.0,scenario_rapid_throttle_transition,scenario_rapid_throttle_transition.csv,0,rapid_throttle_transition,0
1780420018.75,18.75,580.0,0.0,579.88,0.0,1.127314653566956,1.0975838544485121,5.216068766797641,1.429600974518153,2.7836691191063503,5.216068766797641,0.3652768635418089,3139.733929835786,751.0326289620193,81.26319435557355,45.04894934719722,2.7705597990089634,3.820687608419444,0.9122493821087453,12.514,2.166,100.0,healthy,0.0,1.0,scenario_rapid_throttle_transition,scenario_rapid_throttle_transition.csv,0,rapid_throttle_transition,0
1780420019.0,19.0,581.3860411135444,1.3860411135443873,581.2660411135444,0.0,1.193354250292078,1.2082141097671697,359.91988896619176,2.7791856419639,1.2150391775285843,359.91988896619176,0.3665647831099783,3060.0655408920193,745.1678189607647,75.0341350341211,36.76374851676525,2.797129018543922,4.892222336417662,0.7497529303097135,12.441,2.138,100.0,healthy,0.0,1.0,scenario_rapid_throttle_transition,scenario_rapid_throttle_transition.csv,0,rapid_throttle_transition,0
1780420019.25,19.25,580.0,0.0,579.88,0.0,1.2004831255245716,1.2142896884832388,7.361304804806293,2.3848040019794845,1.7886304033814504,7.361304804806293,0.3664934479056401,3324.547487987769,758.0078964566744,78.00527195362415,40.45592548327172,2.768867059909775,7.9163118990892745,0.9314624617682958,12.439,2.111,100.0,healthy,0.0,1.0,scenario_rapid_throttle_transition,scenario_rapid_throttle_transition.csv,0,rapid_throttle_transition,0
1780420019.5,19.5,580.0,0.0,579.88,0.0,1.2671775727595969,1.247338358839686,7.40360432750783,2.481757676935782,3.0194438336371445,7.40360432750783,0.3673545229913478,3552.0994964961374,741.2196983053419,81.47166298887625,34.35036442793093,2.6207964925914817,10.919216464108104,0.9401354929014903,12.436,2.154,100.0,healthy,0.0,1.0,scenario_rapid_throttle_transition,scenario_rapid_throttle_transition.csv,0,rapid_throttle_transition,0
1780420019.75,19.75,580.0,0.0,579.88,0.0,1.2875065902147858,1.235298963728064,1.3564649156449393,1.1179538383729306,1.3847019028719503,1.3564649156449393,0.36724097627334884,3471.9917646781873,743.5638794076563,70.74572659560802,44.14356616308219,2.9753526836093536,6.956806949510952,0.9630718394274054,12.476,2.044,100.0,healthy,0.0,1.0,scenario_rapid_throttle_transition,scenario_rapid_throttle_transition.csv,0,rapid_throttle_transition,0
1780420020.0,20.0,580.0,0.0,579.88,0.0,1.3336785597231955,1.392093973990441,5.6502927154821805,2.0424313277305544,1.3665754458510517,5.6502927154821805,0.3694542940570638,3887.3118250979855,728.6502450174208,60.71307758584427,65.57572049874193,2.977965375345182,10.26561604129539,1.0456943373179743,12.539,2.171,100.0,healthy,0.0,1.0,scenario_rapid_throttle_transition,scenario_rapid_throttle_transition.csv,0,rapid_throttle_transition,0
1780420020.25,20.25,583.551754588051,3.5517545880510735,583.431754588051,0.0,1.3981702129673939,1.3962506540186712,4.469235788077362,1.9852252153138241,2.2807246821213285,4.469235788077362,0.37108382988174216,2495.1778384652143,756.8916775862924,45.83455314718229,33.530433701284196,2.711004979823723,6.8230270383980685,0.9591734820090254,12.498,2.182,100.0,healthy,0.0,1.0,scenario_rapid_throttle_transition,scenario_rapid_throttle_transition.csv,0,rapid_throttle_transition,0
1780420020.5,20.5,580.3607805593465,0.360780559346529,580.2407805593465,0.0,1.4606238531529565,1.509020902495402,3.9947743147901225,1.9118720647805414,1.7366519767659778,3.9947743147901225,0.36786355975848145,3765.8292611398465,787.9151380624577,90.73192333235703,29.00831322702154,3.0779200958612356,9.1577357844047,0.9281025597019934,12.404,2.174,100.0,healthy,0.0,1.0,scenario_rapid_throttle_transition,scenario_rapid_throttle_transition.csv,0,rapid_throttle_transition,0
1780420020.75,20.75,580.5509594596344,0.5509594596343976,580.4309594596344,0.0,1.4991851288267843,1.4793720418198815,354.90720566121985,1.822999850554163,3.0061237375500474,354.90720566121985,0.3676107929260593,3581.562878439437,762.2489236571876,91.16210787087131,46.803924706476664,3.320648849164,6.0789879295923335,0.9550262834584431,12.63,2.025,100.0,healthy,0.0,1.0,scenario_rapid_throttle_transition,scenario_rapid_throttle_transition.csv,0,rapid_throttle_transition,0
1780420021.0,21.0,581.6592317346871,1.6592317346870646,581.5392317346871,0.0,1.4886619836063668,1.4295010277822715,358.7699821464294,3.5194915412931187,2.5251900146103194,358.7699821464294,0.36781526016156285,2844.3281404605264,782.7180024237518,103.75263761538879,46.49646729364418,2.8447101016833756,7.531302186152956,0.9236104207899899,12.414,2.082,100.0,healthy,0.0,1.0,scenario_rapid_throttle_transition,scenario_rapid_throttle_transition.csv,0,rapid_throttle_transition,0
1780420021.25,21.25,580.0,0.0,579.88,0.0,1.555319865790664,1.6322343760824658,359.4821525356318,2.6548627788135475,2.0199697553834546,359.4821525356318,0.36652117825964553,3875.0343625037767,777.6841465106467,87.31501018562132,59.71106327668186,2.709832572039159,6.709874335800729,0.9460531592418425,12.486,2.133,100.0,healthy,0.0,1.0,scenario_rapid_throttle_transition,scenario_rapid_throttle_transition.csv,0,rapid_throttle_transition,0
1780420021.5,21.5,580.0,0.0,579.88,0.0,1.6099672953790172,1.5422240206797702,2.573978265232107,3.3712226095301276,1.9265640479532606,2.573978265232107,0.37062881258715835,2789.8516637855573,720.6609310757922,81.70865776600412,59.1902037674812,3.0327670346689835,5.684800543072756,1.0047231802414138,12.589,1.973,100.0,healthy,0.0,1.0,scenario_rapid_throttle_transition,scenario_rapid_throttle_transition.csv,0,rapid_throttle_transition,0
1780420021.75,21.75,580.0,0.0,579.88,0.0,1.5741820027106017,1.5766024224880197,1.8743412582090806,3.7645390411488346,2.8184060461441787,1.8743412582090806,0.3711993080928075,3015.988329070796,754.6538362167942,86.7750270566112,63.84829386462623,2.8930408064689255,9.372961699647258,0.8383408335502961,12.495,2.184,100.0,healthy,0.0,1.0,scenario_rapid_throttle_transition,scenario_rapid_throttle_transition.csv,0,rapid_throttle_transition,0
1780420022.0,22.0,580.0,0.0,579.88,0.0,1.6032935059421702,1.5857300240235048,2.128128018904154,2.2964091105554316,2.74132103622639,2.128128018904154,0.37096360063372036,3238.8422983435426,788.7846340145712,68.69350576189875,46.87160130269972,2.914795813206208,8.583616024103986,0.8295495685138419,12.507,2.203,100.0,healthy,0.0,1.0,scenario_rapid_throttle_transition,scenario_rapid_throttle_transition.csv,0,rapid_throttle_transition,0
1780420022.25,22.25,580.0,0.0,579.88,0.0,1.6523042640749463,1.6984271138238567,3.4932191651590125,3.4368528764524,2.185791928249455,3.4932191651590125,0.3674731613966035,3175.819017616133,735.1855784545305,95.93796263110983,36.557822463095626,2.38462815121604,8.518248101247968,0.8517519120669862,12.419,2.153,100.0,healthy,0.0,1.0,scenario_rapid_throttle_transition,scenario_rapid_throttle_transition.csv,0,rapid_throttle_transition,0
1780420022.5,22.5,580.0,0.0,579.88,0.0,1.7014680737149062,1.7087896095397337,1.3965743930655186,2.973205453408786,0.1802309630490717,1.3965743930655186,0.36922714025877645,3856.4599021156764,778.6900605187816,58.50031638087607,54.178303748253484,3.0025497019109366,9.107190321514498,1.1047370923877122,12.577,2.157,100.0,healthy,0.0,1.0,scenario_rapid_throttle_transition,scenario_rapid_throttle_transition.csv,0,rapid_throttle_transition,0
1780420022.75,22.75,580.0419777256682,0.041977725668203375,579.9219777256682,0.0,1.754530932129268,1.8289775159815889,357.8942998722025,0.8730579387579454,3.031316053578661,357.8942998722025,0.3720573991991972,3568.7385671137563,753.4446141011053,80.37332357515294,33.747830400665535,3.3025534496277382,8.523555467103375,0.7534444025898352,12.404,2.108,100.0,healthy,0.0,1.0,scenario_rapid_throttle_transition,scenario_rapid_throttle_transition.csv,0,rapid_throttle_transition,0
1780420023.0,23.0,582.9235551917162,2.9235551917161766,582.8035551917162,0.0,1.710227294636466,1.6848384546040411,5.354289232552825,3.543515118743171,1.1499453121291163,5.354289232552825,0.3742513205164981,2619.6616718879727,729.905816165106,57.86873924620343,48.382730846310274,3.22130237936122,10.320111395836449,0.8863851181698361,12.52,1.923,100.0,healthy,0.0,1.0,scenario_rapid_throttle_transition,scenario_rapid_throttle_transition.csv,0,rapid_throttle_transition,0
1780420023.25,23.25,580.0,0.0,579.88,0.0,1.7792276211947993,1.696457768248837,357.20151435309367,2.966556383881316,1.870620334466177,357.20151435309367,0.37267180657288335,4364.982525578451,770.9979600007397,70.40966335607013,43.79206642474118,2.562535901520138,9.812485922765946,0.809234168559908,12.573,2.203,100.0,healthy,0.0,1.0,scenario_rapid_throttle_transition,scenario_rapid_throttle_transition.csv,0,rapid_throttle_transition,0
1780420023.5,23.5,581.8511742809608,1.8511742809607998,581.7311742809608,0.0,1.772297136722689,1.727920881693559,6.133463351756157,2.1190251795365596,1.2684487839594796,6.133463351756157,0.371987702925163,2720.5295611148376,745.4107375045947,54.332037294083094,24.031522412918545,2.4137988729787017,11.472483621917949,0.8360558940983762,12.547,2.031,100.0,healthy,0.0,1.0,scenario_rapid_throttle_transition,scenario_rapid_throttle_transition.csv,0,rapid_throttle_transition,0
1780420023.75,23.75,580.9526110417254,0.9526110417253577,580.8326110417254,0.0,1.7528948270945113,1.7432733964637974,354.5257311254366,3.6996315631156707,2.7800947679777517,354.5257311254366,0.37295296104564085,3225.8317511289147,758.954858778997,91.59716376178261,61.784458608062636,2.7954306340682216,11.000510589037708,0.8776111224608574,12.558,2.212,100.0,healthy,0.0,1.0,scenario_rapid_throttle_transition,scenario_rapid_throttle_transition.csv,0,rapid_throttle_transition,0
1780420024.0,24.0,580.2486647692868,0.2486647692868018,580.1286647692868,0.0,1.7435266695469227,1.6775102037806744,358.13720960738993,2.0898271685657503,2.1527264055729045,358.13720960738993,0.37613816828480084,3142.402488311926,769.3198835483662,37.28589213379564,44.66886657687181,3.1132938244476356,5.976687066934134,1.027759322916272,12.519,2.146,100.0,healthy,0.0,1.0,scenario_rapid_throttle_transition,scenario_rapid_throttle_transition.csv,0,rapid_throttle_transition,0
1780420024.25,24.25,580.0,0.0,579.88,0.0,1.7423379604865277,1.6680709291340208,3.6509618710649656,2.4188294113871387,1.2365857345496187,3.6509618710649656,0.37675554256331156,3140.8291253960806,772.7788824626195,51.935070857045474,47.53977815011496,2.7184631558805443,5.619634299973754,1.2213938441368595,12.564,2.117,100.0,healthy,0.0,1.0,scenario_rapid_throttle_transition,scenario_rapid_throttle_transition.csv,0,rapid_throttle_transition,0
1780420024.5,24.5,580.6764532130867,0.6764532130867204,580.5564532130867,0.0,1.7800720110157127,1.718306265437061,3.4874167149797586,3.3471415106154447,2.2424179987186283,3.4874167149797586,0.37651869268217514,2770.7223961664345,808.1736648296587,77.51748817265472,34.074990669005544,3.1653199670417043,14.086011637034517,0.763817862722583,12.531,2.118,100.0,healthy,0.0,1.0,scenario_rapid_throttle_transition,scenario_rapid_throttle_transition.csv,0,rapid_throttle_transition,0
1780420024.75,24.75,583.1181507470468,3.118150747046786,582.9981507470468,0.0,1.8419195499581282,1.7782249159259147,7.477606778715963,1.7157319053120583,1.8003711010081207,7.477606778715963,0.38025861599495003,2879.263285377401,773.5072917302588,61.95441736225094,41.18574787615752,2.504236640326609,10.191051955541646,0.973922300566934,12.449,2.016,100.0,healthy,0.0,1.0,scenario_rapid_throttle_transition,scenario_rapid_throttle_transition.csv,0,rapid_throttle_transition,0
1780420025.0,25.0,580.0,0.0,579.88,0.0,1.8938055792804918,1.893434026014448,5.698972343238005,1.5453273203255877,1.203196560892092,5.698972343238005,0.38103035708477107,2549.8303361538665,741.9134017996407,78.14572209436346,52.339518715053664,2.5489465048698503,6.628270506387493,0.8458395052100367,12.463,2.263,100.0,healthy,0.0,1.0,scenario_rapid_throttle_transition,scenario_rapid_throttle_transition.csv,0,rapid_throttle_transition,0
1780420025.25,25.25,580.0,0.0,579.88,0.0,1.9239430347592772,1.9933545447534606,1.5840702258520296,2.1278165289715147,1.6182329151173989,1.5840702258520296,0.3833637796176062,3124.9539498181252,759.0577935461042,79.45721012068404,64.19926856725554,2.955597407695902,7.430024609002457,0.931540376446498,12.518,2.15,100.0,healthy,0.0,1.0,scenario_rapid_throttle_transition,scenario_rapid_throttle_transition.csv,0,rapid_throttle_transition,0
1780420025.5,25.5,580.0,0.0,579.88,0.0,1.9382482420445646,1.8722895888802258,10.907399663694948,3.4211241736044875,1.949995899234746,10.907399663694948,0.3820591658530498,3062.864257454214,790.4038698288322,71.58189156386865,61.09681357455109,3.051665395455361,9.990695314204531,0.8431900413771952,12.55,2.09,100.0,healthy,0.0,1.0,scenario_rapid_throttle_transition,scenario_rapid_throttle_transition.csv,0,rapid_throttle_transition,0
1780420025.75,25.75,580.5474032463919,0.5474032463919771,580.4274032463919,0.0,1.9472101450241288,2.021659675746866,7.368027201583951,2.861894279024424,2.479287922252243,7.368027201583951,0.38191467188395156,3887.748236442584,738.999492610053,73.19046595446214,81.54620750969805,2.9454378936631853,3.1676163854121047,0.9191352846532261,12.46,2.062,100.0,healthy,0.0,1.0,scenario_rapid_throttle_transition,scenario_rapid_throttle_transition.csv,0,rapid_throttle_transition,0
1780420026.0,26.0,580.1098230469363,0.10982304693632873,579.9898230469363,0.0,1.9967988873782452,1.9976486309600874,2.4420826716324373,2.4888185795202418,1.7071408170344584,2.4420826716324373,0.38211921996644527,2500.8187174201767,786.7547291535433,68.9523207912699,30.758435173263717,2.611179966037239,10.640027640611937,0.8784732745091399,12.452,2.306,100.0,healthy,0.0,1.0,scenario_rapid_throttle_transition,scenario_rapid_throttle_transition.csv,0,rapid_throttle_transition,0
1780420026.25,26.25,580.2286962529223,0.22869625292230317,580.1086962529223,0.0,2.059084450022034,2.024706121282558,5.067906169100304,1.7870454080704992,1.8838436241925816,5.067906169100304,0.37899328376854335,3215.4056151198306,724.4115863010284,92.34619418509448,36.10988327678942,3.4887667279379855,9.001190461120615,0.8725172276102237,12.438,2.166,100.0,healthy,0.0,1.0,scenario_rapid_throttle_transition,scenario_rapid_throttle_transition.csv,0,rapid_throttle_transition,0
1780420026.5,26.5,580.5772460209747,0.5772460209747496,580.4572460209747,0.0,2.062510260603601,2.021216859153727,1.7441433771048762,4.026934027957047,0.9968339880765631,1.7441433771048762,0.3800570375049098,2995.848003002362,796.4503431531311,101.03085860345445,84.37749625665342,2.812122921688538,7.086514518406515,0.848035507173064,12.449,2.021,100.0,healthy,0.0,1.0,scenario_rapid_throttle_transition,scenario_rapid_throttle_transition.csv,0,rapid_throttle_transition,0
1780420026.75,26.75,580.0,0.0,579.88,0.0,2.1008804382673953,2.0316589618552454,2.0941680068346704,2.925921798724765,1.1381435222999885,2.0941680068346704,0.38088127728180715,2257.597004329122,756.6307598132943,46.959295881914635,65.82442078870517,2.8933626477299903,12.754375342736358,0.8972160009458692,12.444,2.051,100.0,healthy,0.0,1.0,scenario_rapid_throttle_transition,scenario_rapid_throttle_transition.csv,0,rapid_throttle_transition,0
1780420027.0,27.0,581.7067658131847,1.7067658131847445,581.5867658131847,0.0,2.0596555699337062,2.146268401606666,6.756828617664567,3.7644764553883348,1.034286363088433,6.756828617664567,0.38372614950517375,3218.276686216378,756.9838184347939,81.2636851314869,49.946594471412325,3.117087232259945,9.205279585000039,0.9979474237503778,12.434,2.21,100.0,healthy,0.0,1.0,scenario_rapid_throttle_transition,scenario_rapid_throttle_transition.csv,0,rapid_throttle_transition,0
1780420027.25,27.25,580.0,0.0,579.88,0.0,2.044618927912989,2.0841441331834374,2.05382218342709,1.9410076893962371,2.723774894868316,2.05382218342709,0.38129294491303184,3345.60408249707,745.8012214878215,55.2084894283816,48.893435333856594,3.0207538793864153,10.707118055109087,0.8876753022655779,12.467,2.112,100.0,healthy,0.0,1.0,scenario_rapid_throttle_transition,scenario_rapid_throttle_transition.csv,0,rapid_throttle_transition,0
1780420027.5,27.5,581.6247628207444,1.6247628207444258,581.5047628207444,0.0,2.0602797548431706,2.01360566977966,0.24242726782958046,3.467570716178261,2.878229004344864,0.24242726782958046,0.3794055260443523,3430.8333452814463,836.421779699432,69.12643885798995,61.78129349008246,2.968765436974105,12.31075728781297,0.8956560304840283,12.545,1.945,100.0,healthy,0.0,1.0,scenario_rapid_throttle_transition,scenario_rapid_throttle_transition.csv,0,rapid_throttle_transition,0
1780420027.75,27.75,581.7816385898792,1.7816385898792206,581.6616385898792,0.0,2.1236981398560024,2.2156593521248764,4.629831514600002,2.7661648515952524,2.5803846302075963,4.629831514600002,0.3822798579078898,4036.4892482203613,771.2185089236744,59.8140970860615,47.31219151526567,3.3391565276336617,7.610077137962621,0.997811642225394,12.483,2.104,100.0,healthy,0.0,1.0,scenario_rapid_throttle_transition,scenario_rapid_throttle_transition.csv,0,rapid_throttle_transition,0
1780420028.0,28.0,581.3836009813034,1.3836009813034396,581.2636009813034,0.0,2.1391782171560307,2.149949528345398,2.778252706804977,2.454029001493451,1.8984617239946489,2.778252706804977,0.3833226579400722,3292.334735103783,804.5934115792716,49.080870995271226,48.51770972383903,3.1567104145251843,9.729886198342601,0.9188887937807342,12.47,2.347,100.0,healthy,0.0,1.0,scenario_rapid_throttle_transition,scenario_rapid_throttle_transition.csv,0,rapid_throttle_transition,0
1780420028.25,28.25,580.0,0.0,579.88,0.0,2.108363306629415,2.039855156188682,11.364325280727176,1.574783416776083,1.6745241073035622,11.364325280727176,0.3832023290874522,2936.7408175936944,787.3965330553641,70.04909757589134,35.38949346640629,2.2681521591089964,11.449856978862444,0.9825799630468997,12.515,2.116,100.0,healthy,0.0,1.0,scenario_rapid_throttle_transition,scenario_rapid_throttle_transition.csv,0,rapid_throttle_transition,0
1780420028.5,28.5,581.8735702255148,1.8735702255147264,581.7535702255147,0.0,2.1773221662072713,2.1304142972283397,10.3672807644171,2.896819270201608,3.2177311639618056,10.3672807644171,0.3866591172001657,2893.2192889836974,783.4081711827472,114.65828014430116,39.62303781742141,3.441829177887712,6.986390175210663,1.0309750992941302,12.487,1.931,100.0,healthy,0.0,1.0,scenario_rapid_throttle_transition,scenario_rapid_throttle_transition.csv,0,rapid_throttle_transition,0
1780420028.75,28.75,580.0,0.0,579.88,0.0,2.1785162915471834,2.1078223298579006,357.1379291391759,2.7281149019308986,0.8166371864516326,357.1379291391759,0.3893088382803045,3311.4940080403103,769.0004500456432,81.5866899265035,59.29117578754795,3.1568439829479944,8.990865348847235,0.9788986905504968,12.557,2.006,100.0,healthy,0.0,1.0,scenario_rapid_throttle_transition,scenario_rapid_throttle_transition.csv,0,rapid_throttle_transition,0
1780420029.0,29.0,580.0,0.0,579.88,0.0,2.1867620547199342,2.1434523224657545,353.37140427463123,3.442030933510447,1.903616258291302,353.37140427463123,0.39157478919368643,3794.4118697142944,785.7888854353919,77.49705043696895,58.398235369594886,2.7419669039533683,10.594073456992186,0.9237144450174765,12.484,2.092,100.0,healthy,0.0,1.0,scenario_rapid_throttle_transition,scenario_rapid_throttle_transition.csv,0,rapid_throttle_transition,0
1780420029.25,29.25,581.9890690749253,1.9890690749253044,581.8690690749253,0.0,2.1481539351063343,2.087818434990378,1.7822185434981164,4.1848670415969025,2.761182616088054,1.7822185434981164,0.3875625861461485,2773.3930593497344,754.9310336023698,90.37755288721775,25.58591586289621,2.842504454936943,8.549313623599465,0.8610840727633419,12.511,2.212,100.0,healthy,0.0,1.0,scenario_rapid_throttle_transition,scenario_rapid_throttle_transition.csv,0,rapid_throttle_transition,0
1780420029.5,29.5,580.0,0.0,579.88,0.0,2.1727448123114907,2.1611745067475296,2.1703378303128122,4.217363330075726,2.03001283140351,2.1703378303128122,0.3893992166250429,2846.180754117475,782.4472214581219,52.49540789252622,54.976085337634046,2.737426582971336,7.778757149308145,0.9298817883382655,12.472,2.141,100.0,healthy,0.0,1.0,scenario_rapid_throttle_transition,scenario_rapid_throttle_transition.csv,0,rapid_throttle_transition,0
1780420029.75,29.75,580.0,0.0,579.88,0.0,2.184736184193384,2.1745623703121955,356.1219892518821,2.5826330885996005,1.719927651940534,356.1219892518821,0.3895117090861782,3231.603263968906,751.0401541468746,69.45172867007203,45.038492290931856,3.2087315840880857,10.24844684189369,0.9642209667089549,12.436,2.165,100.0,healthy,0.0,1.0,scenario_rapid_throttle_transition,scenario_rapid_throttle_transition.csv,0,rapid_throttle_transition,0
1780420030.0,30.0,583.1716308133556,3.1716308133555815,583.0516308133556,0.0,2.1920351865260908,2.2872972651875703,8.409833047104964,3.1005652674647983,3.615370828160314,8.409833047104964,0.3857251266629933,3513.0038610348743,723.8542358970329,48.39583842044236,66.19534736524454,2.8444386138046607,6.1992083013900015,0.9985434988610086,12.541,2.265,100.0,healthy,0.0,1.0,scenario_rapid_throttle_transition,scenario_rapid_throttle_transition.csv,0,rapid_throttle_transition,0
1780420030.25,30.25,580.0,0.0,579.88,0.0,2.2366198254099903,2.245409800352467,1.0222351789821618,3.5495729048573295,1.5162288616905308,1.0222351789821618,0.3879735742579496,3369.4429022970303,804.5483135248061,70.50994751018499,17.764296382233482,3.3515211577197244,5.804981482067731,1.036932653818284,12.465,2.094,100.0,healthy,0.0,1.0,scenario_rapid_throttle_transition,scenario_rapid_throttle_transition.csv,0,rapid_throttle_transition,0
1780420030.5,30.5,580.0,0.0,579.88,0.0,2.251540735620557,2.194692042564302,1.982214088987348,2.021108517482829,0.7369562556368889,1.982214088987348,0.38534026298102614,2645.9147471963106,757.3024574924256,74.20314633401588,53.279922779346805,3.127998602067322,9.372054672562644,0.8806787478671136,12.525,2.312,100.0,healthy,0.0,1.0,scenario_rapid_throttle_transition,scenario_rapid_throttle_transition.csv,0,rapid_throttle_transition,0
1780420030.75,30.75,580.0,0.0,579.88,0.0,2.2993645617872636,2.3546737249383316,3.129482211484256,3.9741277229478587,1.9948205281507154,3.129482211484256,0.3824309616182801,3033.8305917220646,724.258811675659,88.41775096734283,53.9252633861328,2.81154553924995,9.359469789123132,0.9627145705525518,12.462,2.198,100.0,healthy,0.0,1.0,scenario_rapid_throttle_transition,scenario_rapid_throttle_transition.csv,0,rapid_throttle_transition,0
1780420031.0,31.0,580.0,0.0,579.88,0.0,2.351193277685859,2.2673169107778834,6.5850982321697495,2.235817622934707,1.6001437071511364,6.5850982321697495,0.3806290978367197,3725.4746388427075,776.4458294389173,66.17149124125567,74.57626215466189,2.812543900765756,7.119249423242225,0.8284011224146073,12.463,2.141,100.0,healthy,0.0,1.0,scenario_rapid_throttle_transition,scenario_rapid_throttle_transition.csv,0,rapid_throttle_transition,0
1780420031.25,31.25,581.4136334767605,1.413633476760534,581.2936334767605,0.0,2.4021009332049084,2.3178394620454057,1.8145033605684615,2.2666079668813692,0.8845695414508937,1.8145033605684615,0.38485699695875103,3413.6039555813913,797.9399110366859,61.1401613130416,39.19482077845985,3.0158047217494026,14.26303496774139,0.8935373116383808,12.432,2.28,100.0,healthy,0.0,1.0,scenario_rapid_throttle_transition,scenario_rapid_throttle_transition.csv,0,rapid_throttle_transition,0
1780420031.5,31.5,582.5669447747665,2.566944774766489,582.4469447747665,0.0,2.44660149053632,2.4824945660430795,6.274706893124144,2.7882582020099576,1.8230820445266158,6.274706893124144,0.3849621589066985,3079.610185426218,806.1532171126393,87.34433949051595,26.29090750640475,2.0511429885458123,6.832554680409365,0.8864350970715138,12.446,2.297,100.0,healthy,0.0,1.0,scenario_rapid_throttle_transition,scenario_rapid_throttle_transition.csv,0,rapid_throttle_transition,0
1780420031.75,31.75,580.0,0.0,579.88,0.0,2.419168108244917,2.529728871195303,6.064150981048758,2.093512783732129,1.5501683921175862,6.064150981048758,0.3828238589728,3631.561764301956,747.896845510334,53.072523987451746,58.00622199590248,2.6936243519905374,9.30613254134745,0.797863325341407,12.609,2.18,100.0,healthy,0.0,1.0,scenario_rapid_throttle_transition,scenario_rapid_throttle_transition.csv,0,rapid_throttle_transition,0
1780420032.0,32.0,580.0,0.0,579.88,0.0,2.377363356018478,2.3439042384843343,7.004270018933793,2.5073376153814086,1.2484616004855016,7.004270018933793,0.3870661174311978,3738.8433412474105,765.1527800221969,75.23114189968135,69.37287474199336,3.0528853915257095,13.790113538973092,0.7952554438396977,12.551,2.122,100.0,healthy,0.0,1.0,scenario_rapid_throttle_transition,scenario_rapid_throttle_transition.csv,0,rapid_throttle_transition,0
1780420032.25,32.25,580.0,0.0,579.88,0.0,2.38278320133716,2.3631438431617022,8.492148612739763,3.335759641174624,2.1537621352077867,8.492148612739763,0.39113838078692087,3286.757514226978,798.0259472295627,41.51599821019901,43.519272662447115,3.0990992671158053,7.644987343929556,0.9057278248834153,12.517,2.251,100.0,healthy,0.0,1.0,scenario_rapid_throttle_transition,scenario_rapid_throttle_transition.csv,0,rapid_throttle_transition,0
1780420032.5,32.5,580.0,0.0,579.88,0.0,2.4328960295544273,2.35243181566585,9.895669126647714,2.2405373271086995,2.301148203538003,9.895669126647714,0.3900890586358252,2698.8172198245074,765.7593709588102,68.86861758891872,43.58773334381081,3.2279359147344957,3.9060138130598165,0.8689013468077246,12.434,2.284,100.0,healthy,0.0,1.0,scenario_rapid_throttle_transition,scenario_rapid_throttle_transition.csv,0,rapid_throttle_transition,0
1780420032.75,32.75,580.0,0.0,579.88,0.0,2.387357070592249,2.3887257232286867,3.578268329329148,3.2865172718347555,1.4049421635700514,3.578268329329148,0.3912525367345188,3039.0495294946113,817.8301742637082,81.38683634428185,69.92781961776878,2.694586138841797,9.34286805878584,0.8452708852069677,12.443,2.277,100.0,healthy,0.0,1.0,scenario_rapid_throttle_transition,scenario_rapid_throttle_transition.csv,0,rapid_throttle_transition,0
1780420033.0,33.0,581.1371465625289,1.1371465625288306,581.0171465625289,0.0,2.4140274635007626,2.456039496097751,4.538442302642268,5.149232147605433,2.853778964017825,4.538442302642268,0.39254821968562387,2830.442505980348,769.2924594846999,96.37456479223164,53.14319298316776,3.2649188078745057,9.363174167098727,0.8938520214212159,12.388,2.217,100.0,healthy,0.0,1.0,scenario_rapid_throttle_transition,scenario_rapid_throttle_transition.csv,0,rapid_throttle_transition,0
1780420033.25,33.25,582.2508355169382,2.250835516938152,582.1308355169382,0.0,2.389004808659184,2.4721104266119514,4.696776428458901,0.7426540487289426,1.0284078850266725,4.696776428458901,0.3896226703366337,3408.0868978232547,716.1683485690821,69.05532735407179,51.14534864596512,3.1913265452732014,7.579473458441665,0.9868819605564249,12.435,2.011,100.0,healthy,0.0,1.0,scenario_rapid_throttle_transition,scenario_rapid_throttle_transition.csv,0,rapid_throttle_transition,0
1780420033.5,33.5,580.0,0.0,579.88,0.0,2.355735550350074,2.2604134994290734,0.6301107403698261,3.5457771620355425,0.660274506884813,0.6301107403698261,0.39185602291188704,2926.1242015267944,790.1744237637366,76.65436756212222,53.13210134118428,3.0484441669101936,11.475508265196021,0.7991706355176649,12.488,2.228,100.0,healthy,0.0,1.0,scenario_rapid_throttle_transition,scenario_rapid_throttle_transition.csv,0,rapid_throttle_transition,0
1780420033.75,33.75,580.0,0.0,579.88,0.0,2.3725586655829805,2.4324075184197023,9.000755731975179,3.610701197519672,1.5120555834510283,9.000755731975179,0.3949566096570653,4090.045906614605,776.7418665902676,76.42961741268006,76.4681868386874,2.552406584176572,8.673546100790189,0.9204380167338866,12.479,2.089,100.0,healthy,0.0,1.0,scenario_rapid_throttle_transition,scenario_rapid_throttle_transition.csv,0,rapid_throttle_transition,0
1780420034.0,34.0,581.51740016504,1.5174001650400992,581.39740016504,0.0,2.3518938115982206,2.46344962144756,359.2114375486952,4.828407377339375,1.615358246959576,359.2114375486952,0.3913434788784018,3348.273448813739,818.5793084196782,46.014110387440226,69.66643890323634,2.598792967287463,12.44817173894198,1.081789992932462,12.509,2.227,100.0,healthy,0.0,1.0,scenario_rapid_throttle_transition,scenario_rapid_throttle_transition.csv,0,rapid_throttle_transition,0
1780420034.25,34.25,580.93988231956,0.9398823195599699,580.81988231956,0.0,2.4295199678062636,2.4685555285635545,358.4020262011348,1.815282049770161,2.845466351937235,358.4020262011348,0.3935975868563546,2992.4383035249484,728.856842366871,92.69796255513802,62.43357170386604,2.92010991990116,11.790917150631945,0.92419090334471,12.55,2.255,100.0,healthy,0.0,1.0,scenario_rapid_throttle_transition,scenario_rapid_throttle_transition.csv,0,rapid_throttle_transition,0
1780420034.5,34.5,580.6503152101728,0.6503152101727819,580.5303152101728,0.0,2.473147255438693,2.4162071065374526,7.4493997993888375,3.0431570104759706,1.5103521334310495,7.4493997993888375,0.3959258478959779,3511.7606761136967,774.6810342074049,68.70092835940028,35.44930067086507,2.856491243324682,7.305671918674427,0.9352545101293328,12.514,2.069,100.0,healthy,0.0,1.0,scenario_rapid_throttle_transition,scenario_rapid_throttle_transition.csv,0,rapid_throttle_transition,0
1780420034.75,34.75,580.0,0.0,579.88,0.0,2.4321973018120207,2.5484984254213967,11.010648897649364,2.7382691109259003,1.8684499138705581,11.010648897649364,0.39496959842221063,3472.960804749213,759.6005634244968,80.7610468883666,43.64819900319156,2.708912046787362,7.865224962004881,0.9730395315983605,12.463,2.161,100.0,healthy,0.0,1.0,scenario_rapid_throttle_transition,scenario_rapid_throttle_transition.csv,0,rapid_throttle_transition,0
1780420035.0,35.0,580.2393845055484,0.23938450554837898,580.1193845055484,0.0,2.40964918439785,2.4322532354504665,9.579475959545547,3.2794991553552055,1.7143859374586181,9.579475959545547,0.3939041384215037,3163.270007402817,797.5259685972832,91.84933030522721,57.87354916068047,2.5450295219644676,10.467866814547687,0.9831234759421279,12.513,2.103,100.0,healthy,0.0,1.0,scenario_rapid_throttle_transition,scenario_rapid_throttle_transition.csv,0,rapid_throttle_transition,0
1780420035.25,35.25,580.0,0.0,579.88,0.0,2.448222293721436,2.402730230369087,6.5394882977449775,3.4593003674959397,2.0860112429511024,6.5394882977449775,0.3925689475184403,4237.188097500522,775.3555334847962,60.02813995776055,41.071245307765494,3.3965733379794725,13.060127708403128,0.7605002438110757,12.619,2.123,100.0,healthy,0.0,1.0,scenario_rapid_throttle_transition,scenario_rapid_throttle_transition.csv,0,rapid_throttle_transition,0
1780420035.5,35.5,580.0,0.0,579.88,0.0,2.494032808327158,2.539352535198553,1.2837542116013307,3.6750001844740687,1.0484725184992447,1.2837542116013307,0.39104846924378117,2782.199692256585,769.2025459380149,75.56060840567255,64.87680909309289,3.007653376382746,7.208206692309394,1.00676497940093,12.453,2.025,100.0,healthy,0.0,1.0,scenario_rapid_throttle_transition,scenario_rapid_throttle_transition.csv,0,rapid_throttle_transition,0
1780420035.75,35.75,580.0,0.0,579.88,0.0,2.4890705543700635,2.3830274707543464,2.534190112143511,3.0583733220096834,2.548877888191167,2.534190112143511,0.3908603511435093,3459.3035769539692,749.2939692569479,44.617165523928435,56.40310224416817,2.5498778449848487,6.080522753214607,0.9288621023025551,12.548,2.17,100.0,healthy,0.0,1.0,scenario_rapid_throttle_transition,scenario_rapid_throttle_transition.csv,0,rapid_throttle_transition,0
1780420036.0,36.0,580.0,0.0,579.88,0.0,2.511835555264776,2.5514224967073926,7.576647620619189,2.7377974268514573,2.545444465716091,7.576647620619189,0.3904163099254254,3849.4614242370403,746.9224922250668,45.13820202922584,46.81250146385737,2.428101420788657,12.857751057976404,0.8165329276867156,12.548,2.452,100.0,healthy,0.0,1.0,scenario_rapid_throttle_transition,scenario_rapid_throttle_transition.csv,0,rapid_throttle_transition,0
1780420036.25,36.25,580.0,0.0,579.88,0.0,2.5213440466184758,2.4938952250499606,0.25098536276275407,1.9527993835485198,1.5591037999028157,0.25098536276275407,0.39225220576012854,3624.616136078938,768.4118112164588,29.58222417934593,51.17142926979505,2.891932271617156,9.07108472869797,1.0244322484094994,12.5,2.049,100.0,healthy,0.0,1.0,scenario_rapid_throttle_transition,scenario_rapid_throttle_transition.csv,0,rapid_throttle_transition,0
1780420036.5,36.5,580.0,0.0,579.88,0.0,2.524982082141044,2.520670927425794,4.902942703733331,3.5371969897473736,1.2506403925254603,4.902942703733331,0.39254866059098564,3494.6946379421825,769.2438667097844,36.41649626950441,68.92286990777086,3.4541393554390467,12.735494801121108,0.9722060710468374,12.499,2.153,100.0,healthy,0.0,1.0,scenario_rapid_throttle_transition,scenario_rapid_throttle_transition.csv,0,rapid_throttle_transition,0
1780420036.75,36.75,581.623408571537,1.6234085715370075,581.503408571537,0.0,2.585623135438444,2.7041642915873507,6.919191749605061,3.017845366086496,2.0051605564894284,6.919191749605061,0.3912483964947706,2972.838812808866,807.3820999305683,97.34320614442717,41.627286710223046,2.475863118951769,12.484613429002511,1.1269763967018949,12.497,2.279,100.0,healthy,0.0,1.0,scenario_rapid_throttle_transition,scenario_rapid_throttle_transition.csv,0,rapid_throttle_transition,0
1780420037.0,37.0,582.440705610833,2.4407056108329765,582.320705610833,0.0,2.6223258818801027,2.507615842260608,356.93092209828075,2.4766024719024786,1.640497603686118,356.93092209828075,0.3891595885053306,3214.9959656606625,769.978635045334,66.21876960029441,47.43812016403439,2.5965152376115506,7.994663813330385,0.9127960115560522,12.552,2.207,100.0,healthy,0.0,1.0,scenario_rapid_throttle_transition,scenario_rapid_throttle_transition.csv,0,rapid_throttle_transition,0
1780420037.25,37.25,580.0,0.0,579.88,0.0,2.6120749698567756,2.665880674027657,358.8055805401669,2.104008245387873,2.562055659631833,358.8055805401669,0.3894592362544505,3633.2871248586976,789.0746436758704,58.72901839949772,42.089904944246015,2.52818896175107,6.9319831974895525,0.8591134323795301,12.471,2.306,100.0,healthy,0.0,1.0,scenario_rapid_throttle_transition,scenario_rapid_throttle_transition.csv,0,rapid_throttle_transition,0
1780420037.5,37.5,580.0,0.0,579.88,0.0,2.588749586889272,2.638824527753637,9.488435389905781,3.5943802912379357,1.9403616705421665,9.488435389905781,0.38678112495881334,3553.359719132466,782.8995017560566,85.9100026680415,70.45303035877382,2.5232256708053535,9.011483976649972,0.9790494125315272,12.322,2.058,100.0,healthy,0.0,1.0,scenario_rapid_throttle_transition,scenario_rapid_throttle_transition.csv,0,rapid_throttle_transition,0
1780420037.75,37.75,580.0720177032057,0.07201770320573012,579.9520177032057,0.0,2.590523816720353,2.568667680037479,358.2163185396999,3.9174636931434885,1.4354320072743891,358.2163185396999,0.38480014536594565,3136.520386240396,758.1909562396106,76.72291050459677,51.828698824122554,2.8951104106608505,11.808384198949295,1.0393260801632411,12.523,2.064,100.0,healthy,0.0,1.0,scenario_rapid_throttle_transition,scenario_rapid_throttle_transition.csv,0,rapid_throttle_transition,0
1780420038.0,38.0,580.4388402697782,0.43884026977815804,580.3188402697782,0.0,2.5595838384667813,2.460836796449825,3.7164078322797676,1.628245532302624,1.3062026156397701,3.7164078322797676,0.38255283936099455,3312.519385809632,743.8731751043072,71.60101216251238,68.26515838813351,3.0330546058613588,11.244233262227942,0.920594714566609,12.4,2.032,100.0,healthy,0.0,1.0,scenario_rapid_throttle_transition,scenario_rapid_throttle_transition.csv,0,rapid_throttle_transition,0
1780420038.25,38.25,582.2499475222397,2.2499475222397187,582.1299475222397,0.0,2.615276497476196,2.5993415925091434,0.0698174787424568,3.8616555971836237,1.5733745645764146,0.0698174787424568,0.38019392725799434,3839.683839272564,686.6459600361541,59.80614249214822,71.76009721424913,3.219510224624537,9.084671342582492,0.8589478340501765,12.579,2.144,100.0,healthy,0.0,1.0,scenario_rapid_throttle_transition,scenario_rapid_throttle_transition.csv,0,rapid_throttle_transition,0
1780420038.5,38.5,580.0,0.0,579.88,0.0,2.6788147601366936,2.620171491848707,5.730761344192279,3.508728823282625,2.0856199601808285,5.730761344192279,0.37962387465801734,2958.3532258577566,752.7612692929688,68.92594748519357,35.7936724682295,2.9342020938723232,10.086907373604278,0.9410896759979179,12.482,2.126,100.0,healthy,0.0,1.0,scenario_rapid_throttle_transition,scenario_rapid_throttle_transition.csv,0,rapid_throttle_transition,0
1780420038.75,38.75,582.1519659319683,2.1519659319682836,582.0319659319683,0.0,2.7442158244317163,2.6755218570428414,10.008369760084271,4.5858310619636615,1.4992639672877386,10.008369760084271,0.3793741017583311,2953.25595943191,807.259987641502,72.54362202177398,79.4357547478273,3.314097430877561,10.117574727994988,0.7502789252092836,12.47,1.966,100.0,healthy,0.0,1.0,scenario_rapid_throttle_transition,scenario_rapid_throttle_transition.csv,0,rapid_throttle_transition,0
1780420039.0,39.0,580.0,0.0,579.88,0.0,2.7838328865693405,2.9053015689691053,4.116410993260224,2.7347499419451715,1.0637827958662687,4.116410993260224,0.3831277866662345,2744.176332137725,768.2311853288227,72.82311537282634,65.79174119206365,2.3957382018400986,9.948078686427515,0.9523045997404338,12.582,2.155,100.0,healthy,0.0,1.0,scenario_rapid_throttle_transition,scenario_rapid_throttle_transition.csv,0,rapid_throttle_transition,0
1780420039.25,39.25,581.1523353363566,1.1523353363566318,581.0323353363566,0.0,2.828407225086318,2.9212761709635,5.2121888926636375,3.142605628844252,2.1585626613272932,5.2121888926636375,0.38669955735181016,3300.1895189596116,762.2109640880774,55.78462791530113,46.92675659124437,2.578053334688887,11.565197134619405,0.9653300475180338,12.457,2.279,100.0,healthy,0.0,1.0,scenario_rapid_throttle_transition,scenario_rapid_throttle_transition.csv,0,rapid_throttle_transition,0
1780420039.5,39.5,580.676227537389,0.6762275373889283,580.556227537389,0.0,2.841060662173241,2.971190266352753,4.542653860502534,4.07944566139295,1.504718590236109,4.542653860502534,0.3883393342737584,2939.241809408706,800.562780987452,82.58455680732797,54.700750272529746,2.9242934683196995,6.653773576357633,1.0400719445562985,12.564,2.269,100.0,healthy,0.0,1.0,scenario_rapid_throttle_transition,scenario_rapid_throttle_transition.csv,0,rapid_throttle_transition,0
1780420039.75,39.75,580.0,0.0,579.88,0.0,2.907826126699088,2.9530385276400297,3.6054229224781587,2.4196005783303893,1.8254114029375275,3.6054229224781587,0.3866147451644552,3710.7609585870005,759.8815798444455,100.10479502844133,52.97007193521162,3.1653837571322105,10.168517581493033,0.8996932173291636,12.491,2.162,100.0,healthy,0.0,1.0,scenario_rapid_throttle_transition,scenario_rapid_throttle_transition.csv,0,rapid_throttle_transition,0
1780420040.0,40.0,581.0404692098635,1.0404692098635762,580.9204692098635,0.0,2.8745046715155453,2.940837713405071,6.238845338349373,3.15736483849554,2.0365090346633337,6.238845338349373,0.38760610500676956,3372.6228514443587,807.0069903142329,101.83042252010435,54.13723906969174,3.2509718989688414,3.0506094013074074,0.8894839007475932,12.518,2.209,100.0,healthy,0.0,1.0,scenario_rapid_throttle_transition,scenario_rapid_throttle_transition.csv,0,rapid_throttle_transition,0
1780420040.25,40.25,580.0,0.0,579.88,0.0,2.919894926821506,2.8941151436667347,2.9859677816495314,1.760764493216168,1.8466324579858089,2.9859677816495314,0.39091768096167695,3137.272719984895,824.0802275174357,115.74367213307613,62.61153692628847,3.1707571589724095,12.322039649712565,0.9339013269173276,12.453,1.995,100.0,healthy,0.0,1.0,scenario_rapid_throttle_transition,scenario_rapid_throttle_transition.csv,0,rapid_throttle_transition,0
1780420040.5,40.5,580.415839495725,0.4158394957249273,580.295839495725,0.0,2.8846594997137696,2.9156964452028005,2.8204344910662464,3.2768032864508174,0.7158227494113589,2.8204344910662464,0.3884887118818666,3295.853223893626,729.397608998461,41.6070565499889,74.43143863113556,2.7852059655257526,10.237308928960044,0.9219995583895405,12.416,2.256,100.0,healthy,0.0,1.0,scenario_rapid_throttle_transition,scenario_rapid_throttle_transition.csv,0,rapid_throttle_transition,0
1780420040.75,40.75,580.0052822236717,0.00528222367167836,579.8852822236717,0.0,2.903914401520106,2.9121285592638255,359.2614794206835,2.5485388305677388,1.4813356719244377,359.2614794206835,0.3880114465225983,2805.4637447889213,720.5479480779126,73.31708586271127,51.877569212915546,2.962219567806435,13.544286369049082,0.8078415861008872,12.637,2.129,100.0,healthy,0.0,1.0,scenario_rapid_throttle_transition,scenario_rapid_throttle_transition.csv,0,rapid_throttle_transition,0
1780420041.0,41.0,582.4584330696235,2.4584330696235925,582.3384330696235,0.0,2.8767527400115815,2.74437230643139,5.944319144879241,2.7873803420472396,1.887343828703807,5.944319144879241,0.3926617530510467,3628.0588612842575,738.9260650240419,57.55314602977961,67.25186109299379,2.9262882908556147,3.6497774041540314,0.9299061888422583,12.524,2.041,100.0,healthy,0.0,1.0,scenario_rapid_throttle_transition,scenario_rapid_throttle_transition.csv,0,rapid_throttle_transition,0
1780420041.25,41.25,580.0,0.0,579.88,0.0,2.887348405415969,2.8557987833493157,6.457968896654615,2.3880732549684214,1.4211794400987527,6.457968896654615,0.3934911297757888,3273.454446089652,763.0495121732505,68.20460889793914,36.26383052550449,2.761682613308376,8.846368694185461,0.9966089088806904,12.428,2.042,100.0,healthy,0.0,1.0,scenario_rapid_throttle_transition,scenario_rapid_throttle_transition.csv,0,rapid_throttle_transition,0
1780420041.5,41.5,581.7211020572801,1.721102057280082,581.6011020572801,0.0,2.856623030896232,2.9253700009192847,10.846956065799137,3.2351052833303346,1.0794024524812564,10.846956065799137,0.3957210447567544,3095.488508047489,724.4452101123096,78.5714602664708,49.57365031534753,3.1704753064930453,10.428352166708049,0.8230585137149733,12.544,2.171,100.0,healthy,0.0,1.0,scenario_rapid_throttle_transition,scenario_rapid_throttle_transition.csv,0,rapid_throttle_transition,0
1780420041.75,41.75,580.4990989220278,0.4990989220277987,580.3790989220278,0.0,2.8847648992294146,2.818986661646857,11.878972635821954,3.9498775506613435,0.752657995596013,11.878972635821954,0.3999704168553383,3079.9799637367464,776.0239308547771,47.94522227660367,56.39265644065125,3.0258615916330673,9.595457575203785,0.8667325093356342,12.563,2.262,100.0,healthy,0.0,1.0,scenario_rapid_throttle_transition,scenario_rapid_throttle_transition.csv,0,rapid_throttle_transition,0
1780420042.0,42.0,582.8766762727911,2.8766762727910793,582.7566762727911,0.0,2.858529333578533,2.8610519528167866,1.9352686254808336,3.532320308101612,1.342587279344701,1.9352686254808336,0.40088435762571767,2950.982291409959,774.5150119973497,52.69268582774879,53.21566036871051,2.7141305149379926,10.553700812103543,1.0135408966504615,12.517,2.206,100.0,healthy,0.0,1.0,scenario_rapid_throttle_transition,scenario_rapid_throttle_transition.csv,0,rapid_throttle_transition,0
1780420042.25,42.25,580.0,0.0,579.88,0.0,14.846628426683207,14.219933044053228,4.211563483937428,2.5324563158671656,1.96495922861761,4.211563483937428,0.8502114375478402,4161.752718615789,829.8788785058614,62.29025759682605,27.605534298289328,3.044766254593206,11.70862136326205,0.8834972924908532,12.393,3.41,100.0,healthy,0.0,1.0,scenario_rapid_throttle_transition,scenario_rapid_throttle_transition.csv,0,rapid_throttle_transition,0
1780420042.5,42.5,580.0,0.0,579.88,0.0,14.86382598155261,14.418908792919197,4.6649146453670935,2.2960462141864255,1.3214515638205824,4.6649146453670935,0.853885959919516,4398.923167050695,719.5025553460479,84.47015595875959,53.0103561149184,3.3225533505700935,14.170053676478764,1.0298117741713841,12.417,3.255,100.0,healthy,0.0,1.0,scenario_rapid_throttle_transition,scenario_rapid_throttle_transition.csv,0,rapid_throttle_transition,0
1780420042.75,42.75,582.358873970912,2.3588739709119455,582.238873970912,0.0,14.920824273479658,15.483635697424438,0.5013424466344647,2.384466222115045,1.6156362888951252,0.5013424466344647,0.854811737138922,3951.08228011514,806.2296031605938,68.18203335525347,72.05688058617083,3.4856258215931692,15.238959180777405,1.0117567649842527,12.436,3.335,100.0,healthy,0.0,1.0,scenario_rapid_throttle_transition,scenario_rapid_throttle_transition.csv,0,rapid_throttle_transition,0
1780420043.0,43.0,580.0,0.0,579.88,0.0,15.019302052737189,15.61600010700788,9.863819480212937,2.842995549462171,2.498065052644784,9.863819480212937,0.8562247352177978,4434.923385878793,800.8627519981259,68.29976331123608,53.78653083786525,3.8669252378460723,16.369147281316806,1.137332314488773,12.423,3.152,100.0,healthy,0.0,1.0,scenario_rapid_throttle_transition,scenario_rapid_throttle_transition.csv,0,rapid_throttle_transition,0
1780420043.25,43.25,582.4729246560281,2.4729246560281153,582.3529246560281,0.0,15.022713780057128,15.324258113266822,2.0617213191245574,2.90898622202899,1.8230837848732828,2.0617213191245574,0.8529802376350492,5399.858892494849,856.5725597889212,106.2646567588695,70.4890245412745,4.300655567475835,11.87925025878991,1.0971791226768846,12.429,3.245,100.0,healthy,0.0,1.0,scenario_rapid_throttle_transition,scenario_rapid_throttle_transition.csv,0,rapid_throttle_transition,0
1780420043.5,43.5,580.0,0.0,579.88,0.0,15.026886355983068,14.73883254260909,4.342828705511519,3.396600184997083,1.745449334760413,4.342828705511519,0.8515420081249481,4940.48838850142,876.3083187436874,74.8056398499779,52.92163655199532,4.389555001145231,19.86753968341372,0.9339772777411677,12.459,3.412,100.0,healthy,0.0,1.0,scenario_rapid_throttle_transition,scenario_rapid_throttle_transition.csv,0,rapid_throttle_transition,0
1780420043.75,43.75,584.5774230290513,4.577423029051261,584.4574230290513,0.0,15.108925990500852,14.400441395794543,4.191861395435825,1.638063948420043,1.2579764475718036,4.191861395435825,0.8546985432424372,5346.0970298322045,888.502366313068,93.09835743572957,54.58261784315049,4.400459790412941,18.220686411573983,1.0941271264615915,12.388,3.399,100.0,healthy,0.0,1.0,scenario_rapid_throttle_transition,scenario_rapid_throttle_transition.csv,0,rapid_throttle_transition,0
1780420044.0,44.0,580.0,0.0,579.88,0.0,15.134037853767143,15.35300470422768,9.059784752282473,3.917047838468672,0.7340853051624472,9.059784752282473,0.8570050334805124,4204.680109573361,856.2919536967183,87.74444289596451,59.17630361720582,4.782177533693259,13.031139139309614,1.1219648656676064,12.414,3.351,100.0,healthy,0.0,1.0,scenario_rapid_throttle_transition,scenario_rapid_throttle_transition.csv,0,rapid_throttle_transition,0
1780420044.25,44.25,580.0,0.0,579.88,0.0,15.238926183766837,15.07891545982835,358.3876613063796,2.344211046599671,1.3982763341362057,358.3876613063796,0.8536899305490112,4893.845336167455,836.9714416670693,90.38697720344365,77.64817550070721,4.022795676215198,18.490274184676117,1.0409138592414078,12.508,3.362,100.0,healthy,0.0,1.0,scenario_rapid_throttle_transition,scenario_rapid_throttle_transition.csv,0,rapid_throttle_transition,0
1780420044.5,44.5,580.651065277347,0.6510652773470449,580.531065277347,0.0,15.256092130044484,14.920116347556572,4.613608004786339,3.5950065790294436,1.0956199808793372,4.613608004786339,0.8515572332409638,5143.39955916142,876.4096903667055,91.78732569506877,56.50073037250955,4.216663404283514,17.854386305374405,0.997041433905499,12.459,3.42,100.0,healthy,0.0,1.0,scenario_rapid_throttle_transition,scenario_rapid_throttle_transition.csv,0,rapid_throttle_transition,0
1780420044.75,44.75,580.6093964943547,0.6093964943546857,580.4893964943547,0.0,15.345873725575315,15.06792552751208,3.1621605991195905,3.598130523480572,0.9157213959829624,3.1621605991195905,0.8533053037640964,4728.688204771404,883.7606017435478,38.972361365252596,61.57339514072223,4.116121092788768,16.67582557069087,0.9948235302509071,12.454,3.542,100.0,healthy,0.0,1.0,scenario_rapid_throttle_transition,scenario_rapid_throttle_transition.csv,0,rapid_throttle_transition,0
1780420045.0,45.0,581.0555140738635,1.055514073863498,580.9355140738635,0.0,15.342496206739598,14.66114923043663,356.94807380253627,2.2545003296848205,1.8149339521110996,356.94807380253627,0.8561294385232219,5582.012078845858,863.368221277048,97.84806390237357,10.530701357271106,4.587634635298956,19.08933160898818,0.9857432510762046,12.432,3.442,100.0,healthy,0.0,1.0,scenario_rapid_throttle_transition,scenario_rapid_throttle_transition.csv,0,rapid_throttle_transition,0
1780420045.25,45.25,580.0,0.0,579.88,0.0,15.43662777801038,15.534046623785473,10.017242111595369,3.9900536301367975,1.4248351584521084,10.017242111595369,0.8553678251845381,4520.171152728204,878.8295976123467,82.65676201846343,41.30125647353533,4.125951634063946,17.754534076132195,0.8521442735285768,12.489,3.614,100.0,healthy,0.0,1.0,scenario_rapid_throttle_transition,scenario_rapid_throttle_transition.csv,0,rapid_throttle_transition,0
1780420045.5,45.5,582.5242987772331,2.5242987772330303,582.4042987772331,0.0,15.48482749582619,15.82075167778321,7.189254591461308,2.76206751326544,1.3432671697815863,7.189254591461308,0.8589237190662963,4965.2559359111165,902.6933983562128,103.36388678835344,65.59251686584759,4.544153397460467,22.091067805894607,1.201254289443986,12.386,3.338,100.0,healthy,0.0,1.0,scenario_rapid_throttle_transition,scenario_rapid_throttle_transition.csv,0,rapid_throttle_transition,0
1780420045.75,45.75,580.7699118737947,0.7699118737947837,580.6499118737947,0.0,15.583562168881151,15.04983122039548,4.507634074017272,2.4487077009441363,1.4042626834029894,4.507634074017272,0.8598626166190133,5229.823452150896,884.4491585450072,60.3350884860732,81.54539252063839,3.8358438274912325,15.787949471082236,1.1585584146685914,12.517,3.294,100.0,healthy,0.0,1.0,scenario_rapid_throttle_transition,scenario_rapid_throttle_transition.csv,0,rapid_throttle_transition,0
1780420046.0,46.0,580.0,0.0,579.88,0.0,15.645455594254695,15.062425133070262,10.95242288755215,2.4644814577115874,0.9023577252559687,10.95242288755215,0.8637551617507817,5658.798147939726,943.8830287902339,80.7714086457722,34.72965746944268,4.542190447977337,18.03786228008062,0.9796729973713512,12.311,3.454,100.0,healthy,0.0,1.0,scenario_rapid_throttle_transition,scenario_rapid_throttle_transition.csv,0,rapid_throttle_transition,0
1780420046.25,46.25,580.0,0.0,579.88,0.0,15.74366358269776,16.50310588334964,5.170546006708203,3.1202344006705776,1.081851436354997,5.170546006708203,0.8676317620025581,5062.372733415432,919.1046943183597,100.45633197772736,90.91569203788013,4.091308112817204,20.171557910614478,1.1248810098770354,12.483,3.55,100.0,healthy,0.0,1.0,scenario_rapid_throttle_transition,scenario_rapid_throttle_transition.csv,0,rapid_throttle_transition,0
1780420046.5,46.5,583.0583687406906,3.0583687406906073,582.9383687406906,0.0,15.806493304407011,16.17412782990738,5.317037219827083,3.082318968948454,1.789473565021618,5.317037219827083,0.8639803209290908,4660.536601547615,841.0887383614314,83.6990085828355,65.83785515663008,4.506716279720483,20.519548539852504,1.0211114622225457,12.412,3.262,100.0,healthy,0.0,1.0,scenario_rapid_throttle_transition,scenario_rapid_throttle_transition.csv,0,rapid_throttle_transition,0
1780420046.75,46.75,583.3534400171692,3.3534400171691976,583.2334400171692,0.0,15.794734653113036,15.12219548616326,1.1933559526839872,3.0642954681488144,0.7704876230850973,1.1933559526839872,0.86433101589217,5226.672721727678,832.9744565006396,102.0183258043663,51.964219485151915,4.1043411010713635,20.17107874522215,1.0496573635162938,12.455,3.446,100.0,healthy,0.0,1.0,scenario_rapid_throttle_transition,scenario_rapid_throttle_transition.csv,0,rapid_throttle_transition,0
1780420047.0,47.0,580.2684272325181,0.26842723251809525,580.1484272325181,0.0,15.84098192086409,15.209335140118373,3.8485817688168678,2.501069613632258,1.4408906174860525,3.8485817688168678,0.8661796408552931,5361.228275590004,882.400300995936,78.48265508987109,53.919726504527915,4.434300582778847,19.811225016751745,1.068186857976891,12.463,3.313,100.0,healthy,0.0,1.0,scenario_rapid_throttle_transition,scenario_rapid_throttle_transition.csv,0,rapid_throttle_transition,0
1780420047.25,47.25,582.1234121989008,2.1234121989008203,582.0034121989008,0.0,15.853113378484608,16.0119861912733,3.7427640288721253,2.1139945584180864,1.6440766189756,3.7427640288721253,0.8678975907409053,4616.375104944719,887.7052348473057,111.91551440864643,79.45373199926955,4.652765230425086,20.47107418176051,0.9839502239250624,12.435,3.391,100.0,healthy,0.0,1.0,scenario_rapid_throttle_transition,scenario_rapid_throttle_transition.csv,0,rapid_throttle_transition,0
1780420047.5,47.5,580.0,0.0,579.88,0.0,15.870971392467135,15.663699148490242,13.039056996829633,3.1840602783213123,1.6415883543751322,13.039056996829633,0.865038709263783,5907.067220467968,919.541992410874,93.8892926267989,76.14295921913995,4.041265321623825,20.01847792596065,1.1079392090476643,12.445,3.293,100.0,healthy,0.0,1.0,scenario_rapid_throttle_transition,scenario_rapid_throttle_transition.csv,0,rapid_throttle_transition,0
1780420047.75,47.75,580.0,0.0,579.88,0.0,15.863272494611651,15.734196337848056,9.417516660472309,1.7662797377038746,0.724163174365301,9.417516660472309,0.8632393719619577,5295.330094915439,895.544680153643,75.13686667654056,74.67431576045716,4.67720463679294,14.093419430445985,0.9678515902760204,12.334,3.314,100.0,healthy,0.0,1.0,scenario_rapid_throttle_transition,scenario_rapid_throttle_transition.csv,0,rapid_throttle_transition,0
1780420048.0,48.0,582.0150839845444,2.0150839845443844,581.8950839845444,0.0,15.958168819108547,16.368594977195215,4.066941159513685,1.4655273620142648,0.8969685571265358,4.066941159513685,0.8632795442336338,5072.077027436051,898.0129398299063,124.3975300749023,53.903556660544595,3.817153771704184,19.727381480868225,1.0605682228874995,12.56,3.537,100.0,healthy,0.0,1.0,scenario_rapid_throttle_transition,scenario_rapid_throttle_transition.csv,0,rapid_throttle_transition,0
1780420048.25,48.25,580.607648144187,0.6076481441870555,580.487648144187,0.0,15.993715547711975,15.829548045447288,9.102465415835663,4.094553387211084,0.39786718795326104,9.102465415835663,0.8605667273396941,5105.049478650002,926.8618443746223,101.1925361108704,83.20880865050916,4.511847397120758,20.638044092951624,0.9688320403054009,12.414,3.423,100.0,healthy,0.0,1.0,scenario_rapid_throttle_transition,scenario_rapid_throttle_transition.csv,0,rapid_throttle_transition,0
1780420048.5,48.5,580.991753829147,0.9917538291469907,580.871753829147,0.0,16.08386291897883,16.18468261844678,2.143053384832157,1.8687090956995744,2.359555994600833,2.143053384832157,0.8607752136196798,5360.110648397437,861.1727066932451,85.31110556489784,64.21988124845853,4.358268254391701,20.406152242350228,0.9068784320464913,12.457,3.262,100.0,healthy,0.0,1.0,scenario_rapid_throttle_transition,scenario_rapid_throttle_transition.csv,0,rapid_throttle_transition,0
1780420048.75,48.75,580.0,0.0,579.88,0.0,16.11119918320749,15.688407956656256,8.300838733056978,2.4815042812723624,0.9193051474454477,8.300838733056978,0.8606276545319702,5148.922040371236,862.0069248290447,106.19540658193198,76.21103652051309,4.578015091512159,21.633810553866688,1.1089077833787535,12.429,3.126,100.0,healthy,0.0,1.0,scenario_rapid_throttle_transition,scenario_rapid_throttle_transition.csv,0,rapid_throttle_transition,0
1780420049.0,49.0,580.0,0.0,579.88,0.0,16.096272062863214,16.620726162138755,4.871369689919815,2.22700807453435,1.704693510086192,4.871369689919815,0.8644209882732624,5374.591492136831,879.214667679133,100.90942522345486,81.12396728464051,4.4692544026855385,18.815356084550235,1.05191165198551,12.483,3.322,100.0,healthy,0.0,1.0,scenario_rapid_throttle_transition,scenario_rapid_throttle_transition.csv,0,rapid_throttle_transition,0
1780420049.25,49.25,582.2045836112924,2.2045836112923753,582.0845836112924,0.0,16.18258916225391,16.79644751043688,10.738237788682149,2.1684954329709414,1.7117047266966328,10.738237788682149,0.8624525496286565,5028.026226926644,898.7119202442279,76.06497222723463,82.80482791649686,4.067476405049004,18.467090345972064,1.0179727752055092,12.464,3.368,100.0,healthy,0.0,1.0,scenario_rapid_throttle_transition,scenario_rapid_throttle_transition.csv,0,rapid_throttle_transition,0
1780420049.5,49.5,580.0,0.0,579.88,0.0,16.26682594679133,16.05936984753775,6.325939791435964,2.4705223535746965,1.1429806744345274,6.325939791435964,0.8656599286250904,5238.705936591425,932.5681662997833,129.8146327163948,58.011516818826834,4.429723174315364,23.871883703691122,0.9084745068188025,12.414,3.455,100.0,healthy,0.0,1.0,scenario_rapid_throttle_transition,scenario_rapid_throttle_transition.csv,0,rapid_throttle_transition,0
1780420049.75,49.75,580.0,0.0,579.88,0.0,16.26677933927325,16.555832275053216,9.254662972321572,0.6280774137264045,0.34156088802811213,9.254662972321572,0.8647741314265908,4849.1470500386695,938.9752010856579,88.94969959995483,64.16318992305997,4.273442433469323,18.791790872764665,1.0542383304015375,12.426,3.464,100.0,healthy,0.0,1.0,scenario_rapid_throttle_transition,scenario_rapid_throttle_transition.csv,0,rapid_throttle_transition,0
1780420050.0,50.0,580.0,0.0,579.88,0.0,16.344303329244326,16.577602423748047,15.504142581900275,3.917289564285259,0.4736211716746228,15.504142581900275,0.8613639559476959,5243.312800443896,899.8320904718834,128.79119356699294,58.84514092578878,4.486345302929417,19.608582447688416,1.0204211361544606,12.455,3.309,100.0,healthy,0.0,1.0,scenario_rapid_throttle_transition,scenario_rapid_throttle_transition.csv,0,rapid_throttle_transition,0
1780420050.25,50.25,580.0,0.0,579.88,0.0,16.406545993333204,15.763580888980975,3.1035454548446553,1.6393079780344437,1.6103478532005933,3.1035454548446553,0.8618505926622482,5486.626919297996,916.4693639841045,92.37125924218616,80.69889083555175,4.755315757261228,17.53742893802503,0.8904369001780346,12.57,3.471,100.0,healthy,0.0,1.0,scenario_rapid_throttle_transition,scenario_rapid_throttle_transition.csv,0,rapid_throttle_transition,0
1780420050.5,50.5,580.0,0.0,579.88,0.0,16.489269129571934,16.753971900635477,0.6151783593598017,1.5800108357747198,1.243272164614649,0.6151783593598017,0.8637273157977515,5192.994181935875,947.7838681536699,120.08779148926757,62.49616606635098,4.8494067539136365,22.835802233065913,1.140277416793216,12.36,3.166,100.0,healthy,0.0,1.0,scenario_rapid_throttle_transition,scenario_rapid_throttle_transition.csv,0,rapid_throttle_transition,0
1780420050.75,50.75,580.0,0.0,579.88,0.0,16.51549946898383,16.799348841333053,7.662556957634428,2.5848856267161673,1.6976983893354802,7.662556957634428,0.8624377631949659,4081.643548062142,899.3447558712795,112.23509290439469,65.19575119459417,4.107046941271691,21.09306395096597,1.1430628797868512,12.336,3.347,100.0,healthy,0.0,1.0,scenario_rapid_throttle_transition,scenario_rapid_throttle_transition.csv,0,rapid_throttle_transition,0
1780420051.0,51.0,580.0,0.0,579.88,0.0,16.598047346129547,16.357846041832136,7.282392136567985,3.4964303679144484,0.819589076307967,7.282392136567985,0.8659448383237119,5316.466377595998,916.7952480028551,119.15198312002559,76.74512502333124,4.722398879319303,16.27722002905029,1.0724132786071625,12.389,3.386,100.0,healthy,0.0,1.0,scenario_rapid_throttle_transition,scenario_rapid_throttle_transition.csv,0,rapid_throttle_transition,0
1780420051.25,51.25,580.0,0.0,579.88,0.0,16.607374901550294,16.272496742240904,8.464756755652559,3.0987292094300614,0.48579140195437126,8.464756755652559,0.8645584871577613,4889.271307375229,924.3131995160173,94.53816877667329,81.17158856649598,4.200080269802875,20.599376650870983,1.0122489956587795,12.524,3.427,100.0,healthy,0.0,1.0,scenario_rapid_throttle_transition,scenario_rapid_throttle_transition.csv,0,rapid_throttle_transition,0
1780420051.5,51.5,581.1986397592701,1.1986397592700955,581.0786397592701,0.0,16.608226524543543,16.831605459244056,4.023470481158801,1.4447108471800003,0.6696435918946304,4.023470481158801,0.8623415790853367,4799.040023456037,925.4819982126678,126.94150248475628,62.80771309783045,4.311263551065392,23.00760567190216,1.0395303584933189,12.433,3.36,100.0,healthy,0.0,1.0,scenario_rapid_throttle_transition,scenario_rapid_throttle_transition.csv,0,rapid_throttle_transition,0
1780420051.75,51.75,581.377002418293,1.3770024182930616,581.257002418293,0.0,16.64727274649439,15.838343672659045,7.090025177143432,2.169359628561444,1.0211148561081613,7.090025177143432,0.8653658268076196,4996.858456516976,907.5644013916134,103.96040155302934,57.473058776218,4.217362451796672,15.072821507877125,1.1419169760259003,12.39,3.534,100.0,healthy,0.0,1.0,scenario_rapid_throttle_transition,scenario_rapid_throttle_transition.csv,0,rapid_throttle_transition,0
1780420052.0,52.0,580.0,0.0,579.88,0.0,16.70907755030184,16.35957008549952,2.900016570960317,2.0578667208702104,1.121328792264315,2.900016570960317,0.8635862633162937,5027.730150663941,891.9668364873058,106.36119725380388,60.34937208575559,4.746175224034539,21.379239138017564,0.9814892242847965,12.365,3.249,100.0,healthy,0.0,1.0,scenario_rapid_throttle_transition,scenario_rapid_throttle_transition.csv,0,rapid_throttle_transition,0
1780420052.25,52.25,581.792318598148,1.7923185981479908,581.672318598148,0.0,16.729202025061838,16.879250980417538,10.359392345080423,2.4670154124313246,1.8391008502335033,10.359392345080423,0.8684336280212361,5963.736893232892,928.3597175206883,102.8856197185783,82.90690974725013,5.267084684935633,21.78784745280203,0.9829458669661286,12.455,3.455,100.0,healthy,0.0,1.0,scenario_rapid_throttle_transition,scenario_rapid_throttle_transition.csv,0,rapid_throttle_transition,0
1780420052.5,52.5,580.0,0.0,579.88,0.0,16.714557038430893,16.514406507462507,2.10752972905779,2.1402195861526994,0.6361306346616902,2.10752972905779,0.8701570550693374,5471.113364696444,892.8258723492356,107.56705713720565,70.9080167014167,5.0153200525130055,19.743068063179646,1.0143723448142747,12.415,3.464,100.0,healthy,0.0,1.0,scenario_rapid_throttle_transition,scenario_rapid_throttle_transition.csv,0,rapid_throttle_transition,0
1780420052.75,52.75,580.4975293077821,0.49752930778207155,580.3775293077821,0.0,16.73633473816042,16.077364500525803,7.449383374935437,3.2573966794087212,1.4371928566915595,7.449383374935437,0.8716144965166548,5764.73549664466,886.6736548028865,91.59705548534458,69.9464792492217,4.981044480906624,22.605366745506903,1.1390099512642178,12.442,3.442,100.0,healthy,0.0,1.0,scenario_rapid_throttle_transition,scenario_rapid_throttle_transition.csv,0,rapid_throttle_transition,0
1780420053.0,53.0,581.1382773570057,1.1382773570056972,581.0182773570057,0.0,16.78649309547963,17.46950200086196,6.126727072846839,1.9360061242172835,1.7325272931146625,6.126727072846839,0.8700514107531931,5445.272250550895,949.2933482755566,112.51457026913944,75.79204572163457,4.314834755838973,19.93042360208312,1.089773198652304,12.367,3.401,100.0,healthy,0.0,1.0,scenario_rapid_throttle_transition,scenario_rapid_throttle_transition.csv,0,rapid_throttle_transition,0
1780420053.25,53.25,580.3048933390023,0.3048933390023132,580.1848933390023,0.0,16.860073598365805,17.368566847199926,9.2655820546439,2.6078649903534648,1.0407339301591312,9.2655820546439,0.8706477392270515,5401.004399406209,925.6824428137837,122.33108269372919,77.11600130098795,5.5168081783909955,19.202172187264075,1.1102140441850934,12.4,3.528,100.0,healthy,0.0,1.0,scenario_rapid_throttle_transition,scenario_rapid_throttle_transition.csv,0,rapid_throttle_transition,0
1780420053.5,53.5,580.0,0.0,579.88,0.0,16.935231146791445,16.398163179704067,10.132390925423636,1.0463325631428837,1.7273044721115882,10.132390925423636,0.8679001842879068,6015.263316314292,924.1631081173176,109.2875498896017,66.46199460193372,4.319777044353742,21.762531709484087,0.9046414408669434,12.506,3.356,100.0,healthy,0.0,1.0,scenario_rapid_throttle_transition,scenario_rapid_throttle_transition.csv,0,rapid_throttle_transition,0
1780420053.75,53.75,580.0,0.0,579.88,0.0,17.012680884794726,17.316175434699268,0.046829168956503686,2.60900511968761,1.317214029739473,0.046829168956503686,0.8714664427615632,5656.627515046375,879.9962571875168,90.20221344367138,87.91807811750154,4.873085467513065,24.868062553733953,1.0933164538543338,12.452,3.467,100.0,healthy,0.0,1.0,scenario_rapid_throttle_transition,scenario_rapid_throttle_transition.csv,0,rapid_throttle_transition,0
1780420054.0,54.0,580.0,0.0,579.88,0.0,16.99469844143926,17.34235588843959,9.602812873995024,2.26883405984117,0.7402124061100147,9.602812873995024,0.8708383973629632,4955.621452872418,861.2498190134945,124.76867306714324,72.49088749019293,4.684989644510626,19.40753392833132,1.0031245933546362,12.354,3.263,100.0,healthy,0.0,1.0,scenario_rapid_throttle_transition,scenario_rapid_throttle_transition.csv,0,rapid_throttle_transition,0
1780420054.25,54.25,581.897626177916,1.8976261779160324,581.777626177916,0.0,17.058689818027442,17.158217441684663,0.43524876986206706,1.4359593859819162,1.50626776716213,0.43524876986206706,0.8752565278622604,5027.926524874054,892.1022093358553,134.13050543223773,72.17453383284291,4.408937577280676,19.07596995542153,0.9727527943288587,12.447,3.386,100.0,healthy,0.0,1.0,scenario_rapid_throttle_transition,scenario_rapid_throttle_transition.csv,0,rapid_throttle_transition,0
1780420054.5,54.5,580.1564944825959,0.15649448259596213,580.0364944825959,0.0,17.059350449270617,16.89434728276626,11.853889209401562,2.0448123997528005,0.8954118947947769,11.853889209401562,0.8766699717315554,5732.848684530545,866.3653867846427,121.21027069897383,70.56767663599797,4.310267580938501,20.077507286199747,1.0502618638847792,12.486,3.426,100.0,healthy,0.0,1.0,scenario_rapid_throttle_transition,scenario_rapid_throttle_transition.csv,0,rapid_throttle_transition,0
1780420054.75,54.75,580.0,0.0,579.88,0.0,17.098324825063827,16.76422006668137,1.8147776981104462,2.4185339833578015,0.7336871065195222,1.8147776981104462,0.8797106183122695,4863.8291166335885,934.1951738683,130.81382996694649,71.14549829580639,4.434519687995481,17.617754608095463,1.0790708512360285,12.396,3.396,100.0,healthy,0.0,1.0,scenario_rapid_throttle_transition,scenario_rapid_throttle_transition.csv,0,rapid_throttle_transition,0
1780420055.0,55.0,580.2420651617665,0.24206516176649137,580.1220651617665,0.0,17.197997684977338,17.643976076810045,4.328060981708228,2.242212807083535,0.6556288975372538,4.328060981708228,0.8810564244902909,5199.386101714038,917.8563319114137,120.60064014887804,88.30693273525294,4.141580856592489,18.930558070958465,0.9095638539241306,12.475,3.527,100.0,healthy,0.0,1.0,scenario_rapid_throttle_transition,scenario_rapid_throttle_transition.csv,0,rapid_throttle_transition,0
1780420055.25,55.25,583.1981848274954,3.1981848274953872,583.0781848274954,0.0,17.241511975584867,17.056849330409396,9.80966560244791,2.881680013910521,1.2165341292747271,9.80966560244791,0.8792936193372679,4377.756818393909,908.718167517108,112.64933112714658,78.56067911457545,4.723821815447286,19.354286904327914,0.8998081959316804,12.346,3.445,100.0,healthy,0.0,1.0,scenario_rapid_throttle_transition,scenario_rapid_throttle_transition.csv,0,rapid_throttle_transition,0
1780420055.5,55.5,583.3480052965326,3.3480052965326026,583.2280052965326,0.0,17.235245662150625,17.287579361036855,9.827852786911585,0.31839987601461206,1.1557817343415473,9.827852786911585,0.8811156150585094,4503.596989903622,943.7408339196382,130.27169509925284,61.102377240709075,4.622431704795495,17.706864042057884,0.9164209055835373,12.465,3.464,100.0,healthy,0.0,1.0,scenario_rapid_throttle_transition,scenario_rapid_throttle_transition.csv,0,rapid_throttle_transition,0
1780420055.75,55.75,582.7725687933346,2.772568793334609,582.6525687933346,0.0,17.33066103707351,18.051460979143485,357.9860540727686,2.674514602804658,0.1953925441565706,357.9860540727686,0.881157603319359,4906.091241628744,927.8299252062144,139.07036290611705,74.78029914811955,4.404642683050667,17.845283466621456,1.09694260516494,12.433,3.323,100.0,healthy,0.0,1.0,scenario_rapid_throttle_transition,scenario_rapid_throttle_transition.csv,0,rapid_throttle_transition,0
1780420056.0,56.0,580.6373167996187,0.6373167996186591,580.5173167996187,0.0,17.427596558617207,17.658657357898104,357.26652312634747,0.4330052879930726,0.3244718275193063,357.26652312634747,0.8848776433068916,5098.623121430541,916.5414222938319,95.80844361445028,85.96014740627454,4.578131007296236,18.294728914908816,0.9784829818488574,12.496,3.389,100.0,healthy,0.0,1.0,scenario_rapid_throttle_transition,scenario_rapid_throttle_transition.csv,0,rapid_throttle_transition,0
1780420056.25,56.25,580.0,0.0,579.88,0.0,17.521307289151178,17.376717839966815,1.0350974143648113,1.3749111998658057,1.19224700794412,1.0350974143648113,0.8859973870046599,5669.907222393468,871.8888104444845,83.70066289288701,56.893619628603545,4.573532647466421,19.71454767808544,1.0625734161674085,12.428,3.223,100.0,healthy,0.0,1.0,scenario_rapid_throttle_transition,scenario_rapid_throttle_transition.csv,0,rapid_throttle_transition,0
1780420056.5,56.5,580.0,0.0,579.88,0.0,17.59467657112312,18.19180789708668,9.379856735195487,1.4242658684871021,0.5233383087515592,9.379856735195487,0.8839717185045641,5489.190905767278,881.6691315839774,129.26569288105762,77.49614066863772,4.4825693930455435,18.91008243109303,1.0268295616639789,12.391,3.411,100.0,healthy,0.0,1.0,scenario_rapid_throttle_transition,scenario_rapid_throttle_transition.csv,0,rapid_throttle_transition,0
1780420056.75,56.75,582.1551662693959,2.155166269395856,582.0351662693959,0.0,17.576105123614344,18.32569931108707,5.065208551495013,2.179260090652776,-0.43771850718426664,5.065208551495013,0.8863791072510002,5214.40274004688,943.7156687944333,98.89375648532013,90.24572432413565,4.185518197481855,18.718109128581442,1.0047157971600205,12.334,3.579,100.0,healthy,0.0,1.0,scenario_rapid_throttle_transition,scenario_rapid_throttle_transition.csv,0,rapid_throttle_transition,0
1780420057.0,57.0,580.0,0.0,579.88,0.0,17.587854081238284,18.03653379065904,0.9344321770145445,0.3033840053447405,0.35283020284060007,0.9344321770145445,0.8899197179441375,5262.434279582225,912.2044886249982,120.12440242914066,94.30848160229513,4.725394075181144,15.870452217265044,1.1127836372444095,12.409,3.467,100.0,healthy,0.0,1.0,scenario_rapid_throttle_transition,scenario_rapid_throttle_transition.csv,0,rapid_throttle_transition,0
1780420057.25,57.25,580.0,0.0,579.88,0.0,17.585948496731653,17.28797708967082,3.8553240196745864,1.4255392154711048,0.470852784957016,3.8553240196745864,0.8877515833837246,4300.183303303198,906.6634096074264,110.441229342664,84.08366045239602,4.949741309645285,18.603245807632494,1.0868393630464677,12.422,3.363,100.0,healthy,0.0,1.0,scenario_rapid_throttle_transition,scenario_rapid_throttle_transition.csv,0,rapid_throttle_transition,0
1780420057.5,57.5,581.6184707877871,1.6184707877870985,581.4984707877871,0.0,17.60517811426272,17.048624029731457,9.102527150663564,2.8852790253289733,0.3907758105302898,9.102527150663564,0.8846797976370248,6215.999353341514,934.1694125237447,101.79680709095636,65.19585401510514,4.17154121503855,20.452513690037467,0.938718609621277,12.454,3.305,100.0,healthy,0.0,1.0,scenario_rapid_throttle_transition,scenario_rapid_throttle_transition.csv,0,rapid_throttle_transition,0
1780420057.75,57.75,580.0,0.0,579.88,0.0,17.61418533737134,17.91175668595781,7.0921371362888985,3.259303368203936,0.5265316537127114,7.0921371362888985,0.8814093970383964,5576.6536450392305,919.8175263010157,136.5267470002726,72.03126668268482,4.772295831316574,20.30392688332841,0.9278653681154999,12.328,3.476,100.0,healthy,0.0,1.0,scenario_rapid_throttle_transition,scenario_rapid_throttle_transition.csv,0,rapid_throttle_transition,0
1780420058.0,58.0,580.5307694352297,0.5307694352297236,580.4107694352297,0.0,17.673985900097087,17.452986920122115,2.66231521452713,1.579579923915146,1.4810426232803953,2.66231521452713,0.8826250398075185,5913.86560494701,903.6316911341759,104.8598001375008,102.98376360392453,4.8988970710164494,19.50582794445401,0.963156986852197,12.378,3.612,100.0,healthy,0.0,1.0,scenario_rapid_throttle_transition,scenario_rapid_throttle_transition.csv,0,rapid_throttle_transition,0
1780420058.25,58.25,580.0,0.0,579.88,0.0,17.719486550456327,17.01766519267198,9.39920922266704,1.054373922449326,-0.3881726773881221,9.39920922266704,0.8804093349790877,5554.889151708742,930.0763925222902,118.48870536198187,93.07006002642635,4.48007275138141,21.044415798887737,1.0278124572184228,12.354,3.364,100.0,healthy,0.0,1.0,scenario_rapid_throttle_transition,scenario_rapid_throttle_transition.csv,0,rapid_throttle_transition,0
1780420058.5,58.5,580.1624643857031,0.16246438570304586,580.042464385703,0.0,17.796104832352768,17.929508517070197,1.7331913219178343,1.8289198490635437,0.7138092234064485,1.7331913219178343,0.8846874301264933,4743.206720096945,862.5287947728468,121.95066659986071,71.13862399017826,4.307016694325622,20.74250328021295,1.049579035783362,12.468,3.304,100.0,healthy,0.0,1.0,scenario_rapid_throttle_transition,scenario_rapid_throttle_transition.csv,0,rapid_throttle_transition,0
1780420058.75,58.75,580.0,0.0,579.88,0.0,17.778892272325614,18.2889542865602,8.382067829684079,1.5678727865699285,0.2659601169690307,8.382067829684079,0.884302891890908,5690.473808014606,898.7872320708291,103.3155174164061,67.65050825481512,4.239183446913883,20.352486347839157,0.9199614454437118,12.423,3.451,100.0,healthy,0.0,1.0,scenario_rapid_throttle_transition,scenario_rapid_throttle_transition.csv,0,rapid_throttle_transition,0
1780420059.0,59.0,582.2915073356965,2.291507335696426,582.1715073356964,0.0,17.817160221600602,18.133038954530434,6.152943072556205,0.6743832757009244,0.7964702920086126,6.152943072556205,0.8866478577988953,4856.2596648569215,939.507124755339,101.46404096381723,81.32330081880866,4.809583465959348,21.92949264908928,1.0567109168946902,12.383,3.404,100.0,healthy,0.0,1.0,scenario_rapid_throttle_transition,scenario_rapid_throttle_transition.csv,0,rapid_throttle_transition,0
1780420059.25,59.25,580.0,0.0,579.88,0.0,17.869692847258385,17.71360911449839,9.752501970439518,1.1598335833785098,1.3948936077234046,9.752501970439518,0.890310402420855,4943.778943246232,901.7307088774869,119.94930490527034,95.87038869688381,4.614615560182504,15.058360389714913,0.9823023536128166,12.392,3.331,100.0,healthy,0.0,1.0,scenario_rapid_throttle_transition,scenario_rapid_throttle_transition.csv,0,rapid_throttle_transition,0
1780420059.5,59.5,580.6218317113443,0.6218317113442245,580.5018317113443,0.0,17.88147131546271,17.507127483391887,7.980410791418224,0.5194201020042024,-0.29472348716139835,7.980410791418224,0.8873991146628135,5466.496867758635,899.5780405490746,136.31043499156988,99.6159170029493,4.98607391241293,16.83039346153288,1.2632773431284325,12.438,3.401,100.0,healthy,0.0,1.0,scenario_rapid_throttle_transition,scenario_rapid_throttle_transition.csv,0,rapid_throttle_transition,0
1780420059.75,59.75,580.0,0.0,579.88,0.0,17.884711413478826,17.642361833726852,2.3318205742976392,1.0433319822647071,0.08291929462956554,2.3318205742976392,0.8861290724504463,4871.4632164736995,908.1936058395664,116.86403597432128,59.870477013939414,4.120960140963088,19.29572793347071,1.1075974579286303,12.408,3.512,100.0,healthy,0.0,1.0,scenario_rapid_throttle_transition,scenario_rapid_throttle_transition.csv,0,rapid_throttle_transition,0
1780420060.0,60.0,580.9213913541957,0.9213913541957293,580.8013913541957,0.0,17.90538860992106,17.997909022679323,9.46837755470957,0.9049613593182307,0.08588109832293056,9.46837755470957,0.8823961803365229,5446.84672349114,959.670132555624,93.00655303549604,89.03207636532514,4.953043861181015,22.9729710283733,1.0915933506964406,12.491,3.514,100.0,healthy,0.0,1.0,scenario_rapid_throttle_transition,scenario_rapid_throttle_transition.csv,0,rapid_throttle_transition,0
1780420060.25,60.25,581.1245343625063,1.1245343625063047,581.0045343625063,0.0,17.962987762043863,18.692830380891685,2.427509634322421,2.53217959688488,0.5478155951485748,2.427509634322421,0.8800951864933962,4655.895015827773,910.4032878062352,160.17266634104612,84.27424686522154,4.654014964401081,22.871161545627242,1.0377710728085927,12.371,3.36,100.0,healthy,0.0,1.0,scenario_rapid_throttle_transition,scenario_rapid_throttle_transition.csv,0,rapid_throttle_transition,0
1780420060.5,60.5,581.5700735175911,1.570073517591165,581.4500735175911,0.0,18.011357202027874,18.304363240156473,9.730043385444258,1.6778851200745224,-0.18710667923491614,9.730043385444258,0.8848952198271197,5386.0428749581715,889.308790691189,129.18217367445314,101.27963376478417,4.566090045840955,18.423478569122416,0.9328972187644327,12.355,3.367,100.0,healthy,0.0,1.0,scenario_rapid_throttle_transition,scenario_rapid_throttle_transition.csv,0,rapid_throttle_transition,0
1780420060.75,60.75,580.0419270880113,0.0419270880113643,579.9219270880113,0.0,18.056141742073468,17.820392062264673,5.467875865416821,1.0839501033576835,0.6887517534859937,5.467875865416821,0.8854579840666268,5166.839983887069,944.1866164423296,162.74362786089267,62.64531947351739,3.8710722226357412,20.03555516874382,0.9347187422079801,12.462,3.432,100.0,healthy,0.0,1.0,scenario_rapid_throttle_transition,scenario_rapid_throttle_transition.csv,0,rapid_throttle_transition,0
1780420061.0,61.0,581.0057470346707,1.005747034670705,580.8857470346707,0.0,18.090549855161928,18.17078155609085,4.240375254965381,1.208820478136206,0.5844059929836488,4.240375254965381,0.8891620322221852,4894.221379545964,921.2262419162417,171.50334951217292,90.58742308580874,4.370056680112946,23.380769084914167,0.8771928169310912,12.493,3.326,100.0,healthy,0.0,1.0,scenario_rapid_throttle_transition,scenario_rapid_throttle_transition.csv,0,rapid_throttle_transition,0
1780420061.25,61.25,580.0,0.0,579.88,0.0,18.14429191701251,17.53755735969274,4.773742227697131,0.29913005147751237,0.4216881404614504,4.773742227697131,0.8920188191385007,5775.499362102947,872.957986826682,151.51527730100682,69.10244071099407,4.573975731938424,22.05065350230273,0.9590577497934648,12.492,3.497,100.0,healthy,0.0,1.0,scenario_rapid_throttle_transition,scenario_rapid_throttle_transition.csv,0,rapid_throttle_transition,0
1780420061.5,61.5,580.4410678729737,0.441067872973711,580.3210678729737,0.0,18.15753651465965,18.76284522413527,9.29030914079294,1.458275709185364,0.40109925298182514,9.29030914079294,0.8896853904096871,4922.779588827001,949.1839674171558,134.36625269232013,87.01577234368838,4.804049962182252,17.05184376783766,0.9365468394628328,12.431,3.371,100.0,healthy,0.0,1.0,scenario_rapid_throttle_transition,scenario_rapid_throttle_transition.csv,0,rapid_throttle_transition,0
1780420061.75,61.75,580.0,0.0,579.88,0.0,18.155503526128065,17.76235449674215,5.898530337337048,1.1803772791052631,0.2529355743917296,5.898530337337048,0.8909300662805183,5234.748714954598,907.6691428584488,122.70460766798553,80.68289034693717,4.816812161915925,23.252425542442808,0.9997344459165757,12.476,3.483,100.0,healthy,0.0,1.0,scenario_rapid_throttle_transition,scenario_rapid_throttle_transition.csv,0,rapid_throttle_transition,0
1780420062.0,62.0,580.0,0.0,579.88,0.0,18.25656524491794,18.17161771180929,3.4308848999945276,0.7651820832997978,0.19348660896145511,3.4308848999945276,0.8950163679922296,5710.711213220839,961.8285072834277,100.52811083463129,68.12659558342001,4.704921543579017,19.118164225882094,0.9944754490020726,12.409,3.401,100.0,healthy,0.0,1.0,scenario_rapid_throttle_transition,scenario_rapid_throttle_transition.csv,0,rapid_throttle_transition,0
1780420062.25,62.25,580.0,0.0,579.88,0.0,18.351831776531068,18.319240639398643,5.075716787080899,2.6227969061359566,0.5212779575345419,5.075716787080899,0.8924781920038976,5477.0076862692695,887.8106693346259,125.23208521481573,84.79738212717338,4.737065526057215,17.371164431766484,1.045236089490935,12.475,3.531,100.0,healthy,0.0,1.0,scenario_rapid_throttle_transition,scenario_rapid_throttle_transition.csv,0,rapid_throttle_transition,0
1780420062.5,62.5,580.0,0.0,579.88,0.0,18.44719660937039,18.611465364643887,3.304925926095438,2.663277425191659,0.3948829381382192,3.304925926095438,0.8951923821573287,5444.678549565226,877.4055440834894,109.33639851546988,80.01175343795715,5.010042262554416,21.161228051341734,1.0473214276584246,12.344,3.423,100.0,healthy,0.0,1.0,scenario_rapid_throttle_transition,scenario_rapid_throttle_transition.csv,0,rapid_throttle_transition,0
1780420062.75,62.75,580.0,0.0,579.88,0.0,18.487786954465456,17.576697817646743,5.364969781075557,0.8464958111455769,-0.790142210640341,5.364969781075557,0.8921707460533117,5181.882396166807,922.838913024668,160.43423079665152,76.55016365778563,5.279085938324297,19.22130771693967,1.056878667914388,12.385,3.304,100.0,healthy,0.0,1.0,scenario_rapid_throttle_transition,scenario_rapid_throttle_transition.csv,0,rapid_throttle_transition,0
1780420063.0,63.0,580.0,0.0,579.88,0.0,18.514762104695194,19.040189607509987,3.0323079843193046,2.3681782540802985,0.23758507195007464,3.0323079843193046,0.8908965274695577,5684.018800512674,949.9535362663363,125.54321372772885,106.5834872767173,4.343126399424673,21.400204648643065,1.0089663190876887,12.434,3.355,100.0,healthy,0.0,1.0,scenario_rapid_throttle_transition,scenario_rapid_throttle_transition.csv,0,rapid_throttle_transition,0
1780420063.25,63.25,581.4798559303446,1.4798559303445824,581.3598559303446,0.0,18.54089161503214,18.241340976965184,8.085277138185226,0.9961527205304745,-0.13635443967503355,8.085277138185226,0.8896939703837036,5248.401523661617,904.5913995512368,99.16941263256301,93.44916885896643,4.238490595082928,20.377440605733042,0.9406563560200949,12.355,3.376,100.0,healthy,0.0,1.0,scenario_rapid_throttle_transition,scenario_rapid_throttle_transition.csv,0,rapid_throttle_transition,0
1780420063.5,63.5,582.0597237329503,2.059723732950271,581.9397237329503,0.0,18.54636137832473,18.33182821705357,7.752350308806872,1.3367580691253813,0.3319949276687363,7.752350308806872,0.891832186802761,5394.013183741324,916.4475690113171,134.893927895866,86.179005180034,4.933378811776805,19.34826986498687,1.08072616158977,12.422,3.273,100.0,healthy,0.0,1.0,scenario_rapid_throttle_transition,scenario_rapid_throttle_transition.csv,0,rapid_throttle_transition,0
1780420063.75,63.75,580.0,0.0,579.88,0.0,18.649124577415275,18.14871443185001,3.3397700662523184,1.0375135494419885,0.3229693167393298,3.3397700662523184,0.8929571452020378,5271.33533461485,933.9913281778073,104.32297226064634,74.78244637241313,4.703592385780285,18.210603997596284,0.90726764983343,12.435,3.456,100.0,healthy,0.0,1.0,scenario_rapid_throttle_transition,scenario_rapid_throttle_transition.csv,0,rapid_throttle_transition,0
1780420064.0,64.0,581.6002533624517,1.6002533624516158,581.4802533624517,0.0,18.63342465382288,18.231862775654044,8.000996068966286,0.9085250150738152,0.39096709790905715,8.000996068966286,0.8911620951993853,6105.994235289365,995.1994483382562,130.04373754541098,71.26881530745807,4.275812456136625,22.22457050664428,0.8975984423793407,12.331,3.279,100.0,healthy,0.0,1.0,scenario_rapid_throttle_transition,scenario_rapid_throttle_transition.csv,0,rapid_throttle_transition,0
1780420064.25,64.25,580.0,0.0,579.88,0.0,18.695314101093214,19.549146575433483,14.116342438198696,1.62337096215915,0.35796507673891675,14.116342438198696,0.8898541081237894,6199.399300396641,938.9070115171303,164.93758080938346,74.23032384420344,4.503267229161492,19.531120317418505,1.0492274880272043,12.494,3.296,100.0,healthy,0.0,1.0,scenario_rapid_throttle_transition,scenario_rapid_throttle_transition.csv,0,rapid_throttle_transition,0
1780420064.5,64.5,580.0,0.0,579.88,0.0,18.766137416402028,17.954603799445177,7.671228789758938,1.2525207802331515,0.41574277781090657,7.671228789758938,0.891081673851332,5860.611386675422,909.8060866105898,131.01621520460537,62.19059859588481,4.972121920516399,19.81638410161884,0.9244094228280918,12.309,3.396,100.0,healthy,0.0,1.0,scenario_rapid_throttle_transition,scenario_rapid_throttle_transition.csv,0,rapid_throttle_transition,0
1780420064.75,64.75,580.0,0.0,579.88,0.0,18.865961155406872,18.589646375932265,11.49453778061639,1.0992348281009752,-0.1094909840698866,11.49453778061639,0.8901731025965102,5091.172453049662,913.4900213291953,127.24383227139053,87.87722556744112,4.402463687570505,23.174541037595496,1.0945964558674202,12.46,3.377,100.0,healthy,0.0,1.0,scenario_rapid_throttle_transition,scenario_rapid_throttle_transition.csv,0,rapid_throttle_transition,0
1780420065.0,65.0,581.9742252809144,1.9742252809144545,581.8542252809144,0.0,18.92833755162288,18.183865763667523,5.808267485486631,1.5107764563081367,-0.16722481133095035,5.808267485486631,0.8944308105727578,5755.747025947505,900.1083568654225,136.4963210750042,102.74491299426951,4.777012888820677,19.340529499731268,1.0462889221173095,12.392,3.365,100.0,healthy,0.0,1.0,scenario_rapid_throttle_transition,scenario_rapid_throttle_transition.csv,0,rapid_throttle_transition,0
1780420065.25,65.25,580.0,0.0,579.88,0.0,18.97207181991059,18.555192079290585,16.276688884025443,1.5308400788984424,-0.43834757861332324,16.276688884025443,0.8969101840191186,4883.956646840407,948.1070135759956,133.06880266327826,72.97804371714543,4.362861033562394,25.164847392136558,1.0130707330897448,12.439,3.571,100.0,healthy,0.0,1.0,scenario_rapid_throttle_transition,scenario_rapid_throttle_transition.csv,0,rapid_throttle_transition,0
1780420065.5,65.5,580.4829747207563,0.48297472075630765,580.3629747207563,0.0,19.046648988982408,18.116829637898338,8.962975591670546,0.6865427824712779,-0.8312015271922026,8.962975591670546,0.8935416403203998,4862.195116171932,922.3860443540589,110.53338456522472,83.50396821119139,4.5468943955288506,19.187980771323797,1.1520405735342063,12.492,3.371,100.0,healthy,0.0,1.0,scenario_rapid_throttle_transition,scenario_rapid_throttle_transition.csv,0,rapid_throttle_transition,0
1780420065.75,65.75,580.0,0.0,579.88,0.0,19.088478519436997,18.47743576130848,9.447992661466296,0.6021205565495225,-0.5102671432235006,9.447992661466296,0.8921376950185439,5854.328389405053,920.2633038974594,147.72404703563288,74.8091463848827,4.420822293441347,18.923261087240277,1.0290623024398713,12.473,3.526,100.0,healthy,0.0,1.0,scenario_rapid_throttle_transition,scenario_rapid_throttle_transition.csv,0,rapid_throttle_transition,0
1780420066.0,66.0,581.0580747165752,1.0580747165752187,580.9380747165752,0.0,19.076530924110855,20.021890867703604,11.716880173235182,1.9751392829745678,0.3392846145398429,11.716880173235182,0.890641138641342,5321.240574260548,937.7578302175515,112.69587157931156,89.05244292104123,5.128649737203515,24.889872310187357,1.1144048600071081,12.38,3.394,100.0,healthy,0.0,1.0,scenario_rapid_throttle_transition,scenario_rapid_throttle_transition.csv,0,rapid_throttle_transition,0
1780420066.25,66.25,581.2234044136301,1.2234044136300648,581.1034044136301,0.0,19.12460311462822,19.2400201610059,5.610149767504593,0.17535375713989398,-0.4687764407652178,5.610149767504593,0.8898805003963614,4660.72030526691,892.4518111085524,121.10002355030377,82.53705707210939,4.513506981061823,21.408389789373874,0.9439095573501144,12.464,3.393,100.0,healthy,0.0,1.0,scenario_rapid_throttle_transition,scenario_rapid_throttle_transition.csv,0,rapid_throttle_transition,0
1780420066.5,66.5,581.1299750245589,1.1299750245589033,581.0099750245589,0.0,19.119313081286716,19.57153486088708,3.4617057797468718,0.007261864713429378,-0.3290879394342011,3.4617057797468718,0.8869811235230359,6048.703216676103,865.2756285435321,135.67395145232277,99.81121945253528,4.496487550997393,19.288318819768353,1.0421594622907215,12.398,3.385,100.0,healthy,0.0,1.0,scenario_rapid_throttle_transition,scenario_rapid_throttle_transition.csv,0,rapid_throttle_transition,0
1780420066.75,66.75,581.1366115254548,1.1366115254548288,581.0166115254548,0.0,19.123576357168854,18.678900408335327,6.232571567349847,1.0138303734849523,0.34425889756420686,6.232571567349847,0.8853629310660263,5902.477587824536,926.2899210058114,113.79636300683552,73.37124357876915,4.298397259605045,20.864155690527355,1.002365080707441,12.405,3.351,100.0,healthy,0.0,1.0,scenario_rapid_throttle_transition,scenario_rapid_throttle_transition.csv,0,rapid_throttle_transition,0
1780420067.0,67.0,580.3487837922233,0.3487837922233723,580.2287837922233,0.0,19.214463981400975,18.407580884539925,5.344008731778524,-0.48718482538416863,0.8280539480695731,5.344008731778524,0.8863194540149512,4994.524605390104,945.0430863573631,146.2847458279467,81.7704137228661,4.638458474561124,20.789621408777748,1.0109233964594262,12.449,3.605,100.0,healthy,0.0,1.0,scenario_rapid_throttle_transition,scenario_rapid_throttle_transition.csv,0,rapid_throttle_transition,0
1780420067.25,67.25,581.226391953507,1.2263919535070065,581.106391953507,0.0,19.200956556073578,19.443811569142568,7.697207189746349,1.1655614489896733,-0.3957682665364049,7.697207189746349,0.8880640152070522,5666.957868340147,879.9237379146058,146.6759947367448,93.12565688977472,4.737392586936635,22.163047345658768,1.1247315613641913,12.494,3.56,100.0,healthy,0.0,1.0,scenario_rapid_throttle_transition,scenario_rapid_throttle_transition.csv,0,rapid_throttle_transition,0
1780420067.5,67.5,580.0,0.0,579.88,0.0,19.268588763716156,19.456619743437994,5.309124054653269,1.334047723608617,-0.1926875899527885,5.309124054653269,0.8855437623329823,5569.633707014236,898.3956494299,82.08068251220735,89.87269792174585,4.35353545077729,19.885493194397643,0.8272649728007109,12.377,3.302,100.0,healthy,0.0,1.0,scenario_rapid_throttle_transition,scenario_rapid_throttle_transition.csv,0,rapid_throttle_transition,0
1780420067.75,67.75,580.0,0.0,579.88,0.0,19.291670324752605,18.990498253839146,10.800807183754078,0.5804762952460905,-0.08005757796065419,10.800807183754078,0.8881606518168363,5148.891555314069,897.4845129760477,146.77996835736522,89.48382780387755,4.2734973400922645,19.189753906665242,1.0740970978538762,12.423,3.423,100.0,healthy,0.0,1.0,scenario_rapid_throttle_transition,scenario_rapid_throttle_transition.csv,0,rapid_throttle_transition,0
1780420068.0,68.0,580.0,0.0,579.88,0.0,19.392855871980025,18.739839257504144,6.240365900627438,1.139719741214348,-0.662136082161026,6.240365900627438,0.8928594139928593,5291.012426090141,917.7739228343123,115.95653416147059,89.47272648146496,4.616398963532509,20.628249286247073,0.9697892628658837,12.379,3.376,100.0,healthy,0.0,1.0,scenario_rapid_throttle_transition,scenario_rapid_throttle_transition.csv,0,rapid_throttle_transition,0
1780420068.25,68.25,580.0,0.0,579.88,0.0,19.404273714200464,18.99599867386983,9.294091886264468,0.8181493482613209,-0.697405819726296,9.294091886264468,0.8932072861898486,5566.614642504583,922.8536727330786,91.12930601808836,91.91827831186497,4.14885273862071,19.595351232028236,1.1577718068773803,12.383,3.328,100.0,healthy,0.0,1.0,scenario_rapid_throttle_transition,scenario_rapid_throttle_transition.csv,0,rapid_throttle_transition,0
1780420068.5,68.5,580.0,0.0,579.88,0.0,19.464275012969825,18.784356147731135,4.903694167675566,1.7465291806184837,-0.19868093503097145,4.903694167675566,0.8923647926582297,5381.046696856719,922.4548796570007,149.85077085389645,90.07182533349186,4.677087301248183,21.347414965193998,1.0129770080922582,12.43,3.363,100.0,healthy,0.0,1.0,scenario_rapid_throttle_transition,scenario_rapid_throttle_transition.csv,0,rapid_throttle_transition,0
1780420068.75,68.75,582.6914106929687,2.6914106929687236,582.5714106929687,0.0,19.50373979349994,20.122497350518646,10.542063864123133,1.2680961325122215,0.14109374832846108,10.542063864123133,0.897438607086182,6026.1292722669195,923.9731170065834,114.36043681718823,102.5136365571379,3.9507680412869783,24.038645967871147,1.0768086496757414,12.44,3.399,100.0,healthy,0.0,1.0,scenario_rapid_throttle_transition,scenario_rapid_throttle_transition.csv,0,rapid_throttle_transition,0
1780420069.0,69.0,580.0,0.0,579.88,0.0,19.517701097075847,19.150981772928837,8.870645562332333,0.12281159840743722,-1.0625808892990671,8.870645562332333,0.9002905270821804,5421.759298506381,888.4140275342346,129.2122957502858,82.34104071180937,4.08346659814773,21.40954048463749,0.8029759884112002,12.491,3.678,100.0,healthy,0.0,1.0,scenario_rapid_throttle_transition,scenario_rapid_throttle_transition.csv,0,rapid_throttle_transition,0
1780420069.25,69.25,581.0468733496165,1.0468733496164602,580.9268733496165,0.0,19.534572911826633,18.79157463413571,9.466611152513483,-0.08452268230835297,-0.5783124171717873,9.466611152513483,0.9009664973746006,5618.726025356469,906.374494045731,120.81876774303198,104.69509480971404,4.210397474380991,20.736723590562345,1.0682943887799978,12.429,3.439,100.0,healthy,0.0,1.0,scenario_rapid_throttle_transition,scenario_rapid_throttle_transition.csv,0,rapid_throttle_transition,0
1780420069.5,69.5,580.0,0.0,579.88,0.0,19.617210149564954,18.7536117739367,7.792880711241428,-0.8956273901603102,0.6400054426948587,7.792880711241428,0.8977941393777052,4835.611867988704,924.0621549774794,124.58497278466618,89.76313649098302,4.7163419180999115,21.341260356715164,0.8929137659639587,12.366,3.458,100.0,healthy,0.0,1.0,scenario_rapid_throttle_transition,scenario_rapid_throttle_transition.csv,0,rapid_throttle_transition,0
1780420069.75,69.75,580.0,0.0,579.88,0.0,19.720296914870797,19.597045067366473,11.634663791605922,0.05579963097648627,0.03467894731758936,11.634663791605922,0.8964510602814554,5170.739474713981,929.5236119030076,101.45231531417198,90.56498499166666,4.305969653127969,21.7185785345361,1.1447493103917084,12.407,3.59,100.0,healthy,0.0,1.0,scenario_rapid_throttle_transition,scenario_rapid_throttle_transition.csv,0,rapid_throttle_transition,0
1780420070.0,70.0,582.1383943167807,2.1383943167806585,582.0183943167807,0.0,19.72293914611957,19.46084634681537,10.95576472071892,0.48860822746087806,-0.365196981071249,10.95576472071892,0.8949161797256926,4994.913067218765,954.9892460563066,124.78626667877232,109.37020206465844,4.994905157364291,19.07499002398016,1.0716967280320537,12.428,3.391,100.0,healthy,0.0,1.0,scenario_rapid_throttle_transition,scenario_rapid_throttle_transition.csv,0,rapid_throttle_transition,0
1780420070.25,70.25,580.0,0.0,579.88,0.0,19.80933740611735,19.457919839597427,2.7584236425557336,-0.6664838503619975,-0.3544857904529497,2.7584236425557336,0.8921802236854149,5547.0338707065,921.7372394793931,117.37670240863434,82.88853441387437,4.159652664857074,18.365898716908962,1.0096125942440681,12.413,3.393,100.0,healthy,0.0,1.0,scenario_rapid_throttle_transition,scenario_rapid_throttle_transition.csv,0,rapid_throttle_transition,0
1780420070.5,70.5,580.0,0.0,579.88,0.0,19.797269785246943,20.195816584913704,3.9218788647686056,-0.4278715203050427,-0.6652189648547839,3.9218788647686056,0.8937475750822261,5476.473769066334,905.9634944356387,138.36962218262823,80.32686089764466,4.482563844771753,20.58337257092119,0.8906972472102166,12.476,3.404,100.0,healthy,0.0,1.0,scenario_rapid_throttle_transition,scenario_rapid_throttle_transition.csv,0,rapid_throttle_transition,0
1780420070.75,70.75,581.7261521824354,1.726152182435352,581.6061521824354,0.0,19.806806697056924,20.44784006424878,3.7693595005647422,0.9643665008874793,-0.5158399633737136,3.7693595005647422,0.8984798634831204,5275.723967463349,860.8961378858351,132.24154078683335,106.11575547105952,4.918994051873952,23.14379668053503,1.0674938632483872,12.426,3.475,100.0,healthy,0.0,1.0,scenario_rapid_throttle_transition,scenario_rapid_throttle_transition.csv,0,rapid_throttle_transition,0
1780420071.0,71.0,580.0,0.0,579.88,0.0,19.830520748421208,20.324686137047184,6.290437692631617,0.06469786617793263,-0.5622007473659507,6.290437692631617,0.8959786768992408,6335.792798013259,894.7820102090018,153.31232064077702,98.057584281514,4.426556210096624,20.228659957288,0.9691372539454661,12.44,3.379,100.0,healthy,0.0,1.0,scenario_rapid_throttle_transition,scenario_rapid_throttle_transition.csv,0,rapid_throttle_transition,0
1780420071.25,71.25,581.0446095074778,1.0446095074778148,580.9246095074778,0.0,19.899171073107315,20.877141685748416,6.011653521686508,0.9967048721352789,-0.31869416658155014,6.011653521686508,0.8968320478727871,5082.280808326895,931.0376475289846,123.37145579921831,92.02358119274155,4.937486629484253,19.83833370729062,1.069546474648796,12.406,3.528,100.0,healthy,0.0,1.0,scenario_rapid_throttle_transition,scenario_rapid_throttle_transition.csv,0,rapid_throttle_transition,0
1780420071.5,71.5,582.0073185696943,2.007318569694309,581.8873185696943,0.0,19.937493931118258,20.38870589245638,9.430174955828383,2.141070181692073,-0.8992665009350738,9.430174955828383,0.9000974804419035,5292.929256115443,881.6490245558083,119.38464627819556,83.42495584359403,4.7135144964445885,15.499664333952055,1.0243007898995669,12.42,3.135,100.0,healthy,0.0,1.0,scenario_rapid_throttle_transition,scenario_rapid_throttle_transition.csv,0,rapid_throttle_transition,0
1780420071.75,71.75,580.0,0.0,579.88,0.0,19.960544631867872,19.03784111048084,10.227652321990876,-0.8963986165167644,-0.5971815438751374,10.227652321990876,0.8994315175580421,5237.513143869183,928.5297437584936,164.39446851049587,109.88360570190831,4.7246579779703195,19.89561267080134,0.9696022875843137,12.411,3.492,100.0,healthy,0.0,1.0,scenario_rapid_throttle_transition,scenario_rapid_throttle_transition.csv,0,rapid_throttle_transition,0
1780420072.0,72.0,580.0,0.0,579.88,0.0,20.019044957804336,20.398596242974076,14.800261030716703,-1.366679158747654,0.16228930527995056,14.800261030716703,0.899382447133476,5458.95610257654,969.0691344950217,145.4754770580385,93.88794115816596,5.108204209113136,18.78211906647786,1.00617395940896,12.377,3.379,100.0,healthy,0.0,1.0,scenario_rapid_throttle_transition,scenario_rapid_throttle_transition.csv,0,rapid_throttle_transition,0
1780420072.25,72.25,582.1584563447866,2.1584563447866203,582.0384563447866,0.0,20.07551752291519,20.28089334814965,9.060080486351588,1.0905044289591266,-1.2702354655646728,9.060080486351588,0.9022865833019564,5192.302468830755,927.5434524136402,133.61390836155786,88.62027504946775,4.345946359469664,21.531843287673947,0.9538264754613884,12.514,3.468,100.0,healthy,0.0,1.0,scenario_rapid_throttle_transition,scenario_rapid_throttle_transition.csv,0,rapid_throttle_transition,0
1780420072.5,72.5,580.2165286649484,0.21652866494842032,580.0965286649484,0.0,20.09825591210041,20.107761072946065,10.042905723190959,-0.8256217999918409,-1.151895922252319,10.042905723190959,0.9022017545644531,5873.160065393904,928.262107287181,143.05598583456583,99.13692577522396,4.668930934515713,21.308378198999943,1.0209316350316235,12.468,3.414,100.0,healthy,0.0,1.0,scenario_rapid_throttle_transition,scenario_rapid_throttle_transition.csv,0,rapid_throttle_transition,0
1780420072.75,72.75,580.1661235351847,0.16612353518477083,580.0461235351847,0.0,20.154650206796152,19.542148976978623,2.4719194484338285,0.6135346937394375,0.16824693494489062,2.4719194484338285,0.8997639257315924,5519.9845739065195,946.0194634715001,136.35443681985626,100.01375773874238,4.846986914181057,20.779920523649192,0.9880342212136337,12.367,3.341,100.0,healthy,0.0,1.0,scenario_rapid_throttle_transition,scenario_rapid_throttle_transition.csv,0,rapid_throttle_transition,0
1780420073.0,73.0,582.0697121235561,2.0697121235561307,581.9497121235561,0.0,20.149921291273746,19.756632805325715,7.804698652201614,0.47663653847563375,-0.5336507120140183,7.804698652201614,0.8988783207639761,5446.801025404676,895.6457819164895,137.77748221149722,84.9390402674645,4.485970298138048,18.5457596793539,0.9889665603395482,12.422,3.555,100.0,healthy,0.0,1.0,scenario_rapid_throttle_transition,scenario_rapid_throttle_transition.csv,0,rapid_throttle_transition,0
1780420073.25,73.25,580.0,0.0,579.88,0.0,20.145926388075903,20.790865900132122,15.547516937727707,1.7083548468210934,0.05272739658101472,15.547516937727707,0.8973025629273507,5358.429736807083,927.2448851315977,120.55459465937601,72.75422668617567,5.040445961816496,21.238571097095953,0.9983647538721612,12.504,3.457,100.0,healthy,0.0,1.0,scenario_rapid_throttle_transition,scenario_rapid_throttle_transition.csv,0,rapid_throttle_transition,0
1780420073.5,73.5,580.0,0.0,579.88,0.0,20.1944383834029,19.221851032610825,13.161715596908554,-0.024310377584407517,0.1316321258265451,13.161715596908554,0.8956212600203446,5655.894321164337,922.25107151625,119.76648590691026,85.62026345973138,4.392339319224109,20.31716469159441,0.899980316325923,12.391,3.498,100.0,healthy,0.0,1.0,scenario_rapid_throttle_transition,scenario_rapid_throttle_transition.csv,0,rapid_throttle_transition,0
1780420073.75,73.75,580.0,0.0,579.88,0.0,20.283154850877118,21.028379141501794,8.899046484145819,0.5085388896742901,-1.1766967966692121,8.899046484145819,0.895501415718332,5446.689056260377,912.8158235847654,127.3740511163745,86.79775924183532,4.606202766287101,19.20125291220296,1.0705738459897252,12.407,3.38,100.0,healthy,0.0,1.0,scenario_rapid_throttle_transition,scenario_rapid_throttle_transition.csv,0,rapid_throttle_transition,0
1780420074.0,74.0,580.0,0.0,579.88,0.0,20.390521000401232,20.450500459843457,8.816855598035955,0.2495929833992589,-0.03784502601732004,8.816855598035955,0.8962045253763636,5663.522654911371,933.5242174759777,145.6963202452242,76.37188903438218,4.7906525731342695,22.95466142581987,0.8517963796889021,12.471,3.491,100.0,healthy,0.0,1.0,scenario_rapid_throttle_transition,scenario_rapid_throttle_transition.csv,0,rapid_throttle_transition,0
1780420074.25,74.25,580.3513519457338,0.3513519457337124,580.2313519457338,0.0,20.45032616200186,20.000815405024973,13.442089319706879,0.8748117756827135,-1.2020063812952086,13.442089319706879,0.896658203236885,5688.782545110179,926.0751821784756,179.42937377747222,65.05208660913138,4.634971236779653,17.334571472140002,0.9118146969016787,12.49,3.616,100.0,healthy,0.0,1.0,scenario_rapid_throttle_transition,scenario_rapid_throttle_transition.csv,0,rapid_throttle_transition,0
1780420074.5,74.5,580.2198780761205,0.21987807612050841,580.0998780761205,0.0,20.444207153322314,20.530550709173824,6.547112465581273,1.447538204453482,-0.06501534790137192,6.547112465581273,0.8995536896620466,4622.94887566352,966.744560871054,112.87012987089057,76.61596129783841,4.676288643407426,22.18520511634656,1.1521822079561586,12.454,3.275,100.0,healthy,0.0,1.0,scenario_rapid_throttle_transition,scenario_rapid_throttle_transition.csv,0,rapid_throttle_transition,0
1780420074.75,74.75,581.7453721871696,1.7453721871695136,581.6253721871695,0.0,20.468694375075902,21.386923206382853,6.394787589159607,1.305042747942594,-1.0798420510711395,6.394787589159607,0.9038925984123795,5199.682575476853,910.4342006888464,111.13797697054483,115.30393752149402,5.461225003773846,21.819471648969515,1.0232322028945988,12.459,3.519,100.0,healthy,0.0,1.0,scenario_rapid_throttle_transition,scenario_rapid_throttle_transition.csv,0,rapid_throttle_transition,0
1780420075.0,75.0,581.0137651016439,1.0137651016439215,580.8937651016439,0.0,20.544862639028633,19.736979949231195,15.398468192129798,-1.5058527568094933,-0.7037309092167735,15.398468192129798,0.9080458007533649,5473.784022681118,863.6530585086574,116.23602310444414,94.79739801800628,3.938551077912928,22.45287097932514,1.1780766889212337,12.504,3.41,100.0,healthy,0.0,1.0,scenario_rapid_throttle_transition,scenario_rapid_throttle_transition.csv,0,rapid_throttle_transition,0
1780420075.25,75.25,582.0873253076865,2.087325307686499,581.9673253076865,0.0,20.5586952730689,20.54110853675327,3.0591075092068403,-1.3881569587049274,-1.1428039374314984,3.0591075092068403,0.9093916083094078,5195.023205310362,925.0444688907336,158.13011817369866,76.1946482435807,5.049648818765834,18.09103640125863,1.0451272598503802,12.448,3.523,100.0,healthy,0.0,1.0,scenario_rapid_throttle_transition,scenario_rapid_throttle_transition.csv,0,rapid_throttle_transition,0
1780420075.5,75.5,580.0,0.0,579.88,0.0,20.63896239581342,20.6182055818689,7.856649649954219,0.3174419923342128,0.6212307944876956,7.856649649954219,0.9063862225576425,5722.250161511568,922.6028068350909,107.26997104892828,99.07276107298945,5.215954711965834,20.425542314057864,1.1997792983903506,12.476,3.468,100.0,healthy,0.0,1.0,scenario_rapid_throttle_transition,scenario_rapid_throttle_transition.csv,0,rapid_throttle_transition,0
1780420075.75,75.75,580.0,0.0,579.88,0.0,20.71258765031532,21.3899101896311,4.262091784726098,0.5457086533966773,-1.3371472655934071,4.262091784726098,0.9037475250326665,5814.875619394208,903.230934952644,142.17846718415836,72.73769845296287,4.315566560915851,18.44702694681504,0.9764121576642577,12.587,3.547,100.0,healthy,0.0,1.0,scenario_rapid_throttle_transition,scenario_rapid_throttle_transition.csv,0,rapid_throttle_transition,0
1780420076.0,76.0,580.0,0.0,579.88,0.0,20.7428629045106,20.582027272576052,4.707524256834363,-0.07857730361298193,-0.29740068733669084,4.707524256834363,0.9051831956279619,5357.583825460535,885.7837799034056,107.46608931268092,86.77861747237137,4.924621222442156,21.26659602629453,0.9760272472062349,12.416,3.408,100.0,healthy,0.0,1.0,scenario_rapid_throttle_transition,scenario_rapid_throttle_transition.csv,0,rapid_throttle_transition,0
1780420076.25,76.25,581.8071351502442,1.8071351502441777,581.6871351502442,0.0,20.780897555359708,21.222770905607963,10.975929199007192,-1.2681640357733177,-0.2859684530792435,10.975929199007192,0.9090282194612533,5386.164017137176,918.6910386166562,123.60664986672796,93.94505084860813,3.907971521912,20.334092884019476,0.9904116666540409,12.443,3.578,100.0,healthy,0.0,1.0,scenario_rapid_throttle_transition,scenario_rapid_throttle_transition.csv,0,rapid_throttle_transition,0
1780420076.5,76.5,581.391088525907,1.3910885259069334,581.271088525907,0.0,20.84811688039172,20.87243923480456,13.40646513600749,0.18892089999100103,-1.4331933511969106,13.40646513600749,0.9079538005985329,6013.176575423085,894.1329077678895,130.33372356517856,82.45805304812379,4.941721540760751,22.339223723059746,0.967559660544265,12.411,3.345,100.0,healthy,0.0,1.0,scenario_rapid_throttle_transition,scenario_rapid_throttle_transition.csv,0,rapid_throttle_transition,0
1780420076.75,76.75,580.6973772471424,0.6973772471423915,580.5773772471424,0.0,20.898139400586583,20.098898373332112,3.427036064722742,-1.0824015290904954,0.2995877815879372,3.427036064722742,0.912305746158556,5888.480716118545,913.0077863374189,123.8124382368624,94.17155685638502,4.525541969356355,20.233085719262107,0.9502814177717184,12.449,3.53,100.0,healthy,0.0,1.0,scenario_rapid_throttle_transition,scenario_rapid_throttle_transition.csv,0,rapid_throttle_transition,0
1780420077.0,77.0,580.0627239384693,0.06272393846926291,579.9427239384693,0.0,20.910059612584522,21.119373709401117,9.622447768260646,-1.095959695052823,-0.8774659508624949,9.622447768260646,0.9140169556214565,4657.780248902591,935.6598932976023,130.47911198121238,88.57826558156057,4.861594334810421,19.71603528245512,0.9546723382972306,12.489,3.392,100.0,healthy,0.0,1.0,scenario_rapid_throttle_transition,scenario_rapid_throttle_transition.csv,0,rapid_throttle_transition,0
1780420077.25,77.25,580.4724565459186,0.47245654591863784,580.3524565459186,0.0,20.90003532012182,20.227573322464234,12.739672338605011,-1.1855710624652351,0.6013316306548963,12.739672338605011,0.9172465673490702,5079.82311304062,946.0167885288475,152.74066138378393,112.89398734221862,4.836630472558948,18.750498604997166,0.899580193862876,12.393,3.372,100.0,healthy,0.0,1.0,scenario_rapid_throttle_transition,scenario_rapid_throttle_transition.csv,0,rapid_throttle_transition,0
1780420077.5,77.5,580.0,0.0,579.88,0.0,20.95992431528793,20.807595632699094,9.840993166423505,0.05262712461404562,-0.8642670700502793,9.840993166423505,0.919176599312623,5497.993885385699,905.7942868056533,110.4546921949563,93.69050233135324,4.828242433119529,20.495140450543847,1.0096773206958354,12.412,3.6,100.0,healthy,0.0,1.0,scenario_rapid_throttle_transition,scenario_rapid_throttle_transition.csv,0,rapid_throttle_transition,0
1780420077.75,77.75,580.0,0.0,579.88,0.0,21.010224518069037,22.0319064432637,5.331780629542984,0.20711149689824793,-0.7721166290680931,5.331780629542984,0.9176485003161391,5908.954758408483,880.8901634432872,128.43155528390656,84.65241141487184,4.597926809347912,20.532440872466147,0.9208999041786519,12.409,3.627,100.0,healthy,0.0,1.0,scenario_rapid_throttle_transition,scenario_rapid_throttle_transition.csv,0,rapid_throttle_transition,0
1780420078.0,78.0,580.3305230174915,0.33052301749143465,580.2105230174915,0.0,21.059685563876478,22.06898712533056,4.879721648951353,-0.7176529624562115,-1.4599090887163237,4.879721648951353,0.9166237686682273,5823.764895722787,922.2706494531366,148.04295223080186,101.02228809936214,4.241587219268256,20.554761259296832,0.9826896110078039,12.426,3.456,100.0,healthy,0.0,1.0,scenario_rapid_throttle_transition,scenario_rapid_throttle_transition.csv,0,rapid_throttle_transition,0
1780420078.25,78.25,580.0,0.0,579.88,0.0,21.141477538537686,21.15562039863683,9.75128177749286,-0.5764778990836711,-0.28143436389612875,9.75128177749286,0.9199765468044392,5308.876052306478,951.8389401605573,132.65136377064673,81.37387237926305,5.07055980641203,20.753387849657784,1.0243820847708702,12.423,3.51,100.0,healthy,0.0,1.0,scenario_rapid_throttle_transition,scenario_rapid_throttle_transition.csv,0,rapid_throttle_transition,0
1780420078.5,78.5,580.0,0.0,579.88,0.0,21.165021090947587,21.125856326604136,3.412620378734405,-2.3784830908616406,-0.5087489938095477,3.412620378734405,0.9217915204028054,5368.383646068007,886.1696383431291,143.51863012074955,90.93339601986155,4.567039429572284,22.765366708301865,0.9500221547405423,12.349,3.417,100.0,healthy,0.0,1.0,scenario_rapid_throttle_transition,scenario_rapid_throttle_transition.csv,0,rapid_throttle_transition,0
1780420078.75,78.75,580.0,0.0,579.88,0.0,21.198865565829347,20.88850472014363,11.51416873412618,-0.5202964708791064,0.10491342877165033,11.51416873412618,0.924279937797358,5380.4511317024635,921.6890869619555,99.91447058944337,83.49355019036771,5.219775456470452,19.93954177042067,1.1257254559422887,12.464,3.495,100.0,healthy,0.0,1.0,scenario_rapid_throttle_transition,scenario_rapid_throttle_transition.csv,0,rapid_throttle_transition,0
1780420079.0,79.0,580.0,0.0,579.88,0.0,21.3018014597882,21.118328123283547,9.911204519841618,-2.117465419740905,-0.8513091625810822,9.911204519841618,0.9205779257671006,4923.374532963601,886.6122811621441,117.4392311156466,84.35568330601406,4.17597233310538,18.54792725263627,1.0354472242055348,12.426,3.267,100.0,healthy,0.0,1.0,scenario_rapid_throttle_transition,scenario_rapid_throttle_transition.csv,0,rapid_throttle_transition,0
1780420079.25,79.25,583.1649728468071,3.164972846807112,583.0449728468071,0.0,21.317955213715845,21.813472038809,12.336263230567985,-1.834606434484563,-0.729314359163559,12.336263230567985,0.9187036140955264,5760.882515640973,961.249227345468,152.9523359923889,94.59994755708318,4.002657894893707,20.57419069344578,1.0402846976140407,12.34,3.471,100.0,healthy,0.0,1.0,scenario_rapid_throttle_transition,scenario_rapid_throttle_transition.csv,0,rapid_throttle_transition,0
1780420079.5,79.5,580.0,0.0,579.88,0.0,21.404652411459985,21.80503142366989,9.275754237457138,-1.8765267742853993,0.5712020760918182,9.275754237457138,0.9164422020522891,5880.959666975535,866.2738325670889,129.0854811531358,83.90926592204258,4.657288083695621,18.595558985584464,1.01157877685374,12.414,3.461,100.0,healthy,0.0,1.0,scenario_rapid_throttle_transition,scenario_rapid_throttle_transition.csv,0,rapid_throttle_transition,0
1780420079.75,79.75,580.2713801686349,0.27138016863488784,580.1513801686349,0.0,21.46213898643432,20.70950624774084,7.198551625357784,-1.0771040402484633,-0.3167989834989525,7.198551625357784,0.917426967965454,5489.385270734747,910.8865760688435,154.43389830923587,79.93008118480621,5.354899027381013,20.39370373822765,1.0811343298918963,12.424,3.511,100.0,healthy,0.0,1.0,scenario_rapid_throttle_transition,scenario_rapid_throttle_transition.csv,0,rapid_throttle_transition,0
1780420080.0,80.0,581.1577484259761,1.1577484259761317,581.0377484259761,0.0,21.500996086088154,21.37983289534146,6.7169257956354524,-0.6836203632900715,-1.2634197369430935,6.7169257956354524,0.9191880736966593,5565.665926447742,949.4498710183103,129.3531028341668,96.32542867196335,4.639109976250144,19.2863524491215,1.0347176598152539,12.466,3.477,100.0,healthy,0.0,1.0,scenario_rapid_throttle_transition,scenario_rapid_throttle_transition.csv,0,rapid_throttle_transition,0
1780420080.25,80.25,580.0,0.0,579.88,0.0,21.52965561165442,21.6017475103837,7.743708932900176,-1.5858639406376382,0.15775870447713047,7.743708932900176,0.9162887255608461,5292.705033307649,940.8768767585093,154.60946441962915,70.2875788043319,4.3692375790924105,20.050179388961013,0.9276900325013844,12.508,3.463,100.0,healthy,0.0,1.0,scenario_rapid_throttle_transition,scenario_rapid_throttle_transition.csv,0,rapid_throttle_transition,0
1780420080.5,80.5,581.2777974566682,1.277797456668185,581.1577974566682,0.0,21.52411829520335,21.77582582716552,16.989998805129197,-0.9270577955299982,-0.683841137890971,16.989998805129197,0.916965619307809,5810.70661519655,867.9230590841948,114.66267481284771,92.93832274240525,4.505266764289196,17.804012183148316,0.9763982750624465,12.399,3.446,100.0,healthy,0.0,1.0,scenario_rapid_throttle_transition,scenario_rapid_throttle_transition.csv,0,rapid_throttle_transition,0
1780420080.75,80.75,580.5017520936626,0.5017520936626261,580.3817520936626,0.0,21.612667362532545,22.298983865499526,10.47647582696566,-0.9602576137673893,-1.7056917610246802,10.47647582696566,0.9202102376285203,4897.441382094101,918.5699884060988,134.82852424419428,78.80349793213435,4.761381460827497,19.701034868679923,1.045587567799177,12.438,3.416,100.0,healthy,0.0,1.0,scenario_rapid_throttle_transition,scenario_rapid_throttle_transition.csv,0,rapid_throttle_transition,0
1780420081.0,81.0,580.0,0.0,579.88,0.0,21.686592494395402,22.303172629531222,4.283533335432291,-0.6261953578594407,-0.5945077388836659,4.283533335432291,0.9221093183802586,5068.149408858614,919.5990328419284,112.8839859036056,99.37975777853984,3.870914679681963,19.262096844311575,0.9792498304104419,12.459,3.435,100.0,healthy,0.0,1.0,scenario_rapid_throttle_transition,scenario_rapid_throttle_transition.csv,0,rapid_throttle_transition,0
1780420081.25,81.25,580.0,0.0,579.88,0.0,21.672164721728908,20.82422964734981,10.696419874027892,-0.9256113140317497,-1.2583909052636113,10.696419874027892,0.923994894795342,5390.231433286393,958.1217455703631,124.15425290592684,73.78321678846707,4.758523748299572,18.318446053191927,1.0579971425004453,12.458,3.352,100.0,healthy,0.0,1.0,scenario_rapid_throttle_transition,scenario_rapid_throttle_transition.csv,0,rapid_throttle_transition,0
1780420081.5,81.5,580.0,0.0,579.88,0.0,21.712459260388425,21.47358455962089,13.232723232962005,-1.1729412399001418,-0.4996505867084704,13.232723232962005,0.9234931955335318,5380.917319199757,915.5759534469314,148.70768803996182,66.71624947128907,5.107504775506439,19.28136534153093,1.0798355805683104,12.409,3.472,100.0,healthy,0.0,1.0,scenario_rapid_throttle_transition,scenario_rapid_throttle_transition.csv,0,rapid_throttle_transition,0
1780420081.75,81.75,580.4437202280587,0.4437202280586928,580.3237202280587,0.0,21.80321692252694,21.35447327837684,7.569432221173311,1.139407896412493,-0.8612340601159297,7.569432221173311,0.9246036933390565,5158.353535865584,903.751942002365,173.2331959867103,58.01024107788959,5.099814922721151,20.566867567295542,1.0635536793582114,12.381,3.604,100.0,healthy,0.0,1.0,scenario_rapid_throttle_transition,scenario_rapid_throttle_transition.csv,0,rapid_throttle_transition,0
1780420082.0,82.0,580.0,0.0,579.88,0.0,21.86478133681732,21.96343258012818,11.954129842797112,-0.8015729899676973,-1.4008957195735534,11.954129842797112,0.9215239225269133,5641.784100220547,902.5660009042884,156.43981073773614,71.53456997964096,4.774083254576974,24.53960280324249,0.9790518026656035,12.376,3.541,100.0,healthy,0.0,1.0,scenario_rapid_throttle_transition,scenario_rapid_throttle_transition.csv,0,rapid_throttle_transition,0
1780420082.25,82.25,581.7664802252233,1.7664802252233436,581.6464802252233,0.0,21.94116031828631,21.02986372279789,358.1290080749382,-1.4283378419803756,-1.660938658178471,358.1290080749382,0.9257111027749282,5849.524595621036,980.0161948319342,183.72061645166008,87.55104292314095,4.575529511624288,21.476389113997165,1.0410182054603352,12.392,3.433,100.0,healthy,0.0,1.0,scenario_rapid_throttle_transition,scenario_rapid_throttle_transition.csv,0,rapid_throttle_transition,0
1780420082.5,82.5,580.1472300217225,0.14723002172257382,580.0272300217225,0.0,22.008602180729785,22.771869058383018,6.168033826100547,-0.8876786101193168,-1.6172362336369215,6.168033826100547,0.9258411898678613,5148.040380731346,908.720161753408,143.00535394477814,104.34576023533309,4.392658966145462,20.35781668798912,1.0032276498511554,12.483,3.408,100.0,healthy,0.0,1.0,scenario_rapid_throttle_transition,scenario_rapid_throttle_transition.csv,0,rapid_throttle_transition,0
1780420082.75,82.75,580.0,0.0,579.88,0.0,22.09669239851908,22.019213279551884,16.317863098889898,-1.5906544541919052,-2.715399802747819,16.317863098889898,0.9252874329762644,5755.815376165232,887.4536209255837,122.89122018978895,101.7901890606177,4.979714302699021,20.698094678345143,0.9935004256744204,12.517,3.612,100.0,healthy,0.0,1.0,scenario_rapid_throttle_transition,scenario_rapid_throttle_transition.csv,0,rapid_throttle_transition,0
1780420083.0,83.0,580.0,0.0,579.88,0.0,22.12029984713478,22.14831102701878,5.006191743469807,-1.1119528623239914,-0.9007693470197623,5.006191743469807,0.9225910987357014,5432.067108237953,856.798188300438,156.05016969134584,99.35542362662403,4.817451225736671,19.304491274658243,1.104628196844554,12.44,3.283,100.0,healthy,0.0,1.0,scenario_rapid_throttle_transition,scenario_rapid_throttle_transition.csv,0,rapid_throttle_transition,0
1780420083.25,83.25,581.4565663849088,1.4565663849088484,581.3365663849088,0.0,22.12350274043068,22.80688840325552,21.015112452502642,-1.8599439395748882,-0.9736471373963818,21.015112452502642,0.9258371396249374,5976.0304645150845,987.5129045591664,143.0193842758954,91.01542311127604,4.205726165648384,20.423117804092115,1.0237801553186003,12.395,3.457,100.0,healthy,0.0,1.0,scenario_rapid_throttle_transition,scenario_rapid_throttle_transition.csv,0,rapid_throttle_transition,0
1780420083.5,83.5,580.4149487738657,0.41494877386568985,580.2949487738657,0.0,22.155957153442493,22.037762140323053,8.242310310495172,-1.089190488115693,-1.3366491623438717,8.242310310495172,0.9231264383047596,5680.687010557722,908.9853853109161,143.91985166882682,98.6675931839825,4.76861900808992,20.852340881452523,1.0729294751173433,12.388,3.473,100.0,healthy,0.0,1.0,scenario_rapid_throttle_transition,scenario_rapid_throttle_transition.csv,0,rapid_throttle_transition,0
1780420083.75,83.75,581.6111260258683,1.6111260258682933,581.4911260258683,0.0,22.232029137843277,22.537885537257313,9.845090612225235,-0.06632228833981624,-1.1038766492969094,9.845090612225235,0.9264159891175942,5046.801683005146,920.6077049051669,140.57344324918222,109.07675910773565,5.340936297499319,22.630404557680002,1.1126598915725752,12.444,3.674,100.0,healthy,0.0,1.0,scenario_rapid_throttle_transition,scenario_rapid_throttle_transition.csv,0,rapid_throttle_transition,0
1780420084.0,84.0,581.8558350590764,1.8558350590763855,581.7358350590764,0.0,22.27894329808533,22.22233156915153,13.83539846103533,-2.4525046593313666,-1.7592394060606833,13.83539846103533,0.9258365060399957,5497.542058239098,913.4355256472516,143.2318819231283,102.25844918651345,4.564642062985683,24.65132759247524,1.0365895968054584,12.504,3.743,100.0,healthy,0.0,1.0,scenario_rapid_throttle_transition,scenario_rapid_throttle_transition.csv,0,rapid_throttle_transition,0
1780420084.25,84.25,580.0,0.0,579.88,0.0,22.32984772948631,21.809758368553123,11.85004064196217,-3.121968160825711,-0.5318397215932866,11.85004064196217,0.926174738091686,5560.731406045168,967.6988821806389,128.31025712220458,118.38190237841904,4.925237761201892,17.56584501382038,0.8821051599860472,12.484,3.6,100.0,healthy,0.0,1.0,scenario_rapid_throttle_transition,scenario_rapid_throttle_transition.csv,0,rapid_throttle_transition,0
1780420084.5,84.5,580.5743587243463,0.5743587243462872,580.4543587243463,0.0,22.3914209457041,21.29863319735208,2.924082957692705,-0.6110966151095713,-1.6312101632199,2.924082957692705,0.9260629148991748,5489.186671426077,882.5144525594293,124.91902736250003,87.0957720749194,4.476566824258541,24.07636542431011,1.078390247695523,12.438,3.449,100.0,healthy,0.0,1.0,scenario_rapid_throttle_transition,scenario_rapid_throttle_transition.csv,0,rapid_throttle_transition,0
1780420084.75,84.75,582.022817623095,2.022817623094994,581.902817623095,0.0,22.381806390067414,21.553471969555066,15.378647747871838,-2.362419101132825,-1.8346962702485106,15.378647747871838,0.9251370219888256,5587.482543107928,939.3170851607904,135.85340174230478,108.43916417982746,4.55782109629097,23.959844362501066,0.8655201975526906,12.365,3.334,100.0,healthy,0.0,1.0,scenario_rapid_throttle_transition,scenario_rapid_throttle_transition.csv,0,rapid_throttle_transition,0
1780420085.0,85.0,580.0,0.0,579.88,0.0,22.469435272237412,23.075841535404614,13.490943076515695,-1.878838366382891,-2.2929052767115436,13.490943076515695,0.9265899267421187,5988.054252426918,901.6727904128495,134.3693731638338,105.59894152925492,5.171176899839561,19.946966830136994,1.0924589608574184,12.451,3.671,100.0,healthy,0.0,1.0,scenario_rapid_throttle_transition,scenario_rapid_throttle_transition.csv,0,rapid_throttle_transition,0
1780420085.25,85.25,580.0417071461679,0.04170714616793441,579.9217071461679,0.0,22.47717236249847,23.08115044460262,7.462860695070043,-1.991938705118437,-1.3834638679321811,7.462860695070043,0.9264950633241038,5808.320975942248,991.3866333290498,150.8679442194103,90.41439322316035,5.092904856798062,16.095536486642544,1.0448552904323574,12.438,3.657,100.0,healthy,0.0,1.0,scenario_rapid_throttle_transition,scenario_rapid_throttle_transition.csv,0,rapid_throttle_transition,0
1780420085.5,85.5,580.0,0.0,579.88,0.0,22.533746072499348,22.007439969864574,7.298254125155445,-0.7128038062607716,-0.3471108119413441,7.298254125155445,0.9306860525936647,5624.320791097439,934.2271697338949,122.97839418305702,87.61194930869597,4.085493277633278,22.79162882989629,1.103949708011521,12.321,3.419,100.0,healthy,0.0,1.0,scenario_rapid_throttle_transition,scenario_rapid_throttle_transition.csv,0,rapid_throttle_transition,0
1780420085.75,85.75,580.2182976160905,0.2182976160904699,580.0982976160905,0.0,22.562190710564362,23.54374119073617,4.60214442677709,-0.2449118773665271,-1.4840714514481665,4.60214442677709,0.9347856732000985,5286.76487072019,879.2462514865106,148.13140787717828,96.03544581990022,4.186357486824935,21.08324272524477,1.0345387758024251,12.375,3.654,100.0,healthy,0.0,1.0,scenario_rapid_throttle_transition,scenario_rapid_throttle_transition.csv,0,rapid_throttle_transition,0
1780420086.0,86.0,580.8384138777922,0.8384138777921066,580.7184138777922,0.0,22.608808038408636,22.346915915200995,10.789667794036259,-2.8373499840730867,-1.1068670337617506,10.789667794036259,0.9342687541975546,5681.169140797927,925.2448426716273,91.73114962954536,85.00713723771766,5.074826016167029,22.480268419874545,1.048497903472949,12.495,3.648,100.0,healthy,0.0,1.0,scenario_rapid_throttle_transition,scenario_rapid_throttle_transition.csv,0,rapid_throttle_transition,0
1780420086.25,86.25,580.0,0.0,579.88,0.0,22.58940329146152,22.666071831871104,6.483428431869024,-2.002610134752486,-1.1808262419712496,6.483428431869024,0.9335035480022743,5169.776704367685,898.3957537467782,114.08872849131342,97.1664448200006,4.9245620027904025,20.74317740138053,0.9305730083637839,12.451,3.439,100.0,healthy,0.0,1.0,scenario_rapid_throttle_transition,scenario_rapid_throttle_transition.csv,0,rapid_throttle_transition,0
1780420086.5,86.5,580.3661670566419,0.3661670566418644,580.2461670566419,0.0,22.569429137751094,22.748507880890877,8.21775165314622,-1.4298637657275,-0.9685150948381969,8.21775165314622,0.9379341546815045,6187.43590109284,945.549757313754,143.65675913195082,93.6887433626443,4.9359101516218,18.26059873618037,0.9199071535368013,12.417,3.637,100.0,healthy,0.0,1.0,scenario_rapid_throttle_transition,scenario_rapid_throttle_transition.csv,0,rapid_throttle_transition,0
1780420086.75,86.75,581.7619557620211,1.7619557620210613,581.6419557620211,0.0,22.660388571917842,23.38053612355336,12.416704191312542,-1.528387241254567,-1.858615374539395,12.416704191312542,0.9378380978394744,5982.254293604463,970.1312835208247,143.00251818897706,97.33842783940841,4.916888572524776,23.181076534535908,1.0585298520989779,12.469,3.617,100.0,healthy,0.0,1.0,scenario_rapid_throttle_transition,scenario_rapid_throttle_transition.csv,0,rapid_throttle_transition,0
1780420087.0,87.0,580.1795825910825,0.1795825910825469,580.0595825910825,0.0,22.663626374607272,23.327901048351478,15.671086288504501,-1.9524120801920388,-0.4914689189128548,15.671086288504501,0.9404131560660469,5674.669117755704,902.1399679389407,154.05169721747245,59.32631265300952,4.648401374455158,19.637992424482796,1.1418218077628037,12.356,3.525,100.0,healthy,0.0,1.0,scenario_rapid_throttle_transition,scenario_rapid_throttle_transition.csv,0,rapid_throttle_transition,0
1780420087.25,87.25,580.0,0.0,579.88,0.0,22.693496083965012,22.66392072805956,10.039708349305227,-1.1874472618696008,-1.9228397625598532,10.039708349305227,0.937549584388908,5710.247216122415,918.1081396700919,114.59467592319754,65.84745076735742,5.057877892248869,22.40361544527346,1.0468988362020732,12.454,3.546,100.0,healthy,0.0,1.0,scenario_rapid_throttle_transition,scenario_rapid_throttle_transition.csv,0,rapid_throttle_transition,0
1780420087.5,87.5,580.9187247865816,0.9187247865816016,580.7987247865816,0.0,22.752820734551097,23.004325838517826,14.898976169803237,-2.5953023233133803,-2.4636849747538028,14.898976169803237,0.9345473448236364,5851.008638009854,911.1648470339807,146.13111820972932,72.19439299285823,4.696027937624806,19.9988313647737,0.9747602678791402,12.431,3.291,100.0,healthy,0.0,1.0,scenario_rapid_throttle_transition,scenario_rapid_throttle_transition.csv,0,rapid_throttle_transition,0
1780420087.75,87.75,580.0,0.0,579.88,0.0,22.826452840431156,23.44352326895348,7.246521111621712,-2.7468051250414045,-0.49706621970626086,7.246521111621712,0.9361391608405527,5535.370147474723,928.4070301640772,136.97517153903667,92.94502464203278,4.938922853687671,20.43387042634291,1.0304516593942836,12.401,3.473,100.0,healthy,0.0,1.0,scenario_rapid_throttle_transition,scenario_rapid_throttle_transition.csv,0,rapid_throttle_transition,0
1780420088.0,88.0,580.0235721814166,0.023572181416584757,579.9035721814166,0.0,22.89918443800653,23.59796146557135,11.442097516867472,-2.4143428857219433,-1.7803289920211647,11.442097516867472,0.9341700098740289,5113.800994707147,863.5388298800183,124.95657472668324,93.69232994774184,4.72708636449633,20.82438112767178,0.9966180459289009,12.408,3.522,100.0,healthy,0.0,1.0,scenario_rapid_throttle_transition,scenario_rapid_throttle_transition.csv,0,rapid_throttle_transition,0
1780420088.25,88.25,582.3170932253048,2.317093225304797,582.1970932253048,0.0,22.968072462250152,22.56873169607256,6.848702401587478,-1.5414487718872474,-0.44084021689334785,6.848702401587478,0.9322617693825586,4615.26904548531,916.4058676776348,136.53742054690431,108.2979848381829,4.44969783351208,19.738068169619403,0.9974859007574235,12.49,3.625,100.0,healthy,0.0,1.0,scenario_rapid_throttle_transition,scenario_rapid_throttle_transition.csv,0,rapid_throttle_transition,0
1780420088.5,88.5,580.9963969767806,0.9963969767806443,580.8763969767806,0.0,22.985576569742516,23.289034718879584,14.882356923373461,-1.725940841606443,-0.6819910153491335,14.882356923373461,0.9361040041294587,5616.010741750902,960.6511876681946,99.306536537201,95.14285590531664,5.234186988387988,25.41332331721625,0.9604673105534163,12.418,3.647,100.0,healthy,0.0,1.0,scenario_rapid_throttle_transition,scenario_rapid_throttle_transition.csv,0,rapid_throttle_transition,0
1780420088.75,88.75,580.0,0.0,579.88,0.0,22.97649020254715,24.056697359102195,8.22137314683279,-1.691139580950193,-2.1498042625572964,8.22137314683279,0.9331836416205008,5975.006347117639,948.3246975302214,120.34014306612778,98.07974933373453,5.035982378845714,23.665073105805924,0.9651464904296501,12.436,3.499,100.0,healthy,0.0,1.0,scenario_rapid_throttle_transition,scenario_rapid_throttle_transition.csv,0,rapid_throttle_transition,0
1780420089.0,89.0,581.1615677247455,1.1615677247455145,581.0415677247455,0.0,23.014038368083956,23.225241954153688,6.076498526216367,-1.283870550079956,-2.4437319910369375,6.076498526216367,0.9369246846461795,6072.767770023247,929.2858050769065,143.23544018954578,84.05914026515656,4.705873574682096,17.801082233509508,1.0385745460724083,12.475,3.822,100.0,healthy,0.0,1.0,scenario_rapid_throttle_transition,scenario_rapid_throttle_transition.csv,0,rapid_throttle_transition,0
1780420089.25,89.25,580.0,0.0,579.88,0.0,23.049782135210272,23.58404446979272,9.55400001673974,-2.5874144572833946,-1.2137672915103075,9.55400001673974,0.9338581190547123,5568.291452633331,931.1575328917668,131.42931586034624,78.75333605495412,4.698992383101097,22.612583873534703,0.8943001562199894,12.449,3.518,100.0,healthy,0.0,1.0,scenario_rapid_throttle_transition,scenario_rapid_throttle_transition.csv,0,rapid_throttle_transition,0
1780420089.5,89.5,580.3576112998892,0.3576112998892388,580.2376112998892,0.0,23.107337670800067,22.88865068725971,2.1043957458598026,-1.909638769551208,-1.1895980159302055,2.1043957458598026,0.9331324202226293,5919.034478635812,947.2979335935944,126.82676791600454,111.14594273843532,5.111997495730778,18.51231766106729,1.1244434009233844,12.377,3.395,100.0,healthy,0.0,1.0,scenario_rapid_throttle_transition,scenario_rapid_throttle_transition.csv,0,rapid_throttle_transition,0
1780420089.75,89.75,580.0,0.0,579.88,0.0,23.094415826536697,23.973960297605284,10.586707316261728,-3.4408459527621567,-1.6497102931534575,10.586707316261728,0.9370233997150319,5660.191860580191,949.851145398625,126.32920195428096,105.76030124371232,4.843287773348358,20.728648810151967,1.2301119414251251,12.421,3.509,100.0,healthy,0.0,1.0,scenario_rapid_throttle_transition,scenario_rapid_throttle_transition.csv,0,rapid_throttle_transition,0
1780420090.0,90.0,580.0525579149588,0.052557914958756675,579.9325579149588,0.0,23.15859723514494,24.27310848399353,7.610043022314217,-2.1991036437811595,-1.4828389047439485,7.610043022314217,0.9413091131862922,5687.629413696089,922.0377266970436,120.05071982472566,105.91936261886309,4.64282553001256,22.459247425344667,1.0096008966404757,12.447,3.319,100.0,healthy,0.0,1.0,scenario_rapid_throttle_transition,scenario_rapid_throttle_transition.csv,0,rapid_throttle_transition,0
1780420090.25,90.25,581.4304139641079,1.430413964107859,581.3104139641079,0.0,23.255116192335834,23.317166886595423,7.657673947787238,-2.1639151816956446,-1.177879254973584,7.657673947787238,0.9423555267523781,5672.247037936716,942.2787454699758,164.1069377091405,94.79633974265221,5.085766947922405,21.096324030051296,1.1587774180319768,12.479,3.666,100.0,healthy,0.0,1.0,scenario_rapid_throttle_transition,scenario_rapid_throttle_transition.csv,0,rapid_throttle_transition,0
1780420090.5,90.5,580.0,0.0,579.88,0.0,23.295994018754964,24.223048455887884,10.714121546966625,-1.4614963216723307,-1.640123177349989,10.714121546966625,0.9441397160800518,5401.8824481967895,968.1542739054639,149.24503905010707,64.41208817450001,5.0704542130864345,16.572772587616914,1.1938815898909367,12.544,3.622,100.0,healthy,0.0,1.0,scenario_rapid_throttle_transition,scenario_rapid_throttle_transition.csv,0,rapid_throttle_transition,0
1780420090.75,90.75,580.7454729417113,0.7454729417113515,580.6254729417113,0.0,23.3326340595662,22.846187831630097,4.91472932532809,-1.6621068795814278,-1.0064380349527222,4.91472932532809,0.9459648791547446,5760.915643318077,955.0634710560313,121.41328541786568,85.8859219721549,4.597962845981082,24.25212104494423,1.0195779720703129,12.515,3.643,100.0,healthy,0.0,1.0,scenario_rapid_throttle_transition,scenario_rapid_throttle_transition.csv,0,rapid_throttle_transition,0
1780420091.0,91.0,580.2253446461108,0.22534464611082705,580.1053446461108,0.0,23.423907068444038,22.561800128546277,11.491730433636656,-3.6347589453431315,-1.9071460076240156,11.491730433636656,0.9439593785673704,5303.082280988872,909.326630734413,122.6014033725159,108.23783476396919,4.593368787298045,24.188460619348135,0.9880574073048949,12.392,3.553,100.0,healthy,0.0,1.0,scenario_rapid_throttle_transition,scenario_rapid_throttle_transition.csv,0,rapid_throttle_transition,0
1780420091.25,91.25,580.0,0.0,579.88,0.0,23.48980202382529,23.88056889448462,13.642987814399557,-2.678065945483715,0.13748072279414925,13.642987814399557,0.9480676365474394,6027.48522150433,956.5388223809045,141.27983330050012,86.02259828433715,4.856113392748872,24.692231201854877,0.9808298254652292,12.442,3.631,100.0,healthy,0.0,1.0,scenario_rapid_throttle_transition,scenario_rapid_throttle_transition.csv,0,rapid_throttle_transition,0
1780420091.5,91.5,581.3405046740472,1.3405046740472566,581.2205046740472,0.0,23.49938277256499,23.033060479217895,9.809306305343378,-1.5848821227181098,-1.7948884563760303,9.809306305343378,0.9444364246002841,5785.330789861071,947.4091552037183,145.54770351579177,108.06057699587907,5.082739138840895,22.00619436682485,0.9957620722391378,12.398,3.505,100.0,healthy,0.0,1.0,scenario_rapid_throttle_transition,scenario_rapid_throttle_transition.csv,0,rapid_throttle_transition,0
1780420091.75,91.75,580.0,0.0,579.88,0.0,23.512148084314717,22.6823655238716,15.613567035066461,-2.7246367027041765,-0.06390472147670012,15.613567035066461,0.9444823935249972,5568.006555039413,977.3589674643433,137.4185134861836,104.47581264886065,4.758587108788491,20.89672040297363,0.951275075041144,12.322,3.474,100.0,healthy,0.0,1.0,scenario_rapid_throttle_transition,scenario_rapid_throttle_transition.csv,0,rapid_throttle_transition,0
1780420092.0,92.0,580.0,0.0,579.88,0.0,23.571673013709912,23.904770578136894,11.195600768089214,-3.0019059770284056,-1.3019068253876007,11.195600768089214,0.9444365157306467,5468.509824418607,873.7929844342844,150.83337970893464,105.60531579088953,4.68530241465906,23.696061522998598,1.0862141849069842,12.404,3.635,100.0,healthy,0.0,1.0,scenario_rapid_throttle_transition,scenario_rapid_throttle_transition.csv,0,rapid_throttle_transition,0
1780420092.25,92.25,580.0,0.0,579.88,0.0,23.611701277403984,22.78044174375315,13.661984342407552,-3.8059448891206347,-2.3634190921092024,13.661984342407552,0.9410774716225164,5438.066113350258,893.8238429395179,145.50467917974362,106.278671281799,5.006651897475674,22.242138500940847,1.104785007342827,12.452,3.476,100.0,healthy,0.0,1.0,scenario_rapid_throttle_transition,scenario_rapid_throttle_transition.csv,0,rapid_throttle_transition,0
1780420092.5,92.5,580.0,0.0,579.88,0.0,23.621494328589584,24.732556526032855,17.541730519940426,-2.379617599664571,-1.7533760317184715,17.541730519940426,0.940840073533269,4903.4754640975625,993.444772773092,142.06863999538973,89.76953408261049,4.749989772023924,19.182290750504276,1.1835410246444802,12.471,3.637,100.0,healthy,0.0,1.0,scenario_rapid_throttle_transition,scenario_rapid_throttle_transition.csv,0,rapid_throttle_transition,0
1780420092.75,92.75,580.0,0.0,579.88,0.0,23.62479921074905,23.756658298796378,14.096709215623502,-1.6356008892907448,-1.1781239595045283,14.096709215623502,0.9383678988443758,5973.077876685602,877.8444209571641,142.4214267458316,98.22517748630005,4.785399742222199,25.152544603459766,1.004567497801196,12.402,3.383,100.0,healthy,0.0,1.0,scenario_rapid_throttle_transition,scenario_rapid_throttle_transition.csv,0,rapid_throttle_transition,0
1780420093.0,93.0,582.7360030653156,2.7360030653155687,582.6160030653156,0.0,23.628767308911183,23.068002370177815,10.617469682660218,-2.6783676838444324,-1.4722035740747383,10.617469682660218,0.9365479968772396,5178.838770862301,955.9965246555324,168.3569577525948,99.79805022030352,4.932801284231305,19.883598462909752,0.9541132914042484,12.397,3.398,100.0,healthy,0.0,1.0,scenario_rapid_throttle_transition,scenario_rapid_throttle_transition.csv,0,rapid_throttle_transition,0
1780420093.25,93.25,580.0,0.0,579.88,0.0,23.663694682272745,24.535337216830328,6.089348769003991,-1.1645912649483188,-1.1199954720050962,6.089348769003991,0.9409652949327209,5657.396320605491,890.4671714253717,138.29060431487466,93.92738934823528,4.957162947245806,20.30089746706502,1.2931086269457495,12.383,3.471,100.0,healthy,0.0,1.0,scenario_rapid_throttle_transition,scenario_rapid_throttle_transition.csv,0,rapid_throttle_transition,0
1780420093.5,93.5,581.1979847424856,1.197984742485585,581.0779847424856,0.0,23.66355457816904,23.47309610499262,13.357262016949443,-2.692210126602936,-1.2864084891404748,13.357262016949443,0.9434664190406847,5032.76813079328,929.6664108587421,142.84514292849812,87.61983148423978,5.063239560147601,22.232647689666983,1.0696122126998966,12.397,3.528,100.0,healthy,0.0,1.0,scenario_rapid_throttle_transition,scenario_rapid_throttle_transition.csv,0,rapid_throttle_transition,0
1780420093.75,93.75,582.1649161195711,2.1649161195710738,582.0449161195711,0.0,23.714291994053916,24.16094272044707,8.736827824306701,-1.8485063298581568,-2.352549244778389,8.736827824306701,0.9477351571477654,6044.320364903824,934.520877642434,126.02296144413016,111.14269566790588,5.107061501669931,17.23353341286861,0.9944905887034855,12.476,3.644,100.0,healthy,0.0,1.0,scenario_rapid_throttle_transition,scenario_rapid_throttle_transition.csv,0,rapid_throttle_transition,0
1780420094.0,94.0,580.8968155360997,0.8968155360997152,580.7768155360997,0.0,23.704236940002044,23.973110210699215,18.583153942771197,-1.965256437877877,-1.0721760567945777,18.583153942771197,0.9507836150955615,5184.259932694753,929.9735555660661,121.30030045550771,94.97485967224476,4.936212405234347,21.064803512169934,1.0714831443945851,12.368,3.453,100.0,healthy,0.0,1.0,scenario_rapid_throttle_transition,scenario_rapid_throttle_transition.csv,0,rapid_throttle_transition,0
1780420094.25,94.25,580.0,0.0,579.88,0.0,23.710700003379905,24.335689267975333,14.865530160328461,-3.409149837139127,-0.7244874901069296,14.865530160328461,0.9530814359350838,5476.662721536728,922.6951271397311,138.9130466901886,105.83239461579134,4.138454385602125,19.75748070122844,1.0488128159551977,12.378,3.714,100.0,healthy,0.0,1.0,scenario_rapid_throttle_transition,scenario_rapid_throttle_transition.csv,0,rapid_throttle_transition,0
1780420094.5,94.5,580.0203683807448,0.02036838074478274,579.9003683807448,0.0,23.80424927035328,24.45813368767745,9.168408882998584,-1.888655294142048,-1.5238461376191463,9.168408882998584,0.9494068596928624,5719.105383650267,986.9372620180023,145.09094480210686,101.00227586324661,4.938713123668228,22.504373316241193,1.148486369208718,12.407,3.712,100.0,healthy,0.0,1.0,scenario_rapid_throttle_transition,scenario_rapid_throttle_transition.csv,0,rapid_throttle_transition,0
1780420094.75,94.75,580.0,0.0,579.88,0.0,23.802917608078246,23.44952441762203,12.848972720497162,-2.0125508130564125,-1.7807431738026898,12.848972720497162,0.9499557210192959,6033.072609382195,949.1141987949408,146.38250637071758,111.03613362010454,5.015492848200702,21.79798194633613,0.8994005257034575,12.503,3.679,100.0,healthy,0.0,1.0,scenario_rapid_throttle_transition,scenario_rapid_throttle_transition.csv,0,rapid_throttle_transition,0
1780420095.0,95.0,580.0,0.0,579.88,0.0,23.9119919893811,23.174420666754795,11.043316833952629,-1.893161038802091,-1.1766833614467183,11.043316833952629,0.9539252358374253,5452.264589275109,947.2783300822362,109.26227697412742,94.05643655149315,4.845452021734524,24.600353486602224,1.126197324391647,12.526,3.323,100.0,healthy,0.0,1.0,scenario_rapid_throttle_transition,scenario_rapid_throttle_transition.csv,0,rapid_throttle_transition,0
1780420095.25,95.25,580.7149349581742,0.714934958174214,580.5949349581742,0.0,4.9192416677322015,4.785219000758372,8.805820136921373,-2.2086734835420025,-1.0948963409362045,8.805820136921373,0.3508581493056273,4827.8449593371015,873.6531696864035,134.85316900940845,82.3016884987723,4.625567573242694,13.17684233500064,1.065180250291792,12.606,2.265,100.0,healthy,0.0,1.0,scenario_rapid_throttle_transition,scenario_rapid_throttle_transition.csv,0,rapid_throttle_transition,0
1780420095.5,95.5,580.0,0.0,579.88,0.0,4.915637778539068,5.149710149932792,8.814418974605843,-2.1071055632014275,-2.0330536113783317,8.814418974605843,0.3482855564294313,5121.808762397165,936.3294179010619,127.53759368607273,77.44651414924574,4.187812498974779,16.33206048924436,1.0099494006677412,12.518,2.021,100.0,healthy,0.0,1.0,scenario_rapid_throttle_transition,scenario_rapid_throttle_transition.csv,0,rapid_throttle_transition,0
1780420095.75,95.75,580.0,0.0,579.88,0.0,4.910268347188717,4.735152249832211,9.96665994299346,-1.8804911906009387,-1.2280938909104213,9.96665994299346,0.34648816859801984,5116.7524931680055,903.935063877368,115.37837632431527,88.69108498731586,3.4202756665903102,16.505688804678645,0.9427732914669624,12.442,2.144,100.0,healthy,0.0,1.0,scenario_rapid_throttle_transition,scenario_rapid_throttle_transition.csv,0,rapid_throttle_transition,0
1780420096.0,96.0,580.0,0.0,579.88,0.0,5.010847081735199,5.1178255638931995,7.718537139339508,-1.511252708059596,-1.70807519780054,7.718537139339508,0.34418352609263325,4237.448059227676,872.7440320004005,145.98032181733754,89.64056103134266,2.550725313024742,8.66683818894423,1.0433797275878296,12.477,2.096,100.0,healthy,0.0,1.0,scenario_rapid_throttle_transition,scenario_rapid_throttle_transition.csv,0,rapid_throttle_transition,0
1780420096.25,96.25,580.0,0.0,579.88,0.0,5.051927545454092,4.849650079253856,9.451517175354972,-2.596110717221871,-0.9384348831812688,9.451517175354972,0.34449850974773344,3325.642712478369,840.1897628135013,117.94889158009607,80.68714437513209,3.237999593819937,11.517883955290335,0.889015694770716,12.515,2.074,100.0,healthy,0.0,1.0,scenario_rapid_throttle_transition,scenario_rapid_throttle_transition.csv,0,rapid_throttle_transition,0
1780420096.5,96.5,580.0,0.0,579.88,0.0,5.151953163514843,5.235462838124036,8.377919404208702,-3.9748924379149884,-1.5443474440077833,8.377919404208702,0.3470496856984991,3277.9677993085033,879.9783317274727,141.00715255947708,104.37171045072168,3.195575453417063,11.105193667128573,0.9253821605061601,12.499,1.958,100.0,healthy,0.0,1.0,scenario_rapid_throttle_transition,scenario_rapid_throttle_transition.csv,0,rapid_throttle_transition,0
1780420096.75,96.75,580.0,0.0,579.88,0.0,5.244123240987369,5.140837387043353,3.5573670254090137,-2.8244571897162896,-1.6214016514346237,3.5573670254090137,0.34837583003806205,4268.106852647193,871.3087447591444,129.14803113057113,100.04211391491849,2.8311909591590205,9.1600394040396,0.9940704675914503,12.481,1.959,100.0,healthy,0.0,1.0,scenario_rapid_throttle_transition,scenario_rapid_throttle_transition.csv,0,rapid_throttle_transition,0
1780420097.0,97.0,582.0432805269487,2.0432805269486933,581.9232805269487,0.0,5.303008576291032,5.300193278216789,10.857734126502812,-2.403135263292732,-2.266647280123366,10.857734126502812,0.34633387365608037,3308.9684178159687,835.1909521033414,112.35952581374349,72.48159952000444,2.755829262703546,6.899850225860185,0.7647638273099517,12.484,1.9,100.0,healthy,0.0,1.0,scenario_rapid_throttle_transition,scenario_rapid_throttle_transition.csv,0,rapid_throttle_transition,0
1780420097.25,97.25,581.1659720885124,1.1659720885123246,581.0459720885124,0.0,5.277296630208955,5.198807007155647,8.936398955820058,-2.8516601782084328,-1.4499402034823428,8.936398955820058,0.3459895022756066,4311.3101941989125,876.7158299457232,131.78683487360607,76.2487514668937,3.310855455580119,13.824227865260427,0.9487639191501827,12.477,2.001,100.0,healthy,0.0,1.0,scenario_rapid_throttle_transition,scenario_rapid_throttle_transition.csv,0,rapid_throttle_transition,0
1780420097.5,97.5,580.0,0.0,579.88,0.0,5.324272482178526,5.200014017467178,7.5116255414399955,-2.2821491834625984,-2.862062713734005,7.5116255414399955,0.3483340944810051,3486.7045992853423,814.0857078636463,115.72093303543767,98.29012978857709,3.1227849007639623,9.214439918800801,0.7642020171533123,12.434,2.168,100.0,healthy,0.0,1.0,scenario_rapid_throttle_transition,scenario_rapid_throttle_transition.csv,0,rapid_throttle_transition,0
1780420097.75,97.75,581.2152203394701,1.2152203394700742,581.0952203394701,0.0,5.367753491432735,5.366117245277674,8.313132153302167,-3.274397264830575,-0.9943285994750883,8.313132153302167,0.3484605133661858,3277.6373681339883,817.7633012387508,112.2092058125569,81.89810543587433,2.54007803593245,5.012559067880037,0.9174875964882996,12.547,1.927,100.0,healthy,0.0,1.0,scenario_rapid_throttle_transition,scenario_rapid_throttle_transition.csv,0,rapid_throttle_transition,0
1780420098.0,98.0,580.5384648805547,0.5384648805546784,580.4184648805547,0.0,5.406025502942149,5.172090440534827,13.171539854230916,-1.8568244776103056,-1.2536133452016975,13.171539854230916,0.35221650057041404,3248.314043746358,816.0431528919432,136.01256053972247,86.14452643896755,2.8685302898028926,12.289449590260608,1.0501368942647973,12.442,2.125,100.0,healthy,0.0,1.0,scenario_rapid_throttle_transition,scenario_rapid_throttle_transition.csv,0,rapid_throttle_transition,0
1780420098.25,98.25,580.2634938596359,0.26349385963595007,580.1434938596359,0.0,5.415848713351159,5.525970056525423,11.494605157500787,-4.013570503612494,-1.4171862498593977,11.494605157500787,0.35418820507926707,3947.302385502796,812.5135602579692,99.54365032954894,77.78983805325777,2.720568598361863,6.056696832739846,0.9853552484001681,12.538,1.986,100.0,healthy,0.0,1.0,scenario_rapid_throttle_transition,scenario_rapid_throttle_transition.csv,0,rapid_throttle_transition,0
1780420098.5,98.5,580.5132966075627,0.5132966075626098,580.3932966075627,0.0,5.50690470434655,5.432162058055878,7.719911705094823,-2.3090039531147584,-2.2305281088035325,7.719911705094823,0.35252639445031275,3207.1868103479305,767.3763659966768,135.62655656003926,79.38824126733843,2.3417260082782185,6.028839794112191,0.8253135639788953,12.519,2.048,100.0,healthy,0.0,1.0,scenario_rapid_throttle_transition,scenario_rapid_throttle_transition.csv,0,rapid_throttle_transition,0
1780420098.75,98.75,580.410653570278,0.4106535702780407,580.290653570278,0.0,5.515976003011895,5.346037614253194,9.593661193464829,-2.784526132268513,-0.9157987448377605,9.593661193464829,0.3528220215133438,2899.0373158071284,798.9809837059616,108.98025135805312,88.47270622889015,3.081561920614914,9.91289934246149,0.8167010512539683,12.498,2.269,100.0,healthy,0.0,1.0,scenario_rapid_throttle_transition,scenario_rapid_throttle_transition.csv,0,rapid_throttle_transition,0
1780420099.0,99.0,580.0,0.0,579.88,0.0,5.556050954021422,5.813733313577925,18.247545915086334,-3.8609366673036956,-1.2103178982837726,18.247545915086334,0.35336264596113554,2663.1687035314408,805.9641308568524,123.35070792892489,85.92053809542475,2.918321554323573,9.74842416285149,0.9595308729054411,12.497,2.11,100.0,healthy,0.0,1.0,scenario_rapid_throttle_transition,scenario_rapid_throttle_transition.csv,0,rapid_throttle_transition,0
1780420099.25,99.25,581.579840370129,1.5798403701290276,581.459840370129,0.0,5.632486912340171,5.87633723647683,16.2493130736936,-2.8374495662303074,-2.070657387982134,16.2493130736936,0.35499720432565945,3059.441501618599,809.9981058710167,101.78008114412324,71.7338981979206,3.1133351106579474,12.917817729864932,1.0243603300131503,12.403,2.062,100.0,healthy,0.0,1.0,scenario_rapid_throttle_transition,scenario_rapid_throttle_transition.csv,0,rapid_throttle_transition,0
1780420099.5,99.5,580.5738667229228,0.573866722922894,580.4538667229228,0.0,5.713098243178701,5.669032544252497,8.374907011350826,-3.180894746287125,-1.7570550392929012,8.374907011350826,0.3593196132136386,3176.8454472769513,841.5145016313649,111.75859495270731,89.54040141724164,2.8540303292097318,6.588871805073065,0.8521542218396888,12.52,2.204,100.0,healthy,0.0,1.0,scenario_rapid_throttle_transition,scenario_rapid_throttle_transition.csv,0,rapid_throttle_transition,0
1780420099.75,99.75,580.0,0.0,579.88,0.0,5.748761975666743,5.872746231789002,14.842550910165647,-1.1889950994283975,-2.0422344404069435,14.842550910165647,0.35775833836158155,3100.762875216332,755.136563082575,111.03135145063538,93.00545395259178,2.6611093221675866,5.463991131891387,0.9775627747795864,12.5,2.076,100.0,healthy,0.0,1.0,scenario_rapid_throttle_transition,scenario_rapid_throttle_transition.csv,0,rapid_throttle_transition,0
1780420100.0,100.0,582.1694135947195,2.1694135947195132,582.0494135947195,0.0,5.786232759318686,5.966908050177054,10.386592293866558,-3.026687864793522,-1.2174555325651775,10.386592293866558,0.3620666292976819,3505.7511893335186,745.4959228529992,133.84726614617753,75.21815316124406,2.814344910484384,6.8790154739841025,0.8563123604177706,12.564,2.167,100.0,healthy,0.0,1.0,scenario_rapid_throttle_transition,scenario_rapid_throttle_transition.csv,0,rapid_throttle_transition,0
1780420100.25,100.25,580.0,0.0,579.88,0.0,5.797859252163704,5.952511872016409,5.8129709692733575,-1.440938119928636,-2.6247780486833667,5.8129709692733575,0.3655992331539238,2874.174457493711,798.5336419832543,106.1235759881731,101.28933967682957,3.0896958964970764,8.650968327825904,0.9774468389533084,12.483,2.129,100.0,healthy,0.0,1.0,scenario_rapid_throttle_transition,scenario_rapid_throttle_transition.csv,0,rapid_throttle_transition,0
1780420100.5,100.5,580.0,0.0,579.88,0.0,5.862962510318912,5.7761064417068795,6.917004965346862,-4.174635152958452,-2.0094840441444672,6.917004965346862,0.36853016290149543,3615.0220596369354,764.6159677677291,78.44760595371429,93.67686089237307,2.6319940455559845,4.1102656497628205,0.9870508211785476,12.439,2.113,100.0,healthy,0.0,1.0,scenario_rapid_throttle_transition,scenario_rapid_throttle_transition.csv,0,rapid_throttle_transition,0
1780420100.75,100.75,581.5131605532526,1.5131605532526806,581.3931605532526,0.0,5.832927596315959,6.10687954927459,14.090225130222379,-2.965396748354001,-1.5610731763734744,14.090225130222379,0.36454356458322656,2750.077000427193,749.9212409274937,86.95979116457335,82.46500802737529,2.598779835838393,6.034660381968406,0.9890989442325684,12.536,1.963,100.0,healthy,0.0,1.0,scenario_rapid_throttle_transition,scenario_rapid_throttle_transition.csv,0,rapid_throttle_transition,0
1780420101.0,101.0,582.5748494239949,2.574849423994928,582.4548494239949,0.0,5.8842531127210025,5.697068697872963,15.405051193208413,-4.117290915451031,-1.6003244350273242,15.405051193208413,0.36748552472279206,3288.683548414456,749.7185596175995,76.9938484638814,83.04367292492518,2.740851807378909,11.971078437426282,0.9901008674966326,12.41,2.172,100.0,healthy,0.0,1.0,scenario_rapid_throttle_transition,scenario_rapid_throttle_transition.csv,0,rapid_throttle_transition,0
1780420101.25,101.25,580.5030446130588,0.5030446130587842,580.3830446130588,0.0,5.9626035538372175,5.7175770790731235,8.707699761795244,-2.4610571619408375,-1.2740962821050983,8.707699761795244,0.3710309774558038,3009.397660181224,748.5991362387309,84.73969938969775,107.99400776996455,2.2900950180319626,9.734178648172142,1.0421751496385747,12.412,2.307,100.0,healthy,0.0,1.0,scenario_rapid_throttle_transition,scenario_rapid_throttle_transition.csv,0,rapid_throttle_transition,0
1780420101.5,101.5,582.0200539851182,2.0200539851181833,581.9000539851182,0.0,6.0127002944156045,6.009193782449423,8.306852254075734,-1.3843923756425403,-1.711910048913399,8.306852254075734,0.3676743718471509,2369.686708267828,795.241288781353,78.41877894938818,84.75448543412796,3.1638332732596184,11.021091195894359,0.9820309646000215,12.566,1.855,100.0,healthy,0.0,1.0,scenario_rapid_throttle_transition,scenario_rapid_throttle_transition.csv,0,rapid_throttle_transition,0
1780420101.75,101.75,580.0,0.0,579.88,0.0,6.056473908148293,5.759900640539735,9.787646797971949,-2.2341314661518137,-2.134805833332011,9.787646797971949,0.36596188282190245,2426.2884514525704,745.12092865865,111.33115953341397,85.24550796573251,2.9975457590021453,8.412670647934858,1.0347364618803736,12.524,2.181,100.0,healthy,0.0,1.0,scenario_rapid_throttle_transition,scenario_rapid_throttle_transition.csv,0,rapid_throttle_transition,0
1780420102.0,102.0,581.9828600188569,1.9828600188568042,581.8628600188568,0.0,6.100578350760936,6.368590142485304,4.213494339568849,-2.3773615541210944,-0.1223755653087919,4.213494339568849,0.36771201735826303,3058.2598081116907,726.723799820955,100.57751353160452,68.94600102725792,2.8774579281168524,9.084265905116796,0.8941675670112306,12.48,2.119,100.0,healthy,0.0,1.0,scenario_rapid_throttle_transition,scenario_rapid_throttle_transition.csv,0,rapid_throttle_transition,0
1780420102.25,102.25,580.0,0.0,579.88,0.0,6.135763048731079,5.909917596311848,19.05147449762682,-2.9551045655097385,-1.1222524021925127,19.05147449762682,0.3658408395885546,3079.141883955533,758.9706906965971,117.4719883542665,55.51545292863308,3.407185728259984,5.9218011961519545,0.884554898603044,12.469,2.227,100.0,healthy,0.0,1.0,scenario_rapid_throttle_transition,scenario_rapid_throttle_transition.csv,0,rapid_throttle_transition,0
1780420102.5,102.5,580.0,0.0,579.88,0.0,6.110496764297447,5.966141130285899,7.237432307243631,-1.2996701879319932,-2.6082363074875605,7.237432307243631,0.36327016974876947,3402.450952861156,770.978233140639,123.06011131388954,60.56395252596586,2.7694216218700514,3.5597513648726906,0.8892085401276533,12.592,1.979,100.0,healthy,0.0,1.0,scenario_rapid_throttle_transition,scenario_rapid_throttle_transition.csv,0,rapid_throttle_transition,0
1780420102.75,102.75,580.0,0.0,579.88,0.0,6.094285700619803,6.396075790966784,10.508442486198465,-2.304985842829461,-1.7396915838856315,10.508442486198465,0.3659282254722508,4393.286155163061,790.6165804945938,79.05947029381078,78.49834049384664,2.676303524510801,9.58304977537813,0.9698812729829602,12.507,2.102,100.0,healthy,0.0,1.0,scenario_rapid_throttle_transition,scenario_rapid_throttle_transition.csv,0,rapid_throttle_transition,0
1780420103.0,103.0,581.5413785778928,1.5413785778928513,581.4213785778928,0.0,6.149176260702616,6.009461782317557,15.861479888565853,-3.2902348502298557,-1.4986340732368033,15.861479888565853,0.3651469998124044,2731.117816116627,768.649468020821,118.50161423541208,56.180373536633,2.8832386796795944,9.315651682594764,0.957435439885772,12.452,1.882,100.0,healthy,0.0,1.0,scenario_rapid_throttle_transition,scenario_rapid_throttle_transition.csv,0,rapid_throttle_transition,0
1780420103.25,103.25,581.2364922373217,1.2364922373217004,581.1164922373217,0.0,6.185722621963422,6.4648347053745265,7.530113242209187,-3.431161386259828,-2.679458561735594,7.530113242209187,0.365826304253269,2659.7870062820957,755.5775452833046,101.45569472889876,78.6107047053483,2.289402037671113,9.014187420006841,0.911110101395491,12.509,2.065,100.0,healthy,0.0,1.0,scenario_rapid_throttle_transition,scenario_rapid_throttle_transition.csv,0,rapid_throttle_transition,0
1780420103.5,103.5,581.8772475967106,1.8772475967105922,581.7572475967106,0.0,6.2532317971058395,6.399757249143254,17.545520235549382,-4.5651486139055875,-2.303282082207218,17.545520235549382,0.36292884827144545,2958.0901856752694,738.9825876368839,119.7472960341051,71.40419273696938,3.6452763608056626,8.826346392155852,0.813012317847249,12.477,2.115,100.0,healthy,0.0,1.0,scenario_rapid_throttle_transition,scenario_rapid_throttle_transition.csv,0,rapid_throttle_transition,0
1780420103.75,103.75,581.559426505921,1.5594265059210146,581.439426505921,0.0,6.25703077644089,6.046131724993025,18.41950142462539,-1.3752558307145233,-2.1296291312194024,18.41950142462539,0.3648129589365328,3320.3550731301852,773.9003212715477,98.86454793959652,87.36997983741955,2.6814359909974548,7.493024279129346,0.952841067889329,12.502,2.032,100.0,healthy,0.0,1.0,scenario_rapid_throttle_transition,scenario_rapid_throttle_transition.csv,0,rapid_throttle_transition,0
1780420104.0,104.0,581.2829496491855,1.282949649185525,581.1629496491855,0.0,6.303039362675313,6.296498721311878,7.648193773808138,-2.076029203653535,-1.5188431984166173,7.648193773808138,0.36745084231324926,3539.098726884989,785.5987814519933,67.15842392501246,84.63713851820508,2.59543219233919,11.761400957978797,1.0040102983286912,12.457,2.022,100.0,healthy,0.0,1.0,scenario_rapid_throttle_transition,scenario_rapid_throttle_transition.csv,0,rapid_throttle_transition,0
1780420104.25,104.25,581.4513060094706,1.4513060094706005,581.3313060094706,0.0,6.366864481605755,6.449353311270207,14.476837438251001,-2.7552859422738556,-0.9775024257092296,14.476837438251001,0.369939824332397,3039.2239632067194,741.2113095034341,83.10788435372784,71.72431040546479,2.825557429222988,7.300170948265248,0.9988252192715451,12.453,2.112,100.0,healthy,0.0,1.0,scenario_rapid_throttle_transition,scenario_rapid_throttle_transition.csv,0,rapid_throttle_transition,0
1780420104.5,104.5,580.0,0.0,579.88,0.0,6.439735417052034,6.1870609168443575,12.439644565954445,-2.7172557573522136,-1.7229580174933334,12.439644565954445,0.3697077758263652,2978.724203066275,765.3142398353712,120.84794670531407,93.9837864354964,3.0032767331958445,6.401022893591177,0.9165895053670299,12.504,2.055,100.0,healthy,0.0,1.0,scenario_rapid_throttle_transition,scenario_rapid_throttle_transition.csv,0,rapid_throttle_transition,0
1780420104.75,104.75,580.0,0.0,579.88,0.0,6.43107104799436,6.487155382031183,14.309700965232944,-3.2235926244923028,-1.7340064906074222,14.309700965232944,0.3680627288324671,2763.0411374492724,791.2084976853725,104.24169730339175,88.09046500226417,3.103695894786175,9.274015683969672,0.9697934641497784,12.422,2.162,100.0,healthy,0.0,1.0,scenario_rapid_throttle_transition,scenario_rapid_throttle_transition.csv,0,rapid_throttle_transition,0
1780420105.0,105.0,580.8065430004673,0.806543000467243,580.6865430004673,0.0,6.427173386191826,6.180805857859327,11.841569707506496,-3.241443956310001,-1.9585837630127927,11.841569707506496,0.36955767523242977,4006.883273736075,751.096319596153,97.81873367658453,81.24133809900897,2.7799070123833234,5.661425954263369,0.9501731663675065,12.544,2.052,100.0,healthy,0.0,1.0,scenario_rapid_throttle_transition,scenario_rapid_throttle_transition.csv,0,rapid_throttle_transition,0
1780420105.25,105.25,580.1774113998363,0.17741139983626247,580.0574113998363,0.0,6.46683706984085,6.215867208302289,12.435390000107887,-3.5088990589978653,-1.5879525471384621,12.435390000107887,0.3737034557124211,2453.8832360640677,724.5439039739814,95.00227139552399,85.18288377818978,2.7425146428962432,7.148212651338578,0.8147743180805045,12.625,2.161,100.0,healthy,0.0,1.0,scenario_rapid_throttle_transition,scenario_rapid_throttle_transition.csv,0,rapid_throttle_transition,0
1780420105.5,105.5,581.344161024493,1.3441610244929874,581.224161024493,0.0,6.458895465597842,6.243236493986549,12.12793779625153,-2.1290540822386905,-2.0295215511785383,12.12793779625153,0.376688885906955,2872.056290156631,730.6012006881843,69.98065787580916,80.07095126880122,2.8526482179777655,7.354822525526448,0.896406834804834,12.557,2.252,100.0,healthy,0.0,1.0,scenario_rapid_throttle_transition,scenario_rapid_throttle_transition.csv,0,rapid_throttle_transition,0
1780420105.75,105.75,580.0,0.0,579.88,0.0,6.499554250648468,6.561845686482214,15.816611044426331,-3.4929439147400605,-3.5380925136828965,15.816611044426331,0.3794712712129083,3124.546996700139,773.495624652152,113.54590593024581,74.89937141597946,2.714892675073531,11.927761144238138,0.9307893934479694,12.454,2.121,100.0,healthy,0.0,1.0,scenario_rapid_throttle_transition,scenario_rapid_throttle_transition.csv,0,rapid_throttle_transition,0
1780420106.0,106.0,580.0,0.0,579.88,0.0,6.527748740814273,6.784209103051005,13.374849605633242,-3.132096597469838,-2.002131075050338,13.374849605633242,0.37908285725773866,2766.415115236492,742.3562403083051,77.56998932208721,51.8079367390319,2.2934906428068063,9.099095237894064,0.8424805588423464,12.521,1.911,100.0,healthy,0.0,1.0,scenario_rapid_throttle_transition,scenario_rapid_throttle_transition.csv,0,rapid_throttle_transition,0
1780420106.25,106.25,580.0,0.0,579.88,0.0,6.581782281959059,6.685088710123531,5.915132806292838,-2.374568397527391,-2.2146553823103794,5.915132806292838,0.3776404175736691,3267.180837330243,785.3539889774927,92.88008600935352,76.3116393152179,3.0959401641124815,9.023820659543253,0.9818220728200389,12.521,2.205,100.0,healthy,0.0,1.0,scenario_rapid_throttle_transition,scenario_rapid_throttle_transition.csv,0,rapid_throttle_transition,0
1780420106.5,106.5,580.6387297270695,0.6387297270694914,580.5187297270695,0.0,6.6656066736090755,6.4183770251306695,6.172594332269597,-3.4415984029401074,-1.927981528697954,6.172594332269597,0.3792746154167693,3540.642808828152,727.2945284069474,87.54436251548613,49.756218040175305,3.012338870080569,4.794861548523685,0.8783453367193601,12.557,2.232,100.0,healthy,0.0,1.0,scenario_rapid_throttle_transition,scenario_rapid_throttle_transition.csv,0,rapid_throttle_transition,0
1780420106.75,106.75,580.108557481744,0.1085574817439843,579.988557481744,0.0,6.666526496556863,6.620274444084924,13.555019524879187,-2.1943364434777286,-3.050986312095069,13.555019524879187,0.3830711521413277,3494.0763273622556,765.2915541822341,95.35341392670732,97.24212503398614,2.900313679901917,8.09419004351131,0.9630493007290387,12.473,2.124,100.0,healthy,0.0,1.0,scenario_rapid_throttle_transition,scenario_rapid_throttle_transition.csv,0,rapid_throttle_transition,0
1780420107.0,107.0,580.0,0.0,579.88,0.0,6.6646890715592315,6.949026099973008,6.683718007931416,-3.8901765651492015,-2.387577526612379,6.683718007931416,0.38043340367193146,3045.9831720625616,784.9612725824119,123.89483317174785,78.74235777400901,2.8047544945017773,10.183060323330537,0.8904683502049953,12.513,2.177,100.0,healthy,0.0,1.0,scenario_rapid_throttle_transition,scenario_rapid_throttle_transition.csv,0,rapid_throttle_transition,0
1780420107.25,107.25,581.0401271158413,1.0401271158412952,580.9201271158413,0.0,6.708153787902496,6.66892310259896,14.023793141538457,-1.7848150019631266,-2.893557923342681,14.023793141538457,0.3771093029797817,3084.4002823047667,776.6101833127881,47.821134503894726,72.67460820210954,2.737957762756186,11.378990227778026,0.9955942488600161,12.412,2.137,100.0,healthy,0.0,1.0,scenario_rapid_throttle_transition,scenario_rapid_throttle_transition.csv,0,rapid_throttle_transition,0
1780420107.5,107.5,580.0,0.0,579.88,0.0,6.755197870059403,6.4750151366575865,16.20267792986652,-1.5423915291079213,-2.326695320187021,16.20267792986652,0.3740488953545812,3134.045206523696,776.0226957416065,99.71778992163658,59.80778634309846,2.3351391446705687,10.806239380731933,0.9296955560773004,12.553,2.04,100.0,healthy,0.0,1.0,scenario_rapid_throttle_transition,scenario_rapid_throttle_transition.csv,0,rapid_throttle_transition,0
1780420107.75,107.75,580.2814784917783,0.2814784917782832,580.1614784917783,0.0,6.813910290304072,6.572414615795715,11.611792025037808,-2.145011290775031,-2.798424475227323,11.611792025037808,0.3717015231423885,3698.9350251824117,745.4978013947994,94.33776150002643,74.57969660673548,2.494122670128094,6.785730732310811,0.9730700874262588,12.584,2.141,100.0,healthy,0.0,1.0,scenario_rapid_throttle_transition,scenario_rapid_throttle_transition.csv,0,rapid_throttle_transition,0
1780420108.0,108.0,580.0,0.0,579.88,0.0,6.790301508333919,6.935185843660214,14.283844935245662,-4.339738223270325,-1.1553940084231125,14.283844935245662,0.37592548392701186,2788.412624841897,834.5043930245423,91.2005055958041,73.99425489954986,2.8433739965707003,5.601366677739964,0.8155632435444082,12.442,2.111,100.0,healthy,0.0,1.0,scenario_rapid_throttle_transition,scenario_rapid_throttle_transition.csv,0,rapid_throttle_transition,0
1780420108.25,108.25,580.3371466265983,0.3371466265982955,580.2171466265983,0.0,6.827738964758695,6.858071393799895,9.746799092226514,-1.9099633161560912,-2.398005777944821,9.746799092226514,0.3777347361560389,3634.788858545657,747.7869847868624,114.70125817534102,71.2222565156563,2.794835604307163,8.361581155162174,1.0221482658747003,12.51,2.003,100.0,healthy,0.0,1.0,scenario_rapid_throttle_transition,scenario_rapid_throttle_transition.csv,0,rapid_throttle_transition,0
1780420108.5,108.5,581.5861951405873,1.5861951405872756,581.4661951405873,0.0,6.90496334359598,6.7557663226015885,21.168286061734143,-4.297128369233695,-0.6462954566251324,21.168286061734143,0.37956548547076596,3326.308904231159,735.5803193966864,92.07619519781586,79.63910773845711,3.1083267383333464,9.34659865583444,0.9049390369716207,12.527,1.982,100.0,healthy,0.0,1.0,scenario_rapid_throttle_transition,scenario_rapid_throttle_transition.csv,0,rapid_throttle_transition,0
1780420108.75,108.75,581.5083710915432,1.5083710915431543,581.3883710915431,0.0,6.87539729123889,6.775341934901523,8.439199813037431,-2.783379633121376,-1.8234677988358388,8.439199813037431,0.3769835889794003,3154.7639840738193,773.6803646395679,64.55278621367225,70.5331639063907,3.385389318444612,7.923048004405289,0.6909032302637161,12.562,2.185,100.0,healthy,0.0,1.0,scenario_rapid_throttle_transition,scenario_rapid_throttle_transition.csv,0,rapid_throttle_transition,0
1780420109.0,109.0,580.0,0.0,579.88,0.0,6.883522437315041,6.780501668417071,11.271526385450876,-3.691925683415913,-2.751328319242271,11.271526385450876,0.37437409588987786,3206.6957600206565,732.8426600784657,117.90969697854646,66.67705232268999,3.2404303153312433,8.671395158658253,1.0143566761559577,12.579,2.103,100.0,healthy,0.0,1.0,scenario_rapid_throttle_transition,scenario_rapid_throttle_transition.csv,0,rapid_throttle_transition,0
1780420109.25,109.25,580.2647071679237,0.2647071679237205,580.1447071679237,0.0,6.920394126314243,7.1892578719080555,13.665067993250352,-3.356427204743625,-3.058720063233807,13.665067993250352,0.37673833558511244,2655.601194761255,763.3292370766618,101.74773167454353,48.63234109006063,2.5155398295642795,8.222432121580194,0.9532587256337719,12.439,2.158,100.0,healthy,0.0,1.0,scenario_rapid_throttle_transition,scenario_rapid_throttle_transition.csv,0,rapid_throttle_transition,0
1780420109.5,109.5,580.4819473351362,0.4819473351362008,580.3619473351362,0.0,6.957802823502785,7.183104710219639,13.152864763845333,-2.3162660852811454,-3.57904931817676,13.152864763845333,0.3761845668448811,2828.446843236574,745.4273660244046,75.11408812199045,74.58155964670664,2.472934848350989,8.88651286156343,0.7521305855005208,12.514,2.128,100.0,healthy,0.0,1.0,scenario_rapid_throttle_transition,scenario_rapid_throttle_transition.csv,0,rapid_throttle_transition,0
1780420109.75,109.75,580.4135211206255,0.4135211206255371,580.2935211206255,0.0,7.035355030045799,7.085844082649182,10.769543680976543,-1.958718048622445,-2.2131318934235145,10.769543680976543,0.37839825488710255,3038.9458991681176,777.0221648975936,93.70367147763876,47.91838787748133,2.909839547532107,10.881316732403903,0.8988272507953424,12.521,2.16,100.0,healthy,0.0,1.0,scenario_rapid_throttle_transition,scenario_rapid_throttle_transition.csv,0,rapid_throttle_transition,0
1780420110.0,110.0,580.9984854019607,0.9984854019607123,580.8784854019607,0.0,7.1245933401872135,7.116609275979107,19.72760100298307,-4.0270390200945085,-1.735074349951241,19.72760100298307,0.37780247592048066,3092.9842044621905,792.9995397474829,87.72100454555701,61.395654151170284,2.7322970333482153,8.511201235008402,1.0583859148169807,12.525,2.216,100.0,healthy,0.0,1.0,scenario_rapid_throttle_transition,scenario_rapid_throttle_transition.csv,0,rapid_throttle_transition,0
1780420110.25,110.25,580.5068286606182,0.5068286606182554,580.3868286606182,0.0,7.158183363731815,7.420420227704928,8.377778557926982,-3.8790914749842402,-1.9956949047988022,8.377778557926982,0.3789085447414667,2942.471418688718,801.9404553613512,67.13118682850137,48.14676036533966,2.902744107120717,5.934317770799096,0.8415363596697943,12.452,2.307,100.0,healthy,0.0,1.0,scenario_rapid_throttle_transition,scenario_rapid_throttle_transition.csv,0,rapid_throttle_transition,0
1780420110.5,110.5,580.0,0.0,579.88,0.0,7.1730569150248975,7.385493294537417,7.535640442847959,-4.260232874208287,-2.1858147832647217,7.535640442847959,0.3806934525652971,3293.763169917261,790.620962242242,42.21353441754061,59.592434274758816,3.237164846101826,6.604860570812679,0.8276523559106136,12.431,2.243,100.0,healthy,0.0,1.0,scenario_rapid_throttle_transition,scenario_rapid_throttle_transition.csv,0,rapid_throttle_transition,0
1780420110.75,110.75,580.2654561820344,0.2654561820343906,580.1454561820344,0.0,7.2145990652908045,7.421482776914374,12.92245998518544,-1.6183481846000503,-1.0151175144900386,12.92245998518544,0.37859247907739146,3612.890222314165,755.1853786791954,81.715262985078,60.054954694402646,2.7335730728918106,4.237598176748827,0.9517357010997701,12.495,2.303,100.0,healthy,0.0,1.0,scenario_rapid_throttle_transition,scenario_rapid_throttle_transition.csv,0,rapid_throttle_transition,0
1780420111.0,111.0,580.5156950880355,0.5156950880355151,580.3956950880355,0.0,7.23456139369745,7.058890177389326,9.918160193390236,-2.66132431913511,-1.6493482123909238,9.918160193390236,0.3822678851162534,3446.9853755160807,728.1395524013166,79.80584554149122,69.34498004399023,2.8739132394569595,8.568473063740553,0.8491541872199988,12.507,2.183,100.0,healthy,0.0,1.0,scenario_rapid_throttle_transition,scenario_rapid_throttle_transition.csv,0,rapid_throttle_transition,0
1780420111.25,111.25,581.4003909085318,1.4003909085317585,581.2803909085318,0.0,7.213127060288552,7.086333119296507,10.886338597303903,-2.23453855067956,-1.7703641610326863,10.886338597303903,0.3806196625307189,3451.242802572536,753.5976758820325,100.56092333161915,75.31604881393056,3.225034952371976,8.705279969303284,0.9429082280363283,12.426,2.284,100.0,healthy,0.0,1.0,scenario_rapid_throttle_transition,scenario_rapid_throttle_transition.csv,0,rapid_throttle_transition,0
1780420111.5,111.5,580.3189048832768,0.3189048832768184,580.1989048832768,0.0,7.20984960292862,7.143154016600311,15.210334695185876,-2.6399247684789806,-2.562663129782436,15.210334695185876,0.3780715513723409,3261.467319237122,726.8866710824325,54.49953089520049,67.62607241218691,2.7056839887074524,9.659121216616288,1.0094506705364497,12.596,2.114,100.0,healthy,0.0,1.0,scenario_rapid_throttle_transition,scenario_rapid_throttle_transition.csv,0,rapid_throttle_transition,0
1780420111.75,111.75,583.1142178475719,3.1142178475719327,582.9942178475719,0.0,7.214915037817018,7.418392714295356,4.572048087200944,-2.3630752844534744,-0.4816385991155945,4.572048087200944,0.3802082977741849,4285.3560430959915,718.0486160805413,73.04320715683083,62.19294247357422,3.14425401572909,11.664975363220439,0.9835186656409184,12.441,2.126,100.0,healthy,0.0,1.0,scenario_rapid_throttle_transition,scenario_rapid_throttle_transition.csv,0,rapid_throttle_transition,0
1780420112.0,112.0,580.0,0.0,579.88,0.0,7.247028436018911,7.160175347137291,8.31612460098371,-3.335422100051845,-2.927553081646083,8.31612460098371,0.3840976100379494,3710.1351469968868,763.8331042260284,90.0054216660404,57.213003971656846,2.8429689687584374,8.951661136048584,1.0107276625166843,12.549,2.057,100.0,healthy,0.0,1.0,scenario_rapid_throttle_transition,scenario_rapid_throttle_transition.csv,0,rapid_throttle_transition,0
1780420112.25,112.25,580.0,0.0,579.88,0.0,7.31377760528677,7.180889149154962,5.032777433472413,-3.1143262485903116,-1.3644185385551806,5.032777433472413,0.3807742145738037,3013.926231048648,742.2300807948973,77.19228050747843,61.00639102926378,2.935247118727943,10.773888811540916,1.0051971383392955,12.473,2.069,100.0,healthy,0.0,1.0,scenario_rapid_throttle_transition,scenario_rapid_throttle_transition.csv,0,rapid_throttle_transition,0
1780420112.5,112.5,581.8256105788421,1.8256105788421135,581.7056105788421,0.0,7.379404644697829,7.3620844072090135,12.58309281471272,-2.829880112136176,-2.016324345981759,12.58309281471272,0.3794942407957874,2969.1313647329002,769.751309333761,98.4976676606548,64.64814647255494,2.40129983489613,9.708744173429105,1.0490057221936073,12.449,1.967,100.0,healthy,0.0,1.0,scenario_rapid_throttle_transition,scenario_rapid_throttle_transition.csv,0,rapid_throttle_transition,0
1780420112.75,112.75,582.1906723696384,2.1906723696384187,582.0706723696384,0.0,7.443554287259016,7.687306003686947,8.400677606433804,-3.511148518764976,-2.784005233834487,8.400677606433804,0.38189591027219716,3704.9088326534666,716.7578013898869,75.15708586187901,62.69025943503738,2.7264202435128357,13.080568737109317,0.9556016533130023,12.473,2.203,100.0,healthy,0.0,1.0,scenario_rapid_throttle_transition,scenario_rapid_throttle_transition.csv,0,rapid_throttle_transition,0
1780420113.0,113.0,580.0,0.0,579.88,0.0,7.497324887673229,7.582376572029308,14.197021275909954,-1.1699200847356421,-2.1587879754099375,14.197021275909954,0.38465423561958906,3712.690658165564,765.5527008847428,99.63812284343804,60.18572206227723,2.847767339005678,9.425177464206154,0.891223933058819,12.567,2.173,100.0,healthy,0.0,1.0,scenario_rapid_throttle_transition,scenario_rapid_throttle_transition.csv,0,rapid_throttle_transition,0
1780420113.25,113.25,580.0714878886224,0.07148788862236563,579.9514878886224,0.0,7.499480725808777,7.619351241702274,7.808210950691702,-2.2229192969396387,-2.56432750420284,7.808210950691702,0.3839824328359731,3734.295799280697,799.6203886565415,66.61324552816993,67.3765955016117,3.0478427541347486,9.964467844510262,0.8537241957024164,12.423,2.099,100.0,healthy,0.0,1.0,scenario_rapid_throttle_transition,scenario_rapid_throttle_transition.csv,0,rapid_throttle_transition,0
1780420113.5,113.5,580.0,0.0,579.88,0.0,7.478428397060014,7.622751457263477,1.728626708228198,-3.437592809265663,-2.8121071328274914,1.728626708228198,0.3850232076972824,3371.0342508522103,771.4596097672379,80.4750232810748,81.29197108945182,2.8955697701577825,11.691460566907047,0.9373623827340818,12.484,2.06,100.0,healthy,0.0,1.0,scenario_rapid_throttle_transition,scenario_rapid_throttle_transition.csv,0,rapid_throttle_transition,0
1780420113.75,113.75,581.9348272585457,1.9348272585457518,581.8148272585457,0.0,7.531022082651604,7.820064549007589,8.579609766447742,-3.299747932123114,-2.6071138109201644,8.579609766447742,0.3889987180409103,3110.4471184486342,772.8283041688483,79.6797349509077,77.23930727181812,2.714508211756764,10.825622305230073,0.9252286316768581,12.498,2.252,100.0,healthy,0.0,1.0,scenario_rapid_throttle_transition,scenario_rapid_throttle_transition.csv,0,rapid_throttle_transition,0
1780420114.0,114.0,580.0,0.0,579.88,0.0,7.558999360649487,7.305381004839719,14.3252514511498,-3.026294906843628,-1.5925563072191378,14.3252514511498,0.3885397750969741,3543.1988996949585,765.2061868303579,101.27076980537218,72.73541541274682,3.379376940993873,9.649086012012617,1.0111492538710654,12.557,2.265,100.0,healthy,0.0,1.0,scenario_rapid_throttle_transition,scenario_rapid_throttle_transition.csv,0,rapid_throttle_transition,0
1780420114.25,114.25,580.0,0.0,579.88,0.0,7.604704485895838,7.8144038104012825,15.609985379819907,-2.2239795493730634,-1.8179798650154344,15.609985379819907,0.3912625190785021,3546.795737671291,747.4751717312284,70.13802881487233,64.54739897412578,3.0111351294635647,9.25326059822017,1.0010604558537244,12.429,2.062,100.0,healthy,0.0,1.0,scenario_rapid_throttle_transition,scenario_rapid_throttle_transition.csv,0,rapid_throttle_transition,0
1780420114.5,114.5,582.0667508925492,2.066750892549228,581.9467508925492,0.0,7.6477882688006895,7.744292047032723,14.223460536268439,-1.6059065799058,-2.474427177573814,14.223460536268439,0.39233615083491313,3411.2579471257,770.130377122612,95.98017479865139,66.64897842188756,2.9283598043455203,8.470094406868071,1.0536638973777301,12.521,2.103,100.0,healthy,0.0,1.0,scenario_rapid_throttle_transition,scenario_rapid_throttle_transition.csv,0,rapid_throttle_transition,0
1780420114.75,114.75,580.0,0.0,579.88,0.0,7.6321282045751575,7.966098573847894,10.374297740155523,-2.4246611079915756,-3.1858756453113197,10.374297740155523,0.39140863272978066,3169.3559430814903,765.608443630323,68.35431511937986,49.35920728119627,2.579420121956307,11.332625663024462,0.9334274050816501,12.502,2.071,100.0,healthy,0.0,1.0,scenario_rapid_throttle_transition,scenario_rapid_throttle_transition.csv,0,rapid_throttle_transition,0
1780420115.0,115.0,580.1152183665771,0.11521836657714135,579.9952183665771,0.0,7.632190247878914,7.589926470513273,16.13012113425357,-3.344562918276901,-2.8473208356671296,16.13012113425357,0.3901717789187148,3726.946981546769,787.7677861979736,108.94319777740526,73.14842482201438,3.0113405389206296,11.875601376925447,0.8878299107955655,12.58,2.256,100.0,healthy,0.0,1.0,scenario_rapid_throttle_transition,scenario_rapid_throttle_transition.csv,0,rapid_throttle_transition,0
1780420115.25,115.25,580.101176231743,0.1011762317429676,579.981176231743,0.0,7.727137299237017,7.864912446535096,18.408077556812835,-3.2903311162099955,-1.519666677194619,18.408077556812835,0.389938697571873,3423.9766652994144,766.3076308624812,65.71835106958308,80.12540731974832,2.4885239099500946,10.308353594892376,0.9833439674009642,12.547,2.217,100.0,healthy,0.0,1.0,scenario_rapid_throttle_transition,scenario_rapid_throttle_transition.csv,0,rapid_throttle_transition,0
1780420115.5,115.5,580.0,0.0,579.88,0.0,7.804866373065562,7.67307764102045,12.514347289089663,-3.9295463874784176,-1.1930778126994845,12.514347289089663,0.3929591197233205,3063.389318363322,774.3979344935065,92.32792931576908,89.75792735972128,2.932218824130449,7.20242440123225,0.8670763549354316,12.43,2.105,100.0,healthy,0.0,1.0,scenario_rapid_throttle_transition,scenario_rapid_throttle_transition.csv,0,rapid_throttle_transition,0
1780420115.75,115.75,580.0,0.0,579.88,0.0,7.830408984940214,7.698478424973413,12.201148571027673,-3.268434050345448,-2.3109842335063515,12.201148571027673,0.3903841461230333,3018.602303823626,767.9497549441523,75.53562514566339,63.798882922141075,2.8940176698346454,9.452861352198251,0.9856010678941242,12.489,2.108,100.0,healthy,0.0,1.0,scenario_rapid_throttle_transition,scenario_rapid_throttle_transition.csv,0,rapid_throttle_transition,0
1780420116.0,116.0,581.4323124406193,1.4323124406192542,581.3123124406193,0.0,7.920911134034881,7.681560997371771,13.45215460984915,-3.5357160534882466,-1.8573964122274407,13.45215460984915,0.388238935500378,3194.40641882255,774.1963701135013,88.83223776946038,64.59616987259369,2.809975260490749,10.582292028624428,0.8102547330222444,12.584,2.153,100.0,healthy,0.0,1.0,scenario_rapid_throttle_transition,scenario_rapid_throttle_transition.csv,0,rapid_throttle_transition,0
1780420116.25,116.25,580.0,0.0,579.88,0.0,7.909330018092008,7.703806024479364,16.354501311075722,-2.7359216032638956,-2.2815947105149745,16.354501311075722,0.38927404161270013,2936.399750144654,818.5367583732469,84.7464321946589,65.46355696261608,2.827922811370274,8.213335999604679,0.8573733022735539,12.518,2.036,100.0,healthy,0.0,1.0,scenario_rapid_throttle_transition,scenario_rapid_throttle_transition.csv,0,rapid_throttle_transition,0
1780420116.5,116.5,581.1116524767247,1.1116524767246876,580.9916524767247,0.0,7.997360219226204,8.076973270516005,15.924769511909046,-3.3164703782433866,-2.416898669347736,15.924769511909046,0.39335560892601173,4133.350358067281,765.4478753492938,84.74586256828361,59.96073695340236,3.326255358117073,13.159450312461537,0.9428523453672977,12.485,2.316,100.0,healthy,0.0,1.0,scenario_rapid_throttle_transition,scenario_rapid_throttle_transition.csv,0,rapid_throttle_transition,0
1780420116.75,116.75,580.597985282629,0.5979852826289487,580.477985282629,0.0,8.027877524049583,8.004329586607348,13.68751007028298,-1.169885492709294,-2.2437899452768395,13.68751007028298,0.39112003453858557,3460.59639539934,772.4036577037936,64.94696977907229,84.02532271070021,3.059728730898052,12.213820584723871,0.8155673869182147,12.482,2.146,100.0,healthy,0.0,1.0,scenario_rapid_throttle_transition,scenario_rapid_throttle_transition.csv,0,rapid_throttle_transition,0
1780420117.0,117.0,581.7479601864568,1.7479601864568228,581.6279601864568,0.0,8.084571457892938,8.004490600800679,13.40179054007221,-3.9843868926671107,-2.470218413028082,13.40179054007221,0.39166631678487873,3007.1850241445964,740.5313480120408,60.415325019415356,62.976079794071936,2.7298336931321954,11.1283059461729,0.8846576131996755,12.46,2.248,100.0,healthy,0.0,1.0,scenario_rapid_throttle_transition,scenario_rapid_throttle_transition.csv,0,rapid_throttle_transition,0
1780420117.25,117.25,580.8193964275391,0.8193964275391197,580.6993964275391,0.0,8.152783098591883,8.031775376020207,17.073516423002793,-3.188108900481041,-2.095771225529124,17.073516423002793,0.38976163468085795,3365.822937888212,747.8514571845334,88.83708597734434,75.15713442319027,2.592263270463571,11.163338779455318,0.8974140158580288,12.443,2.118,100.0,healthy,0.0,1.0,scenario_rapid_throttle_transition,scenario_rapid_throttle_transition.csv,0,rapid_throttle_transition,0
1780420117.5,117.5,580.0,0.0,579.88,0.0,8.165681499740302,8.445440515423478,14.63949810591664,-1.6215383327008255,-2.1514617042758486,14.63949810591664,0.39140014430977643,2896.8026591556786,772.3070514368895,84.77698932626843,52.29401171951134,2.7153073514745083,10.13351761425857,0.9399827360943457,12.485,2.23,100.0,healthy,0.0,1.0,scenario_rapid_throttle_transition,scenario_rapid_throttle_transition.csv,0,rapid_throttle_transition,0
1780420117.75,117.75,580.0,0.0,579.88,0.0,8.137753568424063,8.54334335476662,9.504626618246917,-3.0146253283903865,-2.431942179730747,9.504626618246917,0.38875984342834446,2401.711578090616,784.457391716966,82.3294779694257,66.10634327673003,3.1432325327141517,7.853999351586229,1.0679841420270835,12.493,2.008,100.0,healthy,0.0,1.0,scenario_rapid_throttle_transition,scenario_rapid_throttle_transition.csv,0,rapid_throttle_transition,0
1780420118.0,118.0,580.0,0.0,579.88,0.0,8.107434163106287,7.823091158930886,12.87466155043024,-3.4904434687266486,-3.003343151842036,12.87466155043024,0.39289082062336544,3073.077654882153,815.3979453099402,83.12042470209919,49.86716456998906,2.509578346415864,10.827129760201945,0.8772553122301687,12.512,2.182,100.0,healthy,0.0,1.0,scenario_rapid_throttle_transition,scenario_rapid_throttle_transition.csv,0,rapid_throttle_transition,0
1780420118.25,118.25,581.5875357874163,1.5875357874163099,581.4675357874163,0.0,8.175753241533279,8.223537917152957,14.539159353060331,-2.5720940744917002,-2.9105674864636475,14.539159353060331,0.3935445579211934,2847.2471739166995,768.9453794746663,51.48812472323799,40.680246088783576,3.0103531524021987,8.657269707771864,0.9763442249687398,12.444,2.277,100.0,healthy,0.0,1.0,scenario_rapid_throttle_transition,scenario_rapid_throttle_transition.csv,0,rapid_throttle_transition,0
1780420118.5,118.5,580.7468094326078,0.7468094326078599,580.6268094326078,0.0,8.260083560031134,7.866275684330655,12.636987392596339,-1.9218786487002117,-2.5061111318422196,12.636987392596339,0.39108344507286263,4038.551012423295,769.9289334627593,87.29428228695792,52.215803597718796,2.4337037406633617,10.8497768697597,0.8135321573057326,12.381,2.318,100.0,healthy,0.0,1.0,scenario_rapid_throttle_transition,scenario_rapid_throttle_transition.csv,0,rapid_throttle_transition,0
1780420118.75,118.75,581.2285057443173,1.2285057443173146,581.1085057443173,0.0,8.30258356294788,8.262345362816841,17.526975032919605,-3.2052157922044193,-2.0693757314646932,17.526975032919605,0.39048212970087054,4122.89957544637,736.8705758104784,64.79339103531717,85.3715491598615,2.1871555749933007,9.828316486919036,1.0050724389371721,12.509,2.149,100.0,healthy,0.0,1.0,scenario_rapid_throttle_transition,scenario_rapid_throttle_transition.csv,0,rapid_throttle_transition,0
1780420119.0,119.0,580.0,0.0,579.88,0.0,8.335128969398353,7.966260487942079,12.241402255180418,-2.116470387053048,-2.107048399021451,12.241402255180418,0.38816289077645283,3905.093866039331,775.264260253569,67.89563070743267,62.35889762807214,3.630578392815748,11.594270594721543,0.9156219363362641,12.488,2.236,100.0,healthy,0.0,1.0,scenario_rapid_throttle_transition,scenario_rapid_throttle_transition.csv,0,rapid_throttle_transition,0
1780420119.25,119.25,580.0,0.0,579.88,0.0,8.3147216936565,8.400953213941168,12.416110527564362,-2.4374595734429167,-1.3681971616221802,12.416110527564362,0.38649816562277584,2977.5378942743355,736.1995258018504,74.45514303209517,89.92355595104702,3.205651742833721,9.94023522150569,0.8959662197770617,12.553,2.117,100.0,healthy,0.0,1.0,scenario_rapid_throttle_transition,scenario_rapid_throttle_transition.csv,0,rapid_throttle_transition,0
1780420119.5,119.5,580.0,0.0,579.88,0.0,8.367725036180003,8.43143082992312,10.52639550398709,-2.9406141619586976,-1.4962316171624717,10.52639550398709,0.38777514973383054,3288.202840776512,770.0338859025096,82.82972108867789,65.07902690204175,2.3811297482158245,11.536529202598373,0.7531864126409142,12.45,2.25,100.0,healthy,0.0,1.0,scenario_rapid_throttle_transition,scenario_rapid_throttle_transition.csv,0,rapid_throttle_transition,0
1780420119.75,119.75,580.0,0.0,579.88,0.0,8.422347848292938,8.480138012006238,15.768180783681487,-2.7341641048331278,-2.6376128231069216,15.768180783681487,0.390567916290375,2994.3868065626134,755.6183936047464,101.74689054131626,64.26330804460103,2.673567220113708,9.186866617331367,1.1005720160717292,12.396,2.326,100.0,healthy,0.0,1.0,scenario_rapid_throttle_transition,scenario_rapid_throttle_transition.csv,0,rapid_throttle_transition,0
1780420120.0,120.0,580.6271155266227,0.6271155266226281,580.5071155266227,0.0,8.494304732638003,8.915041561007447,13.396756414487555,-1.7121057378028826,-1.2145541176316443,13.396756414487555,0.3894824476829893,3212.646814468493,805.0183951442364,68.60216513831577,88.16220561424042,2.694481983580021,5.795519297491298,0.9470439291185304,12.502,2.183,100.0,healthy,0.0,1.0,scenario_rapid_throttle_transition,scenario_rapid_throttle_transition.csv,0,rapid_throttle_transition,0
1780420120.25,120.25,580.1332496416152,0.133249641615197,580.0132496416152,0.0,8.488951427363762,8.161857457365201,13.199560376898233,-2.649573108934563,-3.1526693968191344,13.199560376898233,0.3902168262389237,2941.3212893653968,736.1654049534495,77.88200913807727,78.4163020392015,3.088141054836687,9.162021629230523,0.849072283203098,12.53,2.131,100.0,healthy,0.0,1.0,scenario_rapid_throttle_transition,scenario_rapid_throttle_transition.csv,0,rapid_throttle_transition,0
1780420120.5,120.5,580.0,0.0,579.88,0.0,8.51470231941351,8.339422619960635,13.904701896742193,-3.003881877888069,-1.695158633935859,13.904701896742193,0.39331139257694425,3763.270185055819,781.3156013715773,80.61768922684124,91.61340178330403,3.2540221647415497,12.359693982470075,0.9550280810375901,12.48,2.333,100.0,healthy,0.0,1.0,scenario_rapid_throttle_transition,scenario_rapid_throttle_transition.csv,0,rapid_throttle_transition,0
1780420120.75,120.75,580.0,0.0,579.88,0.0,8.501374746844338,8.838887723751377,9.70788926505974,-1.8210112200065354,-2.9048588358633336,9.70788926505974,0.3956172009377872,3626.000772466638,754.9861838813233,87.971157941905,79.2542520852685,2.9770805765722126,9.937997263919419,1.0501633334813567,12.457,2.244,100.0,healthy,0.0,1.0,scenario_rapid_throttle_transition,scenario_rapid_throttle_transition.csv,0,rapid_throttle_transition,0
1780420121.0,121.0,580.5705396479146,0.5705396479146776,580.4505396479146,0.0,8.474117090228972,8.617286837047185,15.984286750545964,-1.421438429453584,-2.1676858291300536,15.984286750545964,0.39277058115683855,3402.862425505038,720.6322983983516,93.65340534967751,55.61255325970608,2.8825428310874965,10.189118676747876,0.7148744961771445,12.593,2.237,100.0,healthy,0.0,1.0,scenario_rapid_throttle_transition,scenario_rapid_throttle_transition.csv,0,rapid_throttle_transition,0
1780420121.25,121.25,580.7159922623182,0.71599226231821,580.5959922623182,0.0,8.471435661931075,8.34993521919315,15.794140897854382,-4.369898156804477,-2.3280776560671335,15.794140897854382,0.3911243863806392,2578.661680421646,755.8150076723948,82.55988924705755,53.2588162481286,3.2446928390719068,9.775352817597126,0.9793706263529123,12.515,2.268,100.0,healthy,0.0,1.0,scenario_rapid_throttle_transition,scenario_rapid_throttle_transition.csv,0,rapid_throttle_transition,0
1780420121.5,121.5,580.0,0.0,579.88,0.0,8.498453388783208,8.160056524133688,7.1589886298472845,-1.8607721780282533,-3.351150725095164,7.1589886298472845,0.39084169881320063,3160.9112568805,769.7564896349376,88.32782179414438,44.02191218223605,2.7871833100301515,9.81692218140632,0.9417084952028865,12.457,2.213,100.0,healthy,0.0,1.0,scenario_rapid_throttle_transition,scenario_rapid_throttle_transition.csv,0,rapid_throttle_transition,0
1780420121.75,121.75,582.6667085238497,2.6667085238496684,582.5467085238497,0.0,8.551320270924151,8.536039385684564,10.60223960708344,-3.602876977581411,-2.8898864295048825,10.60223960708344,0.39576439004681896,3108.9638546827455,809.4823670591189,75.09877651049268,45.882787141427904,2.0833151229763844,8.542175731773487,0.8608249146848956,12.456,2.307,100.0,healthy,0.0,1.0,scenario_rapid_throttle_transition,scenario_rapid_throttle_transition.csv,0,rapid_throttle_transition,0
1780420122.0,122.0,581.3513450037409,1.3513450037409465,581.2313450037409,0.0,8.576501064345097,8.679218582958931,7.155327838065148,-2.9048967740934213,-2.0270338096367873,7.155327838065148,0.39732434033082403,3126.746375418282,752.0132706231897,33.82133501098269,40.956965951538834,2.927869537529679,12.312922894384188,0.9841441236698909,12.508,2.177,100.0,healthy,0.0,1.0,scenario_rapid_throttle_transition,scenario_rapid_throttle_transition.csv,0,rapid_throttle_transition,0
1780420122.25,122.25,580.0,0.0,579.88,0.0,8.56106667047925,8.687810202022535,2.966484960415123,-3.309537741923198,-2.7428441257573675,2.966484960415123,0.3957485477228357,3536.362673466693,800.5185672418528,67.24594708435042,79.65670153473576,2.7004449971494706,8.419613409549674,0.9862711595569446,12.488,2.211,100.0,healthy,0.0,1.0,scenario_rapid_throttle_transition,scenario_rapid_throttle_transition.csv,0,rapid_throttle_transition,0
1780420122.5,122.5,583.0270714887093,3.027071488709344,582.9070714887093,0.0,8.584941077201819,8.535458241007234,16.31170899637877,-3.5274814709822033,-2.331734754723395,16.31170899637877,0.39948393292864887,3344.115033059161,802.0161654439333,99.57097022674833,50.02319057538011,2.889779999188468,12.68339106557394,0.9084263632324939,12.494,2.258,100.0,healthy,0.0,1.0,scenario_rapid_throttle_transition,scenario_rapid_throttle_transition.csv,0,rapid_throttle_transition,0
1780420122.75,122.75,582.2223459816154,2.2223459816153968,582.1023459816154,0.0,8.586876332877013,8.367846548948075,11.542276004301504,-1.3001236326850238,-1.4844768784049902,11.542276004301504,0.40124695858337894,3437.2168934513797,771.4736186469446,85.40655068504094,40.47750779179664,2.5490553762547736,10.81323545468917,0.9052026417898876,12.507,2.271,100.0,healthy,0.0,1.0,scenario_rapid_throttle_transition,scenario_rapid_throttle_transition.csv,0,rapid_throttle_transition,0
1780420123.0,123.0,581.1285047837764,1.1285047837764628,581.0085047837764,0.0,8.628277993280005,8.852893178017814,13.763588167296012,-1.6638184101028601,-2.9123516849564517,13.763588167296012,0.40011041851905677,3116.6358692202057,751.7438585928919,79.43174064144573,55.07597078440162,3.218222653381859,8.964361926024969,0.9727841143279151,12.41,2.298,100.0,healthy,0.0,1.0,scenario_rapid_throttle_transition,scenario_rapid_throttle_transition.csv,0,rapid_throttle_transition,0
1780420123.25,123.25,580.0,0.0,579.88,0.0,8.706318945173855,8.389980374171895,12.793539056736432,-3.1380326311421465,-1.7637772546854082,12.793539056736432,0.4036575703286167,3382.826728666987,801.0988275920806,66.92673773079409,71.54113271161506,3.330567159288366,9.267684581893016,1.0199896906760042,12.461,2.22,100.0,healthy,0.0,1.0,scenario_rapid_throttle_transition,scenario_rapid_throttle_transition.csv,0,rapid_throttle_transition,0
1780420123.5,123.5,583.284576603708,3.2845766037080675,583.164576603708,0.0,8.691152572645722,8.61187847106348,9.908693605127825,-1.711527598200548,-2.4322150941535927,9.908693605127825,0.4016332606278701,2688.073944251609,768.5003747775855,38.309585138364,61.4481137840772,3.7103452335847327,7.235484595673249,0.8650301178618078,12.517,2.107,100.0,healthy,0.0,1.0,scenario_rapid_throttle_transition,scenario_rapid_throttle_transition.csv,0,rapid_throttle_transition,0
1780420123.75,123.75,580.0,0.0,579.88,0.0,8.73088467952232,8.505935940816089,19.90747702645916,-2.738252280971342,-2.744043198040779,19.90747702645916,0.3998539281277449,3681.886343526953,766.8035908565031,116.46976747572154,57.248503771504325,2.513468299405184,6.013386476464086,0.9389271385886458,12.579,2.239,100.0,healthy,0.0,1.0,scenario_rapid_throttle_transition,scenario_rapid_throttle_transition.csv,0,rapid_throttle_transition,0
1780420124.0,124.0,580.0,0.0,579.88,0.0,8.798940070156297,9.037366872267317,13.565047555390342,-3.5141151100504926,-1.8664324765888818,13.565047555390342,0.40175613508231306,3150.9472067385573,731.5011530129675,76.57327315099333,73.49959484595611,2.795574741645663,7.862024065820416,0.7714467704960328,12.402,2.098,100.0,healthy,0.0,1.0,scenario_rapid_throttle_transition,scenario_rapid_throttle_transition.csv,0,rapid_throttle_transition,0
1780420124.25,124.25,581.4434937126845,1.4434937126844916,581.3234937126845,0.0,8.845196525901391,9.178130139010737,12.654598271049627,-2.741553745364832,-2.4078591274029546,12.654598271049627,0.4056996339206937,3665.394937535857,780.0508579808686,94.87341057254645,64.26849539573172,2.685963293424969,7.561493335506101,1.1302678752627362,12.486,2.172,100.0,healthy,0.0,1.0,scenario_rapid_throttle_transition,scenario_rapid_throttle_transition.csv,0,rapid_throttle_transition,0
1780420124.5,124.5,580.0,0.0,579.88,0.0,8.921395739778765,9.09653764336483,14.165896480332064,-2.4132032054056465,-1.6801443290594902,14.165896480332064,0.4072354502846853,3224.380015115195,782.1717715838068,77.60301007072559,30.799705033099464,2.6848697826507157,10.605857716214576,1.0786798793794645,12.478,2.212,100.0,healthy,0.0,1.0,scenario_rapid_throttle_transition,scenario_rapid_throttle_transition.csv,0,rapid_throttle_transition,0
1780420124.75,124.75,580.0,0.0,579.88,0.0,8.985346723228087,9.346803221056545,14.35760032785494,-1.798387261715027,-1.7655171179965972,14.35760032785494,0.4065905167117966,3107.8106180270324,775.3402467707332,88.37995919840468,72.51324997828391,2.79949612985726,10.046122774981104,0.8836815106298538,12.43,2.293,100.0,healthy,0.0,1.0,scenario_rapid_throttle_transition,scenario_rapid_throttle_transition.csv,0,rapid_throttle_transition,0
1780420125.0,125.0,581.980387137552,1.9803871375520967,581.860387137552,0.0,9.066505207746882,9.294798627042933,15.048031204300724,-2.085136185587463,-1.726888410089448,15.048031204300724,0.40803695377932875,3526.1893561216098,789.8046923560303,67.82319312837967,66.47021218113824,2.678902674928398,11.975355369808636,0.8121442825555779,12.492,2.265,100.0,healthy,0.0,1.0,scenario_rapid_throttle_transition,scenario_rapid_throttle_transition.csv,0,rapid_throttle_transition,0
1780420125.25,125.25,580.0,0.0,579.88,0.0,9.040387455292342,9.32682959331409,26.179663242152568,-2.9246297281382847,-1.6457186816839349,26.179663242152568,0.40858562477228255,3346.8189823972148,705.616357093798,46.972904486293615,61.483981107837224,2.1609370919287256,7.545669442396866,0.9437011727422594,12.558,2.168,100.0,healthy,0.0,1.0,scenario_rapid_throttle_transition,scenario_rapid_throttle_transition.csv,0,rapid_throttle_transition,0
1780420125.5,125.5,580.0,0.0,579.88,0.0,9.025262706890722,8.826226359341796,9.446086987289723,-2.4901428722345944,-2.85826359354732,9.446086987289723,0.4079768480535094,3140.22820638519,789.8124937858965,93.47855770655194,67.48007335154084,2.753989718640472,6.160436907131354,0.9650862089377782,12.402,2.126,100.0,healthy,0.0,1.0,scenario_rapid_throttle_transition,scenario_rapid_throttle_transition.csv,0,rapid_throttle_transition,0
1780420125.75,125.75,580.0,0.0,579.88,0.0,9.064372274478151,9.013889303900477,15.548906481349494,-2.3411216242607313,-1.7414449263338123,15.548906481349494,0.4097017916230545,3778.6214950478916,755.5096984672227,83.75087111106913,90.58172297515559,2.853715954648755,9.715786097810126,0.9180846611491299,12.449,2.161,100.0,healthy,0.0,1.0,scenario_rapid_throttle_transition,scenario_rapid_throttle_transition.csv,0,rapid_throttle_transition,0
1780420126.0,126.0,580.0,0.0,579.88,0.0,9.055782062130156,9.073942915832399,16.413752731490977,-2.826442284736757,-1.7644539200724068,16.413752731490977,0.4109521854567578,2530.872820403795,798.8024117365115,124.46110331259217,43.74839111960584,3.372750622074927,5.8132445195175535,0.9252819201966607,12.446,2.175,100.0,healthy,0.0,1.0,scenario_rapid_throttle_transition,scenario_rapid_throttle_transition.csv,0,rapid_throttle_transition,0
1780420126.25,126.25,582.4368992093844,2.436899209384389,582.3168992093844,0.0,9.077124163913268,9.222126776796822,15.946985156607735,-2.4494996400842446,-2.2516973032325067,15.946985156607735,0.4136116727638045,3369.6581267690012,755.0985092250446,58.46479152105117,64.531140872975,2.7923011795211763,8.572970963802423,0.9454625463005841,12.534,2.291,100.0,healthy,0.0,1.0,scenario_rapid_throttle_transition,scenario_rapid_throttle_transition.csv,0,rapid_throttle_transition,0
1780420126.5,126.5,581.939680594315,1.9396805943149444,581.819680594315,0.0,9.082573168203346,9.287307452176723,18.10433295903789,-2.362800870049731,-1.377850075522972,18.10433295903789,0.4154405569333345,4166.75771153778,745.9238310409523,79.21188692635522,50.357509262996,2.920607422258318,12.166180762033026,0.9655943029927889,12.529,2.399,100.0,healthy,0.0,1.0,scenario_rapid_throttle_transition,scenario_rapid_throttle_transition.csv,0,rapid_throttle_transition,0
1780420126.75,126.75,580.0,0.0,579.88,0.0,9.143240360173158,8.79185645813713,15.428171854598506,-3.5511108763830066,-2.308081005415113,15.428171854598506,0.4175610775733092,2714.4184534405586,755.3711586303435,64.64802794189413,54.93787539410226,2.4195740141983966,7.339553306882731,1.0110977907192216,12.506,2.267,100.0,healthy,0.0,1.0,scenario_rapid_throttle_transition,scenario_rapid_throttle_transition.csv,0,rapid_throttle_transition,0
1780420127.0,127.0,580.0,0.0,579.88,0.0,9.24205467469474,9.685534204447903,12.715174865331837,-2.0668912006019253,-2.9879366103156086,12.715174865331837,0.41933830445666065,3387.6147551428153,758.6211245475296,54.98915152999524,77.11934153716402,3.362926841274135,8.890402050807802,0.9621212955398993,12.531,2.172,100.0,healthy,0.0,1.0,scenario_rapid_throttle_transition,scenario_rapid_throttle_transition.csv,0,rapid_throttle_transition,0
1780420127.25,127.25,580.558012734559,0.5580127345590107,580.438012734559,0.0,9.295182275825612,8.96601263524766,9.245656715870286,-1.555574658791751,-2.4508047216718225,9.245656715870286,0.419240256047361,2749.5877447617577,777.4198601562636,95.25726063634028,45.50849179643972,2.8674829609162757,13.009482403557385,1.0855353051001728,12.442,2.093,100.0,healthy,0.0,1.0,scenario_rapid_throttle_transition,scenario_rapid_throttle_transition.csv,0,rapid_throttle_transition,0
1780420127.5,127.5,580.0,0.0,579.88,0.0,9.346373071465175,9.796067077888313,10.762696034312238,-2.845404765408592,-2.007512235176568,10.762696034312238,0.4206555673958311,2960.4447977694795,851.082574048741,120.30857692361187,88.6477126204361,2.857838105676732,7.337223293771148,0.9784485071528318,12.569,2.291,100.0,healthy,0.0,1.0,scenario_rapid_throttle_transition,scenario_rapid_throttle_transition.csv,0,rapid_throttle_transition,0
1780420127.75,127.75,580.0,0.0,579.88,0.0,9.408300194368778,9.255330780427064,19.552719941303163,-2.836996382971578,-2.8166500331316486,19.552719941303163,0.42285201651273585,4045.881641138444,825.4500017537877,89.43642338556987,65.14456627432043,3.306647749112933,4.83020959738624,1.0800819378082305,12.42,1.983,100.0,healthy,0.0,1.0,scenario_rapid_throttle_transition,scenario_rapid_throttle_transition.csv,0,rapid_throttle_transition,0
1780420128.0,128.0,580.0,0.0,579.88,0.0,9.43076437967297,9.760661684966143,11.048562422704984,-0.9941706424349072,-2.7784608560620336,11.048562422704984,0.42448325810574533,3092.9205495651254,769.8080279848532,74.36237233185007,51.10829482721205,3.172906810856317,8.099595083242626,1.0259450940317443,12.433,2.289,100.0,healthy,0.0,1.0,scenario_rapid_throttle_transition,scenario_rapid_throttle_transition.csv,0,rapid_throttle_transition,0
1780420128.25,128.25,580.0,0.0,579.88,0.0,9.442177740747123,9.867451683568357,16.831773807616717,-3.0201040284253335,-2.236022487810511,16.831773807616717,0.42552395926608355,3610.603143660944,785.9373101560418,87.85797835422822,58.63704872734537,2.4391980415376113,13.440496629775184,0.9421469593578327,12.401,2.349,100.0,healthy,0.0,1.0,scenario_rapid_throttle_transition,scenario_rapid_throttle_transition.csv,0,rapid_throttle_transition,0
1780420128.5,128.5,580.0,0.0,579.88,0.0,9.432054902162147,9.187628312584737,15.202239365210078,-2.136398610926593,-1.9455622915155024,15.202239365210078,0.42835763945544864,3680.1093350000283,771.7164107167517,124.46867170886392,70.15015191602834,2.722000079893876,7.504792889060654,1.0461271473383211,12.492,2.41,100.0,healthy,0.0,1.0,scenario_rapid_throttle_transition,scenario_rapid_throttle_transition.csv,0,rapid_throttle_transition,0
1780420128.75,128.75,580.4264767405954,0.42647674059536156,580.3064767405954,0.0,9.497084261868961,9.486844924401638,15.844924204159751,-2.3362744702108293,-2.279943204076534,15.844924204159751,0.4265897357007294,3268.4352903443346,786.1763716700517,53.78269713542226,63.11776218851655,2.336801774672658,8.89072489184763,0.882872243603932,12.458,2.162,100.0,healthy,0.0,1.0,scenario_rapid_throttle_transition,scenario_rapid_throttle_transition.csv,0,rapid_throttle_transition,0
1780420129.0,129.0,582.2454000001832,2.245400000183179,582.1254000001832,0.0,9.545255929595811,9.128603886684212,13.867994836967746,-2.5462365446135733,-2.0492714139438437,13.867994836967746,0.42218986386305246,3143.5478911301075,765.3226724974155,77.43204023705029,36.53458351778055,3.140743071924708,12.243141240137597,0.8820979243609836,12.439,2.328,100.0,healthy,0.0,1.0,scenario_rapid_throttle_transition,scenario_rapid_throttle_transition.csv,0,rapid_throttle_transition,0
1780420129.25,129.25,580.0,0.0,579.88,0.0,9.59020165653091,9.971510278452904,14.885712373892394,-1.7453350218664867,-2.0939132956632287,14.885712373892394,0.41816987066847916,4106.652455708327,726.057225192471,71.12306190111666,43.63092653613164,3.006100167527091,6.87015733817589,0.8697394919535607,12.516,2.368,100.0,healthy,0.0,1.0,scenario_rapid_throttle_transition,scenario_rapid_throttle_transition.csv,0,rapid_throttle_transition,0
1780420129.5,129.5,580.0,0.0,579.88,0.0,9.63406027304499,9.502612808520785,14.121465903808337,-1.993747689157137,-1.080552919410084,14.121465903808337,0.4158058718901598,3488.6074986800118,761.6316075613125,86.5364952908377,64.81135100022117,3.1955069134761884,12.280502544510302,0.946651150549275,12.474,2.241,100.0,healthy,0.0,1.0,scenario_rapid_throttle_transition,scenario_rapid_throttle_transition.csv,0,rapid_throttle_transition,0
1780420129.75,129.75,581.4938162885521,1.4938162885520896,581.3738162885521,0.0,9.724062120784778,9.441908253542445,11.77157447890892,-4.110328156885997,-2.0291965132494694,11.77157447890892,0.41464363801993037,3417.30083677314,727.2450694207612,74.65703767221791,51.295659941078476,2.667061184847096,6.798522778529449,0.8757108966829239,12.563,2.344,100.0,healthy,0.0,1.0,scenario_rapid_throttle_transition,scenario_rapid_throttle_transition.csv,0,rapid_throttle_transition,0
1780420130.0,130.0,581.24688037805,1.2468803780500646,581.12688037805,0.0,9.718405873019949,9.603517126716657,16.15819794999867,-0.9633502961265368,-1.361911774096607,16.15819794999867,0.41310972563483994,3179.470358417876,824.3589146099526,101.19242014792829,54.091367063340726,3.027168960191215,11.838525817517866,1.0107904347888972,12.46,2.299,100.0,healthy,0.0,1.0,scenario_rapid_throttle_transition,scenario_rapid_throttle_transition.csv,0,rapid_throttle_transition,0
1780420130.25,130.25,580.0,0.0,579.88,0.0,9.77681295987065,9.698291926294063,17.14124481670097,-2.5563483526026625,-1.13342626307081,17.14124481670097,0.4132490489888443,3564.024576943027,764.5149240338066,76.8792306643749,54.08185941654448,1.8878997248328842,9.291845171180665,0.883176745419171,12.577,2.49,100.0,healthy,0.0,1.0,scenario_rapid_throttle_transition,scenario_rapid_throttle_transition.csv,0,rapid_throttle_transition,0
1780420130.5,130.5,580.0320352667638,0.03203526676387424,579.9120352667638,0.0,9.752939102807254,10.112681499495563,17.59863132230833,-2.3025865853833416,-1.9979296244134623,17.59863132230833,0.4134824978420483,3277.8123467382698,768.002533896612,84.33650274622761,62.74389244769778,2.8394074209461384,9.505826279924701,0.8841770144156192,12.495,2.045,100.0,healthy,0.0,1.0,scenario_rapid_throttle_transition,scenario_rapid_throttle_transition.csv,0,rapid_throttle_transition,0
1780420130.75,130.75,580.0,0.0,579.88,0.0,9.7433648520452,9.848073816830258,18.220740451769803,-2.9116502355379748,-1.9185964015296906,18.220740451769803,0.4132960000234892,4144.799104125816,789.8983565738268,73.49277996628025,56.99495346847611,2.674657676722941,10.853091719288976,0.8486166012272569,12.513,2.196,100.0,healthy,0.0,1.0,scenario_rapid_throttle_transition,scenario_rapid_throttle_transition.csv,0,rapid_throttle_transition,0
1780420131.0,131.0,581.0260667904791,1.0260667904791838,580.9060667904791,0.0,9.771554701935184,9.434916124076,15.175993188144417,-1.6023792037545574,-1.0230979828972542,15.175993188144417,0.41770753296332985,3032.5202291332034,812.0799561762196,99.42585623746815,55.33641339797798,2.4257733064023355,7.331932111287101,0.8914712044081258,12.523,2.241,100.0,healthy,0.0,1.0,scenario_rapid_throttle_transition,scenario_rapid_throttle_transition.csv,0,rapid_throttle_transition,0
1780420131.25,131.25,581.5640897523477,1.5640897523476984,581.4440897523477,0.0,9.870406753830805,10.306359927541374,14.235278449932597,-1.3523409393045682,-2.410271627429176,14.235278449932597,0.4200221755347996,3276.8875085314685,769.3215908786035,65.68460330232838,43.19519865475407,2.6343637354246523,12.427329828906354,1.1486524087853522,12.555,2.126,100.0,healthy,0.0,1.0,scenario_rapid_throttle_transition,scenario_rapid_throttle_transition.csv,0,rapid_throttle_transition,0
1780420131.5,131.5,580.0,0.0,579.88,0.0,9.949850704296106,10.003738871691393,17.275092865493335,-1.7714381304341915,-0.800120727009907,17.275092865493335,0.41882154213262257,3800.6194382786584,765.7835910468787,75.51888621167411,63.35811204775375,3.4270678210942425,11.506470530790768,0.9790800930432191,12.492,2.349,100.0,healthy,0.0,1.0,scenario_rapid_throttle_transition,scenario_rapid_throttle_transition.csv,0,rapid_throttle_transition,0
1780420131.75,131.75,580.0,0.0,579.88,0.0,10.010238406849432,10.213037542262068,14.812468042490568,-2.8907964796068133,-2.5983837700392067,14.812468042490568,0.4193883866014266,3312.9132780543932,742.1552695722701,81.12053902141392,84.45882762615634,2.9536419446747186,9.070162777913598,0.8559799329519424,12.487,2.174,100.0,healthy,0.0,1.0,scenario_rapid_throttle_transition,scenario_rapid_throttle_transition.csv,0,rapid_throttle_transition,0
1780420132.0,132.0,580.959434967302,0.9594349673019819,580.8394349673019,0.0,18.095286659973016,17.326458416276875,14.582726314460194,-3.0240187411871213,-2.133354535119361,14.582726314460194,0.8018007244344637,4110.34127341433,735.3523143264256,56.15562228884644,55.74930272019609,2.6355261184691536,8.365837059404335,0.8896578694400633,12.389,3.305,100.0,healthy,0.0,1.0,scenario_rapid_throttle_transition,scenario_rapid_throttle_transition.csv,0,rapid_throttle_transition,0
1780420132.25,132.25,582.3893426770506,2.3893426770506756,582.2693426770506,0.0,18.11038911106938,18.23506455143341,16.537411445274827,-1.7276509970197225,-1.2246198221665576,16.537411445274827,0.8012571566251477,3875.5514565546277,842.3380707926086,106.08318353949929,59.2218467287579,3.9585764085794284,13.675655015033518,0.9441308860368419,12.448,3.287,100.0,healthy,0.0,1.0,scenario_rapid_throttle_transition,scenario_rapid_throttle_transition.csv,0,rapid_throttle_transition,0
1780420132.5,132.5,580.5480404795798,0.548040479579741,580.4280404795797,0.0,18.159753068122843,18.868339871280778,15.383134183208616,-1.970647725984879,-1.7296403130456743,15.383134183208616,0.8052383783243496,4258.139231885309,798.8134967512589,58.51885399441558,63.6230970318779,3.4349898354741923,14.945076597087935,0.9416688335256554,12.482,3.307,100.0,healthy,0.0,1.0,scenario_rapid_throttle_transition,scenario_rapid_throttle_transition.csv,0,rapid_throttle_transition,0
1780420132.75,132.75,580.4140025619237,0.41400256192369944,580.2940025619237,0.0,18.19272200894265,18.759505082063747,12.804457509127106,-2.0023751624501336,-1.374693416742279,12.804457509127106,0.8021482490005531,4650.133006718268,821.6569193578694,90.54586781115692,52.81858883134987,3.898487490200122,14.817704876443436,0.9536663964457693,12.481,3.273,100.0,healthy,0.0,1.0,scenario_rapid_throttle_transition,scenario_rapid_throttle_transition.csv,0,rapid_throttle_transition,0
1780420133.0,133.0,580.5398569543795,0.539856954379493,580.4198569543795,0.0,18.18380267331997,17.56612162824141,6.520650729448091,-1.2392395529480102,-1.724437120249985,6.520650729448091,0.8053998986768812,4241.457792032573,844.4755475111458,61.94923411466709,80.03152041993812,4.060004656149277,17.75905063039287,1.083665232287267,12.494,3.174,100.0,healthy,0.0,1.0,scenario_rapid_throttle_transition,scenario_rapid_throttle_transition.csv,0,rapid_throttle_transition,0
1780420133.25,133.25,580.4650192393565,0.4650192393565249,580.3450192393565,0.0,18.225378591505603,17.510724289773798,13.668259512982136,-0.04566088305343863,-2.1998316583293978,13.668259512982136,0.805081839205579,4333.11560057328,841.3518759300825,59.11084660548446,51.27271345145209,4.571242206228018,18.845968148416187,0.9435664516654609,12.468,3.22,100.0,healthy,0.0,1.0,scenario_rapid_throttle_transition,scenario_rapid_throttle_transition.csv,0,rapid_throttle_transition,0
1780420133.5,133.5,580.0,0.0,579.88,0.0,18.292718454432606,17.65703866786813,12.16257099457109,-0.48759440840582824,-1.6263650565731136,12.16257099457109,0.8054688883271929,4740.180576752575,875.3819139137936,60.299532151275955,89.95108826117598,4.1073766041592625,14.947356795428622,0.9864086299175414,12.437,3.235,100.0,healthy,0.0,1.0,scenario_rapid_throttle_transition,scenario_rapid_throttle_transition.csv,0,rapid_throttle_transition,0
1780420133.75,133.75,580.0,0.0,579.88,0.0,18.295200243608786,17.800103204388183,10.433591161546154,-0.3038737956310975,0.05715126083454747,10.433591161546154,0.8098250911549781,3956.3411254990515,847.6416598522777,76.97369883954433,55.57318707445881,3.608799964965083,16.836177433518525,0.9196976369808243,12.448,3.245,100.0,healthy,0.0,1.0,scenario_rapid_throttle_transition,scenario_rapid_throttle_transition.csv,0,rapid_throttle_transition,0
1780420134.0,134.0,580.0,0.0,579.88,0.0,18.38244174346622,18.400573619153214,19.14602742038575,-1.755340126291069,-1.9923074560716103,19.14602742038575,0.8138347697311086,4316.281069762331,862.059508791261,93.20305955946665,64.31818774023908,3.991195883885667,18.934880081621635,0.972270004225869,12.405,3.225,100.0,healthy,0.0,1.0,scenario_rapid_throttle_transition,scenario_rapid_throttle_transition.csv,0,rapid_throttle_transition,0
1780420134.25,134.25,580.5673889878018,0.567388987801756,580.4473889878018,0.0,18.404247473705713,19.229361761725144,17.32068980207034,-3.0173100546094247,-1.400600491588003,17.32068980207034,0.8124426729368321,5185.512642605013,846.1117385408892,94.37175379788988,66.48693933803601,4.282502047321255,18.02856184917882,0.9562938618889215,12.411,3.296,100.0,healthy,0.0,1.0,scenario_rapid_throttle_transition,scenario_rapid_throttle_transition.csv,0,rapid_throttle_transition,0
1780420134.5,134.5,580.6021735225003,0.6021735225002713,580.4821735225003,0.0,18.378863796940653,18.165759688780884,13.06275152014836,-1.4042846754109408,-1.862031059544347,13.06275152014836,0.8091808446336387,4132.738204309641,836.4303598306147,76.39448123021097,80.85109614395287,3.9070907235474674,21.151420483778242,0.9355095517657696,12.422,3.221,100.0,healthy,0.0,1.0,scenario_rapid_throttle_transition,scenario_rapid_throttle_transition.csv,0,rapid_throttle_transition,0
1780420134.75,134.75,580.0,0.0,579.88,0.0,18.46657450753409,18.874260087033438,17.99726780400043,-1.9443597823952077,-0.8059906131209963,17.99726780400043,0.8101555880042263,4715.952063212998,847.6083927035766,81.97276658805421,55.30247360709062,3.5716228609096388,20.78832158700864,1.0578119431159771,12.47,3.243,100.0,healthy,0.0,1.0,scenario_rapid_throttle_transition,scenario_rapid_throttle_transition.csv,0,rapid_throttle_transition,0
1780420135.0,135.0,580.0,0.0,579.88,0.0,18.470975084517743,19.26768795116559,17.064612882683043,-2.927904260424119,-1.031720957142419,17.064612882683043,0.8108079353353588,5507.787268783635,823.5449583688693,131.7026110551456,44.91608567804823,4.5846387083725,16.89204582276822,0.97593369212212,12.438,3.102,100.0,healthy,0.0,1.0,scenario_rapid_throttle_transition,scenario_rapid_throttle_transition.csv,0,rapid_throttle_transition,0
1780420135.25,135.25,582.1562363838565,2.1562363838565086,582.0362363838565,0.0,18.453316564102277,18.239535666469447,18.747952985695566,0.287762704206308,-2.756730151682656,18.747952985695566,0.8080807875926916,4593.011666330096,819.44230206632,80.56269239519335,56.95389832213329,3.8022065559198177,15.723043434118862,1.0852902700362226,12.448,3.121,100.0,healthy,0.0,1.0,scenario_rapid_throttle_transition,scenario_rapid_throttle_transition.csv,0,rapid_throttle_transition,0
1780420135.5,135.5,580.0,0.0,579.88,0.0,18.456921371965432,18.84129544239193,18.06580023572712,-2.0878499219449633,-1.7211355755522044,18.06580023572712,0.8067687405487228,5118.606369923878,883.1918258875969,82.15045364224531,40.152915195570515,4.403650466144491,16.076504493706278,0.9858729240390943,12.429,3.288,100.0,healthy,0.0,1.0,scenario_rapid_throttle_transition,scenario_rapid_throttle_transition.csv,0,rapid_throttle_transition,0
1780420135.75,135.75,580.012191367927,0.012191367927033413,579.892191367927,0.0,18.45907180665677,18.653186548900067,19.125333711816573,-0.6752075140236464,-2.236338001789498,19.125333711816573,0.8037541614175221,5057.080588528009,916.1459013262714,68.07775044058924,61.93738832256662,4.888259201509919,17.394756681626724,0.9637477178093081,12.425,3.24,100.0,healthy,0.0,1.0,scenario_rapid_throttle_transition,scenario_rapid_throttle_transition.csv,0,rapid_throttle_transition,0
1780420136.0,136.0,580.0,0.0,579.88,0.0,18.51233656114798,19.385387063376804,14.917190751184588,-1.5884884650856144,-1.1964771573135213,14.917190751184588,0.8063691243163261,4907.719294991261,843.7263455067779,83.71351179950376,57.980339168457256,4.880261496198304,19.89915626031123,1.036647735131806,12.407,3.247,100.0,healthy,0.0,1.0,scenario_rapid_throttle_transition,scenario_rapid_throttle_transition.csv,0,rapid_throttle_transition,0
1780420136.25,136.25,580.0,0.0,579.88,0.0,18.587899203253098,19.05798289452462,9.157866815498455,-0.9386604245087184,-1.0849430248325038,9.157866815498455,0.8040213805297363,4291.875951250116,843.857274028002,113.43027849463955,77.59148901295106,3.9752695350308356,14.577850205761557,0.9644658900276905,12.46,3.27,100.0,healthy,0.0,1.0,scenario_rapid_throttle_transition,scenario_rapid_throttle_transition.csv,0,rapid_throttle_transition,0
1780420136.5,136.5,580.6587149347791,0.6587149347791204,580.5387149347791,0.0,18.615066635806212,17.987587454302194,14.85475477795038,-0.9471684965486868,-1.6156924147569427,14.85475477795038,0.8068753879574708,5134.551262608355,868.1944618159032,101.68381463464813,73.06031117815424,4.454848378369757,17.38228956080065,0.8812606458535045,12.484,3.188,100.0,healthy,0.0,1.0,scenario_rapid_throttle_transition,scenario_rapid_throttle_transition.csv,0,rapid_throttle_transition,0
1780420136.75,136.75,580.3644369754489,0.36443697544891274,580.2444369754489,0.0,18.628321026152538,19.119076237851367,22.967264363334287,-1.614436112067893,-1.8844131701595956,22.967264363334287,0.8043050207257717,4894.36532841614,938.2176162653366,72.76227852727187,78.4787586697831,4.55309023498537,17.885402653667626,0.8663699885949352,12.43,3.187,100.0,healthy,0.0,1.0,scenario_rapid_throttle_transition,scenario_rapid_throttle_transition.csv,0,rapid_throttle_transition,0
1780420137.0,137.0,580.0,0.0,579.88,0.0,18.62422914052129,18.58777301381478,12.977549951719674,-1.6870413623473537,-1.6272347907215519,12.977549951719674,0.8034065635695488,5344.9540962065275,908.3933919346596,143.6875057201632,69.20683137512742,4.465588378861648,18.187613497317304,1.0045342144332396,12.419,3.255,100.0,healthy,0.0,1.0,scenario_rapid_throttle_transition,scenario_rapid_throttle_transition.csv,0,rapid_throttle_transition,0
1780420137.25,137.25,582.5733011372538,2.5733011372538397,582.4533011372538,0.0,18.620309091781806,17.733983998775276,21.14481763751094,-2.4501691615090473,-1.592884116613214,21.14481763751094,0.8018796996438758,5299.79723678548,865.6544853752043,76.23721750753408,83.45922161841733,4.741314505213329,19.937533657932505,1.051345608704315,12.414,3.23,100.0,healthy,0.0,1.0,scenario_rapid_throttle_transition,scenario_rapid_throttle_transition.csv,0,rapid_throttle_transition,0
1780420137.5,137.5,582.5020952737732,2.502095273773167,582.3820952737732,0.0,18.640274031218947,18.855935977165554,14.598326773542976,-0.6642002869551568,-0.9569077361095261,14.598326773542976,0.8045342433370034,5279.9940146189265,861.9171230133745,124.00721206656338,51.62504112064214,4.466119634602675,19.33286717177504,1.0394884014443555,12.516,3.398,100.0,healthy,0.0,1.0,scenario_rapid_throttle_transition,scenario_rapid_throttle_transition.csv,0,rapid_throttle_transition,0
1780420137.75,137.75,582.0294872583303,2.029487258330318,581.9094872583303,0.0,18.655994483007603,18.957721081788467,22.732263151312004,-0.5645461466942903,-1.9948299865543644,22.732263151312004,0.8066080680991013,4581.4506113635625,845.1878069945218,95.95228533358706,64.33584077286761,4.146958052522051,17.53559973778558,0.9518081865258284,12.522,3.142,100.0,healthy,0.0,1.0,scenario_rapid_throttle_transition,scenario_rapid_throttle_transition.csv,0,rapid_throttle_transition,0
1780420138.0,138.0,581.1730576947806,1.1730576947805915,581.0530576947806,0.0,18.661358354214116,18.80662374118125,15.88697124004317,-2.219391489935072,-1.6999254584551897,15.88697124004317,0.8094108353003927,5937.804592387351,883.7028415309506,116.22293249980946,82.37805553890777,4.180760083015379,20.493704401617897,0.9860720584191778,12.429,3.497,100.0,healthy,0.0,1.0,scenario_rapid_throttle_transition,scenario_rapid_throttle_transition.csv,0,rapid_throttle_transition,0
1780420138.25,138.25,581.5618168246222,1.5618168246221464,581.4418168246222,0.0,18.70647023592044,18.70104965157559,15.820740932036967,-0.431860911758019,-2.294679843158285,15.820740932036967,0.8077919225685551,5705.969543698315,871.5853796502004,118.29798477765104,63.5132978371613,4.003906873347141,19.047172998811114,0.9416306866636232,12.379,3.194,100.0,healthy,0.0,1.0,scenario_rapid_throttle_transition,scenario_rapid_throttle_transition.csv,0,rapid_throttle_transition,0
1780420138.5,138.5,583.2597848945105,3.259784894510519,583.1397848945105,0.0,18.75093322801106,18.860390803260362,15.713565968470387,-0.7150831226054591,-1.3445233414345712,15.713565968470387,0.8114715328922013,4638.744088979158,870.7083433816333,78.6575692777313,59.28095474379113,4.321088673092502,15.077722675823377,1.0123673820631367,12.409,3.315,100.0,healthy,0.0,1.0,scenario_rapid_throttle_transition,scenario_rapid_throttle_transition.csv,0,rapid_throttle_transition,0
1780420138.75,138.75,580.2808677290891,0.2808677290891094,580.1608677290891,0.0,18.852705652528048,19.72379866018422,17.815867646099374,-0.6731753386046101,-0.32075306563500816,17.815867646099374,0.8151106461983987,5151.328640217649,895.3668573092912,89.70890204428483,83.72522116177035,4.839331267696584,23.4062034008709,0.9809783728840197,12.424,3.144,100.0,healthy,0.0,1.0,scenario_rapid_throttle_transition,scenario_rapid_throttle_transition.csv,0,rapid_throttle_transition,0
1780420139.0,139.0,580.3329259798181,0.33292597981810423,580.2129259798181,0.0,18.96093117492683,19.092108878277894,16.561743204042834,-0.5684558724720519,-1.2224562961729861,16.561743204042834,0.8119146218961018,4583.4700326244065,917.3644289686983,99.95096398050826,64.73555611076581,4.681922828158236,14.765068134193566,1.0877150463387453,12.412,3.298,100.0,healthy,0.0,1.0,scenario_rapid_throttle_transition,scenario_rapid_throttle_transition.csv,0,rapid_throttle_transition,0
1780420139.25,139.25,580.5014592558401,0.5014592558401652,580.3814592558401,0.0,19.03133324291275,19.03760487185161,22.363246401678207,0.2399267626865238,-0.39436616373629163,22.363246401678207,0.8148063736551645,5628.586066895362,878.6219773841593,121.16929742916952,57.83776219470981,4.827912620683805,18.003182922844488,0.9502952818147579,12.532,3.25,100.0,healthy,0.0,1.0,scenario_rapid_throttle_transition,scenario_rapid_throttle_transition.csv,0,rapid_throttle_transition,0
1780420139.5,139.5,580.4945773938358,0.4945773938357824,580.3745773938358,0.0,19.120315233647325,18.403558393315507,14.367907211548733,1.1443158584606228,-3.0529756966659303,14.367907211548733,0.8169588762266445,4312.80245985179,870.8042987143504,122.62628805240158,62.31934220801812,4.25734082967087,16.3959930021021,1.1325853051452937,12.505,3.255,100.0,healthy,0.0,1.0,scenario_rapid_throttle_transition,scenario_rapid_throttle_transition.csv,0,rapid_throttle_transition,0
1780420139.75,139.75,580.0,0.0,579.88,0.0,19.167037442552065,18.416457946965295,14.292214997696696,0.11894464827029849,-0.46881309990548825,14.292214997696696,0.8195080998979709,5286.630780023406,916.4608790959277,78.28837685516936,59.16583712034725,4.406454597108427,16.07573343964323,0.8959631587361481,12.498,3.313,100.0,healthy,0.0,1.0,scenario_rapid_throttle_transition,scenario_rapid_throttle_transition.csv,0,rapid_throttle_transition,0
1780420140.0,140.0,580.0,0.0,579.88,0.0,19.149273933844633,20.06204925085901,16.55231783192065,-0.9490325170788855,-0.9226753704127744,16.55231783192065,0.8226971553278538,4941.297135451622,923.3100319609042,127.30796235938173,76.79588016012688,4.369212678769755,16.828126538401207,0.905021053822718,12.412,3.264,100.0,healthy,0.0,1.0,scenario_rapid_throttle_transition,scenario_rapid_throttle_transition.csv,0,rapid_throttle_transition,0
1780420140.25,140.25,580.0,0.0,579.88,0.0,19.246003202484737,19.0675668885838,15.410257771245151,-0.8815220779043327,-2.977282393614165,15.410257771245151,0.8214115830471838,4928.335514199951,916.1373225304542,107.16165456705863,67.8106578124354,4.6859834592197,20.020721461104596,1.1404418344277414,12.436,3.207,100.0,healthy,0.0,1.0,scenario_rapid_throttle_transition,scenario_rapid_throttle_transition.csv,0,rapid_throttle_transition,0
1780420140.5,140.5,580.7724036234856,0.7724036234856615,580.6524036234856,0.0,19.24263025190224,19.98232093830733,19.492317413101194,-0.13840601422602467,-0.5688053359783741,19.492317413101194,0.8242238128853441,4716.4221887571275,876.9776214932198,77.6378748185992,58.025393321617194,4.320727672326348,20.031696512207606,0.8513510171045942,12.369,3.268,100.0,healthy,0.0,1.0,scenario_rapid_throttle_transition,scenario_rapid_throttle_transition.csv,0,rapid_throttle_transition,0
1780420140.75,140.75,581.3275839840094,1.3275839840093406,581.2075839840094,0.0,19.28662932841831,19.815420489588945,8.362477413605433,-1.4949284723514895,-0.4442161482345828,8.362477413605433,0.8280984332125767,4825.417830382753,886.4556616540119,82.26307324501764,81.26021329638378,4.247964581718311,19.29355477385086,0.9434339787118964,12.41,3.315,100.0,healthy,0.0,1.0,scenario_rapid_throttle_transition,scenario_rapid_throttle_transition.csv,0,rapid_throttle_transition,0
1780420141.0,141.0,580.0,0.0,579.88,0.0,19.277162765384787,18.494729705301683,14.351081943834735,-1.0717396038050733,-1.2905734672803475,14.351081943834735,0.8288712862698949,5396.449383297241,924.1040904987864,76.35482251794778,71.5501837444369,4.796394440022635,22.393956023436786,0.8123614355968554,12.544,3.315,100.0,healthy,0.0,1.0,scenario_rapid_throttle_transition,scenario_rapid_throttle_transition.csv,0,rapid_throttle_transition,0
1780420141.25,141.25,581.3666503174331,1.3666503174331128,581.2466503174331,0.0,19.273350048069826,18.38599082921489,19.74667693483409,-0.6822674309691856,-1.5962776040086155,19.74667693483409,0.8276506219360028,5352.611842745384,913.4254858897746,135.39955979657938,70.7652586250252,4.7568137147836245,18.741925734819155,1.1799454193641787,12.469,3.191,100.0,healthy,0.0,1.0,scenario_rapid_throttle_transition,scenario_rapid_throttle_transition.csv,0,rapid_throttle_transition,0
1780420141.5,141.5,580.0,0.0,579.88,0.0,19.372361613344918,19.60601888069222,11.81273576044167,-0.41523198250764587,-0.6718891503424183,11.81273576044167,0.8305284199435627,5346.864932084008,912.7405492407499,132.9489248688251,46.25334765694396,4.04225071307543,21.34391144114863,0.9528552339828937,12.372,3.282,100.0,healthy,0.0,1.0,scenario_rapid_throttle_transition,scenario_rapid_throttle_transition.csv,0,rapid_throttle_transition,0
1780420141.75,141.75,580.0,0.0,579.88,0.0,19.458589826167437,19.390198714635762,10.742326213115058,0.3861675282573418,-0.9321290989885029,10.742326213115058,0.8264212961127657,5830.6044275637205,890.0471788666307,119.19884050974129,68.08259851911237,4.466853403986404,17.06330408739156,1.073439675638591,12.506,3.349,100.0,healthy,0.0,1.0,scenario_rapid_throttle_transition,scenario_rapid_throttle_transition.csv,0,rapid_throttle_transition,0
1780420142.0,142.0,580.0,0.0,579.88,0.0,19.549121321478033,18.876125455501022,17.239783792415725,-1.196402194273594,-1.3220474107188633,17.239783792415725,0.8299799306163855,5117.522476644349,876.3978890431436,102.53400431583654,81.87587678561582,4.773533043266728,18.91514188699682,0.9886802244017894,12.45,3.264,100.0,healthy,0.0,1.0,scenario_rapid_throttle_transition,scenario_rapid_throttle_transition.csv,0,rapid_throttle_transition,0
1780420142.25,142.25,582.1150744583747,2.1150744583747065,581.9950744583747,0.0,19.570201065701582,18.75528083481076,15.461228416694222,0.86570919388723,-1.5468461532055615,15.461228416694222,0.8307583075040592,5182.786045968479,919.1132186116693,103.79639340937524,59.71794822400607,4.556009513557274,23.20465627628463,1.0698902962219479,12.482,3.32,100.0,healthy,0.0,1.0,scenario_rapid_throttle_transition,scenario_rapid_throttle_transition.csv,0,rapid_throttle_transition,0
1780420142.5,142.5,580.0,0.0,579.88,0.0,19.632512041142807,19.33660347534983,13.798744763916336,-0.6863747167422274,-1.2603514641193148,13.798744763916336,0.8290972535354095,5432.161705752508,871.2108383601094,104.11298501523727,64.3033065972582,4.469002596115667,18.14450448522661,1.0758956952549747,12.464,3.251,100.0,healthy,0.0,1.0,scenario_rapid_throttle_transition,scenario_rapid_throttle_transition.csv,0,rapid_throttle_transition,0
1780420142.75,142.75,583.9330581725012,3.933058172501238,583.8130581725012,0.0,19.649885967363645,20.512455162224597,10.985914597605728,-0.7757453535079963,-1.9777886851067676,10.985914597605728,0.8308088057609366,4874.028261879221,886.2905080667998,94.87063184950323,94.83214837663652,4.436927443459568,18.281742436275678,0.9974194190790562,12.432,3.114,100.0,healthy,0.0,1.0,scenario_rapid_throttle_transition,scenario_rapid_throttle_transition.csv,0,rapid_throttle_transition,0
1780420143.0,143.0,580.0,0.0,579.88,0.0,19.644466985935136,18.909208385084114,18.564939993083065,-0.20614182742912568,-2.322374018237916,18.564939993083065,0.8293836890301927,4876.161971205458,900.1877000853606,117.11741251875907,68.65458732642293,4.730925091659689,18.59148241127363,1.009090582415922,12.478,3.331,100.0,healthy,0.0,1.0,scenario_rapid_throttle_transition,scenario_rapid_throttle_transition.csv,0,rapid_throttle_transition,0
1780420143.25,143.25,580.0,0.0,579.88,0.0,19.675017216973973,20.455436442453557,16.563885432991555,-0.2852522173039811,-1.2771283956234065,16.563885432991555,0.8334248243907495,5263.429263002697,880.707364056597,108.89685160557053,65.21841005742986,4.616692802784558,24.70561613112899,0.9528750922408376,12.335,3.281,100.0,healthy,0.0,1.0,scenario_rapid_throttle_transition,scenario_rapid_throttle_transition.csv,0,rapid_throttle_transition,0
1780420143.5,143.5,580.0,0.0,579.88,0.0,19.733627114798107,19.92088307455113,17.39594089856957,0.19306071068824343,-1.5540914018626324,17.39594089856957,0.834938838496327,4706.468068354969,904.7242382717461,99.24628856693599,86.27803016692954,3.8567231617466238,18.520262811196346,1.0544440198424565,12.423,3.373,100.0,healthy,0.0,1.0,scenario_rapid_throttle_transition,scenario_rapid_throttle_transition.csv,0,rapid_throttle_transition,0
1780420143.75,143.75,580.929470565318,0.9294705653179367,580.809470565318,0.0,19.746630507884277,20.24370603710015,12.362841033852256,-0.7524660199761173,-1.8748124416583556,12.362841033852256,0.8342794557324005,4599.114558968006,851.7956762351159,85.45839286928552,99.51564980989377,3.570088309712971,19.44262349896299,0.9812964708692845,12.456,3.265,100.0,healthy,0.0,1.0,scenario_rapid_throttle_transition,scenario_rapid_throttle_transition.csv,0,rapid_throttle_transition,0
1780420144.0,144.0,580.0,0.0,579.88,0.0,19.797465762353156,20.617138888254534,23.749309174753712,0.7817644525716648,-0.0760887580292442,23.749309174753712,0.8337752577775626,5437.193653098494,902.29038990992,102.20213816275988,78.48340267912589,4.105085582779717,19.705872515287023,1.0471197148777667,12.484,3.237,100.0,healthy,0.0,1.0,scenario_rapid_throttle_transition,scenario_rapid_throttle_transition.csv,0,rapid_throttle_transition,0
1780420144.25,144.25,580.0,0.0,579.88,0.0,19.82243122307,18.862094026248723,19.74708712011572,-0.5458485687014476,-0.9504208288352851,19.74708712011572,0.8298684493145512,4473.375137204069,901.4770655070537,127.47454652982964,81.58917209244747,4.234792601264945,21.165582487075106,0.8946483694014014,12.464,3.354,100.0,healthy,0.0,1.0,scenario_rapid_throttle_transition,scenario_rapid_throttle_transition.csv,0,rapid_throttle_transition,0
1780420144.5,144.5,581.4713635711283,1.4713635711282875,581.3513635711283,0.0,19.901920350599333,20.05686399666276,10.090872175792317,1.0748785008163517,-0.654116639681938,10.090872175792317,0.8328073820026273,4815.049838389168,883.4409281073371,166.76604987031152,64.7269177133372,4.457661411626559,25.05783024170687,1.0572812086446282,12.487,3.343,100.0,healthy,0.0,1.0,scenario_rapid_throttle_transition,scenario_rapid_throttle_transition.csv,0,rapid_throttle_transition,0
1780420144.75,144.75,581.89933882391,1.8993388239100475,581.77933882391,0.0,19.94161175786498,20.83639248316936,16.126426071943854,0.6511150062930583,-1.855050612282865,16.126426071943854,0.8362484772879252,5078.420567433775,886.7108455367978,117.20177676582503,79.59695477526444,4.046910249197185,16.473275297557308,0.9131469636899879,12.442,3.333,100.0,healthy,0.0,1.0,scenario_rapid_throttle_transition,scenario_rapid_throttle_transition.csv,0,rapid_throttle_transition,0
1780420145.0,145.0,580.2067975374257,0.2067975374256678,580.0867975374257,0.0,19.99454684480363,19.710866917027488,18.101804281707906,-0.3591842757610234,-1.9509854395581476,18.101804281707906,0.8357161707321926,5036.534159597908,894.9955318256264,104.15305369594967,48.01062228865132,4.701843202431139,20.158103539048064,1.0148913757592724,12.542,3.253,100.0,healthy,0.0,1.0,scenario_rapid_throttle_transition,scenario_rapid_throttle_transition.csv,0,rapid_throttle_transition,0
1780420145.25,145.25,581.0061640964716,1.0061640964715448,580.8861640964716,0.0,20.064364104844294,20.256770204680958,20.040166969635926,-0.583203541418731,-1.7287644767572634,20.040166969635926,0.8337382488545502,5594.548823292388,909.3869506296388,85.68024728086303,69.94999841656205,4.196527782799718,21.98516871092278,0.9719180102040291,12.468,3.335,100.0,healthy,0.0,1.0,scenario_rapid_throttle_transition,scenario_rapid_throttle_transition.csv,0,rapid_throttle_transition,0
1780420145.5,145.5,580.0,0.0,579.88,0.0,20.04905029364266,19.798947151562675,19.351533217895096,1.0312350712463128,-0.30036605832959984,19.351533217895096,0.8371673155344849,4738.216359669881,899.9921369549248,124.2907325139699,65.00227016485002,4.352072115769478,19.16835331845375,1.199358515647556,12.536,3.316,100.0,healthy,0.0,1.0,scenario_rapid_throttle_transition,scenario_rapid_throttle_transition.csv,0,rapid_throttle_transition,0
1780420145.75,145.75,582.0703490027323,2.0703490027322786,581.9503490027323,0.0,20.048477876266357,20.903712219419106,20.148722458739712,-0.5975532904020956,-1.5941104337945657,20.148722458739712,0.8332822694496456,4882.21241387737,864.9027802192212,105.68729133545209,109.23098541216211,4.595945118278485,21.685454846235146,1.01327337270487,12.44,3.306,100.0,healthy,0.0,1.0,scenario_rapid_throttle_transition,scenario_rapid_throttle_transition.csv,0,rapid_throttle_transition,0
1780420146.0,146.0,580.0,0.0,579.88,0.0,20.091078529366786,21.001665197668363,21.15158865010285,-1.6845175691501804,-1.1610235181937827,21.15158865010285,0.8298715190403794,5581.981515510524,944.35539770191,124.902516902755,81.75622926462293,4.3078410653898,20.49154888003561,0.989918900153532,12.488,3.229,100.0,healthy,0.0,1.0,scenario_rapid_throttle_transition,scenario_rapid_throttle_transition.csv,0,rapid_throttle_transition,0
1780420146.25,146.25,580.0,0.0,579.88,0.0,20.133395798301162,20.725518014709774,16.979529091178975,-0.6015462193611973,-0.5762327252466302,16.979529091178975,0.830574464841751,5754.668266331228,884.6453203539521,122.74582688358052,85.04837230438287,4.856805730226524,20.465028862477894,0.9738214939489402,12.492,3.243,100.0,healthy,0.0,1.0,scenario_rapid_throttle_transition,scenario_rapid_throttle_transition.csv,0,rapid_throttle_transition,0
1780420146.5,146.5,580.0,0.0,579.88,0.0,20.164673572326755,19.224515853637698,17.602212317592002,1.0646583586643692,-0.7241137252764895,17.602212317592002,0.834362635618426,5101.32884499458,848.7558675259734,99.24960656487451,64.46471227907436,4.03179442263567,20.33970164787752,0.9365340205516939,12.431,3.235,100.0,healthy,0.0,1.0,scenario_rapid_throttle_transition,scenario_rapid_throttle_transition.csv,0,rapid_throttle_transition,0
1780420146.75,146.75,581.8792470014413,1.8792470014413178,581.7592470014413,0.0,20.26147106763379,19.496202609976383,11.856048417279482,1.3417425066801165,-0.6573843994394972,11.856048417279482,0.8359804093615159,5844.606777824814,895.4650699320102,120.04696152836333,81.28678241046266,4.680234610425051,19.65313529020791,0.9435647338305961,12.432,3.303,100.0,healthy,0.0,1.0,scenario_rapid_throttle_transition,scenario_rapid_throttle_transition.csv,0,rapid_throttle_transition,0
1780420147.0,147.0,582.8252574991782,2.8252574991782335,582.7052574991782,0.0,20.29338712152989,21.0237717726383,11.507236246712388,0.7128217289977201,-1.9991353725828984,11.507236246712388,0.8349808987415427,5360.74909377957,843.1430996286131,100.95134398914414,72.12138212550542,4.096715142022324,17.507581992815815,1.0687604375654962,12.483,3.139,100.0,healthy,0.0,1.0,scenario_rapid_throttle_transition,scenario_rapid_throttle_transition.csv,0,rapid_throttle_transition,0
1780420147.25,147.25,581.3199302273484,1.319930227348434,581.1999302273484,0.0,20.308370129246466,19.871815138157757,12.85086391224846,0.6945592330978214,-0.5469142851989808,12.85086391224846,0.8340233506856453,5438.7033982845505,915.9089328755311,146.83176407943125,38.942424257553995,4.427611562489812,18.12372809072263,1.036540563109898,12.375,3.13,100.0,healthy,0.0,1.0,scenario_rapid_throttle_transition,scenario_rapid_throttle_transition.csv,0,rapid_throttle_transition,0
1780420147.5,147.5,580.0,0.0,579.88,0.0,20.396244412288066,20.851598053392525,20.819091039536733,0.14889563977919834,-0.10927123926181104,20.819091039536733,0.8385543288355414,4956.885418965688,951.5405466802335,87.04431941932268,92.40102045220733,4.503814117813058,18.845651179226152,0.9984597846603968,12.518,3.193,100.0,healthy,0.0,1.0,scenario_rapid_throttle_transition,scenario_rapid_throttle_transition.csv,0,rapid_throttle_transition,0
1780420147.75,147.75,580.0859397578934,0.08593975789341005,579.9659397578934,0.0,20.444034389998453,19.443086344071162,18.02467698678961,-0.35856122943362556,-0.39604170019879736,18.02467698678961,0.8373568434052953,5426.26356716576,866.8163006305713,134.39382310414805,54.05111746345547,4.604623193660342,20.272073814027856,1.0089281088833417,12.47,3.348,100.0,healthy,0.0,1.0,scenario_rapid_throttle_transition,scenario_rapid_throttle_transition.csv,0,rapid_throttle_transition,0
1780420148.0,148.0,580.5601066741058,0.5601066741057961,580.4401066741058,0.0,20.469802538573845,19.673125186828173,23.82165088814938,-0.19460361897856548,-1.0385845359976562,23.82165088814938,0.8393019012002441,5254.511476063532,916.016351791985,131.60177792557494,70.63208451010176,5.240934720764045,15.34477095327663,1.1658656321084637,12.429,3.232,100.0,healthy,0.0,1.0,scenario_rapid_throttle_transition,scenario_rapid_throttle_transition.csv,0,rapid_throttle_transition,0
1780420148.25,148.25,580.8458565444844,0.8458565444844298,580.7258565444844,0.0,20.47668814364255,19.703433745314523,13.127863168792485,2.0686344866050423,-1.9708811474917214,13.127863168792485,0.8421313225290533,5621.226220957727,907.7498855285526,126.51967642246093,71.43175030886944,4.474679182945167,21.617756791676683,0.9152073173403964,12.37,3.283,100.0,healthy,0.0,1.0,scenario_rapid_throttle_transition,scenario_rapid_throttle_transition.csv,0,rapid_throttle_transition,0
1780420148.5,148.5,583.5347411105801,3.534741110580014,583.41474111058,0.0,20.570929687256466,19.96592061347992,11.383856955576263,-0.06661206527136576,-1.4731460156975626,11.383856955576263,0.8435625851078946,4853.209619233524,940.9366083200061,120.51491415947518,87.58124572505392,4.398749458594464,20.133098440009466,0.8656738214402744,12.497,3.324,100.0,healthy,0.0,1.0,scenario_rapid_throttle_transition,scenario_rapid_throttle_transition.csv,0,rapid_throttle_transition,0
1780420148.75,148.75,580.2471393937658,0.24713939376576022,580.1271393937658,0.0,20.64153445904487,20.650846700087143,14.689609090858221,0.5950419825901923,-1.449656423668356,14.689609090858221,0.8413608665133128,5165.006335556624,905.9386569241392,126.27008213013943,82.38425691401955,4.863599643891337,14.937162607996221,0.9907458591294191,12.465,3.267,100.0,healthy,0.0,1.0,scenario_rapid_throttle_transition,scenario_rapid_throttle_transition.csv,0,rapid_throttle_transition,0
1780420149.0,149.0,580.0,0.0,579.88,0.0,20.72819913971139,21.507986189702613,15.12228334630732,2.0939905766948916,-1.119618981703971,15.12228334630732,0.8405700497567627,5468.500656360773,876.7934764926458,121.03786225166462,70.35351599254838,4.40596023025459,20.573009387300676,0.9610744242310023,12.398,3.352,100.0,healthy,0.0,1.0,scenario_rapid_throttle_transition,scenario_rapid_throttle_transition.csv,0,rapid_throttle_transition,0
1780420149.25,149.25,580.3923158267519,0.3923158267519186,580.2723158267519,0.0,20.773217513287324,19.937745082022925,19.978864380184532,-0.3391568786118563,-0.9132324221527068,19.978864380184532,0.8372120328952455,4979.659201948945,880.5361093097795,123.16117794246041,83.13777447343512,4.376720592472931,18.095569928778524,1.037081454532591,12.387,3.163,100.0,healthy,0.0,1.0,scenario_rapid_throttle_transition,scenario_rapid_throttle_transition.csv,0,rapid_throttle_transition,0
1780420149.5,149.5,580.0,0.0,579.88,0.0,20.773496053777265,19.808957615558313,18.290091113770874,-0.9625886310101176,-0.8513124024014312,18.290091113770874,0.8373332265201676,4694.976630819064,922.4391070157485,99.37347709247418,75.91945361971764,3.9821435092679165,20.597271375705734,0.8943802107789313,12.454,3.351,100.0,healthy,0.0,1.0,scenario_rapid_throttle_transition,scenario_rapid_throttle_transition.csv,0,rapid_throttle_transition,0
1780420149.75,149.75,581.9631089952767,1.9631089952767085,581.8431089952767,0.0,20.82752672454622,21.314645649045797,15.746791335127128,0.841764591340274,-1.4151571380028845,15.746791335127128,0.8390727383933801,5310.137308004627,891.4225393907581,124.62862011906502,76.18659421459837,3.7641176195765538,19.065582154895637,1.0720272095365173,12.484,3.364,100.0,healthy,0.0,1.0,scenario_rapid_throttle_transition,scenario_rapid_throttle_transition.csv,0,rapid_throttle_transition,0
1780420150.0,150.0,580.5164003603671,0.5164003603671776,580.3964003603671,0.0,20.85152429190457,20.505501899334504,17.41189284377448,0.448517789258917,-0.18141975068473803,17.41189284377448,0.8413566536005332,4841.732469910005,957.7853453219968,120.86418238982426,89.78969647271342,4.629953164754939,19.85614394241276,1.0539684047762516,12.47,3.437,100.0,healthy,0.0,1.0,scenario_rapid_throttle_transition,scenario_rapid_throttle_transition.csv,0,rapid_throttle_transition,0
1780420150.25,150.25,580.0,0.0,579.88,0.0,20.890748932278502,20.195723612357813,19.57251509838538,-1.4838263413816777,-1.5956911420859576,19.57251509838538,0.84471854883504,5428.372498572731,937.4073160391004,115.61191728503445,69.71738288562571,4.461023425809292,22.45268560160496,1.112793932239062,12.448,3.347,100.0,healthy,0.0,1.0,scenario_rapid_throttle_transition,scenario_rapid_throttle_transition.csv,0,rapid_throttle_transition,0
1780420150.5,150.5,582.0135387922194,2.0135387922194,581.8935387922194,0.0,20.94692386062045,21.521972001666615,8.940508465417265,0.8355821027939868,-1.1439266671814097,8.940508465417265,0.8434597457281529,4519.941703419699,914.9918955807498,133.62255774731022,78.66192856238888,4.133776626720646,19.474954221311183,1.0933056947749347,12.35,3.268,100.0,healthy,0.0,1.0,scenario_rapid_throttle_transition,scenario_rapid_throttle_transition.csv,0,rapid_throttle_transition,0
1780420150.75,150.75,580.0,0.0,579.88,0.0,21.000618285766997,21.513800144643636,20.856573154839083,0.8500809595818316,0.16960314085702355,20.856573154839083,0.8454026567369379,5040.195010771303,977.7017221010566,126.69045024563533,90.79830216988711,4.0702262509104,20.95775736207403,1.0921623777776148,12.477,3.547,100.0,healthy,0.0,1.0,scenario_rapid_throttle_transition,scenario_rapid_throttle_transition.csv,0,rapid_throttle_transition,0
1780420151.0,151.0,581.2895600507966,1.289560050796544,581.1695600507966,0.0,21.081463928784064,20.907108175688467,14.584921666916626,2.035477181154274,-0.3456738082551545,14.584921666916626,0.8468546140253929,5591.56517735449,873.3574861793775,135.9659932270132,71.53175679293871,4.84043891237248,18.639258800671154,1.007349989509786,12.433,3.434,100.0,healthy,0.0,1.0,scenario_rapid_throttle_transition,scenario_rapid_throttle_transition.csv,0,rapid_throttle_transition,0
1780420151.25,151.25,580.17978512813,0.17978512812998781,580.05978512813,0.0,21.116359410355635,22.101799656923255,14.959791169205435,-0.3506491516351893,-0.7803275445537229,14.959791169205435,0.8458692591624533,5283.2777231244,874.7537530911404,128.61382021441716,101.47952013533641,4.338763414611989,17.954279055606566,1.2255632268821803,12.382,3.211,100.0,healthy,0.0,1.0,scenario_rapid_throttle_transition,scenario_rapid_throttle_transition.csv,0,rapid_throttle_transition,0
1780420151.5,151.5,580.0,0.0,579.88,0.0,21.11261128917257,20.587822421508395,17.098514531859024,1.6943635455407882,-0.7831158509004914,17.098514531859024,0.8446963452236611,5181.425421067919,897.9403806485777,134.75465547835054,82.51678324262375,4.3644469611578005,18.95354957159146,0.989677518394654,12.467,3.405,100.0,healthy,0.0,1.0,scenario_rapid_throttle_transition,scenario_rapid_throttle_transition.csv,0,rapid_throttle_transition,0
1780420151.75,151.75,582.1698168221338,2.1698168221338325,582.0498168221338,0.0,21.096346009976788,21.385460142805684,12.781219764542602,1.1045218100327359,-0.09038757317977952,12.781219764542602,0.8473904511102653,4700.330087437221,921.5158816193008,128.32071129461667,88.3472751518624,4.452110702946686,18.592972073521768,1.0023580948252726,12.319,3.441,100.0,healthy,0.0,1.0,scenario_rapid_throttle_transition,scenario_rapid_throttle_transition.csv,0,rapid_throttle_transition,0
1780420152.0,152.0,581.6660069445156,1.6660069445155865,581.5460069445156,0.0,21.09734028938615,20.677634581948286,21.10543376954804,0.47183536907588275,-0.23982730803985397,21.10543376954804,0.8445414334876655,5050.739541496295,925.3407890391237,97.18998533477622,72.86859972912183,4.267510769044586,21.992198391842628,0.9972375886186743,12.468,3.224,100.0,healthy,0.0,1.0,scenario_rapid_throttle_transition,scenario_rapid_throttle_transition.csv,0,rapid_throttle_transition,0
1780420152.25,152.25,580.7383429564213,0.7383429564213352,580.6183429564213,0.0,21.175168231489717,20.175007732419484,13.696340820564219,0.16168629516470068,-0.6016523857490358,13.696340820564219,0.8441998107449756,4796.45054186097,889.0749626442763,125.22208078163632,70.25869078489117,4.558217928869891,22.58479860041634,0.9684080986189214,12.317,3.22,100.0,healthy,0.0,1.0,scenario_rapid_throttle_transition,scenario_rapid_throttle_transition.csv,0,rapid_throttle_transition,0
1780420152.5,152.5,582.7209658895126,2.720965889512609,582.6009658895126,0.0,21.235259960071943,21.02915504156115,13.34089509364162,0.7539704254993489,-0.691630619804368,13.34089509364162,0.8442936367554876,4905.5473893243425,887.5433686398424,122.67632347186274,95.47849650309516,4.742671218832822,21.359329201679,0.957462608915522,12.438,3.389,100.0,healthy,0.0,1.0,scenario_rapid_throttle_transition,scenario_rapid_throttle_transition.csv,0,rapid_throttle_transition,0
1780420152.75,152.75,580.0,0.0,579.88,0.0,21.209361651680553,21.717036190805782,17.003235748071944,0.912920563770521,-0.5111327106231558,17.003235748071944,0.8414944235989028,4842.59793088302,922.163668279907,99.72814876800996,77.82923529122576,4.58211717561653,18.70753037434671,1.1079450458016327,12.467,3.326,100.0,healthy,0.0,1.0,scenario_rapid_throttle_transition,scenario_rapid_throttle_transition.csv,0,rapid_throttle_transition,0
1780420153.0,153.0,582.041116455747,2.041116455746944,581.921116455747,0.0,21.271066550502123,20.451511210344417,17.966213087113918,1.0758218776582502,-1.5928671252055615,17.966213087113918,0.8396942823023463,4869.163398893117,903.4939619272885,106.66317170959167,58.977431780339145,4.360769080122093,21.14404308895872,1.0275011327622054,12.435,3.332,100.0,healthy,0.0,1.0,scenario_rapid_throttle_transition,scenario_rapid_throttle_transition.csv,0,rapid_throttle_transition,0
1780420153.25,153.25,580.0,0.0,579.88,0.0,21.298784819736266,21.68497533818856,10.308321292727356,1.768763101875384,-1.7078687621761768,10.308321292727356,0.8385726455776917,5277.661847634039,917.6223388217086,105.75753004338159,86.91168329833383,4.503455913976783,14.083023950301575,1.147506181533384,12.479,3.189,100.0,healthy,0.0,1.0,scenario_rapid_throttle_transition,scenario_rapid_throttle_transition.csv,0,rapid_throttle_transition,0
1780420153.5,153.5,580.0,0.0,579.88,0.0,21.346845055750602,21.33182570664888,8.660843308045648,1.2414056624836705,-1.402398220313387,8.660843308045648,0.8394163177048882,5446.682350015991,949.3820927891746,116.42041763673743,74.66843847834899,4.422463457499957,16.500867867020474,0.9521224043474106,12.392,3.283,100.0,healthy,0.0,1.0,scenario_rapid_throttle_transition,scenario_rapid_throttle_transition.csv,0,rapid_throttle_transition,0
1780420153.75,153.75,580.8654007973861,0.8654007973860909,580.7454007973861,0.0,21.368693818216563,22.35762954294048,25.883682009275702,2.0441912788423426,-1.154611747274386,25.883682009275702,0.8401133847465118,4966.851357708782,932.6615960010458,125.7801840967038,79.47705994177569,4.423973477442622,18.243246369004734,1.127575974114817,12.356,3.332,100.0,healthy,0.0,1.0,scenario_rapid_throttle_transition,scenario_rapid_throttle_transition.csv,0,rapid_throttle_transition,0
1780420154.0,154.0,580.0,0.0,579.88,0.0,21.45870958920001,21.113848978077208,22.617226049380804,1.6516142589136003,-1.1916101327663957,22.617226049380804,0.8396797822006801,4650.167993770225,944.8825987099457,106.39835995220541,81.08117015429211,4.353339427260893,17.15013994734763,1.1265440198145884,12.349,3.269,100.0,healthy,0.0,1.0,scenario_rapid_throttle_transition,scenario_rapid_throttle_transition.csv,0,rapid_throttle_transition,0
1780420154.25,154.25,580.0,0.0,579.88,0.0,21.473842302348974,21.09606719368065,15.453074291390534,2.473691805212297,-1.061831274251828,15.453074291390534,0.8395378787355029,5819.42196899127,936.8660204638392,110.05016128126705,71.36159075466931,4.70092672958962,17.696429161750068,0.9292753012215802,12.479,3.273,100.0,healthy,0.0,1.0,scenario_rapid_throttle_transition,scenario_rapid_throttle_transition.csv,0,rapid_throttle_transition,0
1780420154.5,154.5,580.2702312944105,0.2702312944105041,580.1502312944104,0.0,21.492052621956294,21.992058891153913,16.709303048062495,1.4616146326287602,0.49376697496484145,16.709303048062495,0.8419715204383443,5904.633778017464,917.6460379551777,127.03502857465202,86.30201223102452,5.044238478730282,22.4845340929224,0.8836433934007766,12.542,3.402,100.0,healthy,0.0,1.0,scenario_rapid_throttle_transition,scenario_rapid_throttle_transition.csv,0,rapid_throttle_transition,0
1780420154.75,154.75,580.0,0.0,579.88,0.0,21.513856542579035,21.941392218797958,20.711388508020065,0.08910715223479992,-1.2878697662729417,20.711388508020065,0.8453564282335552,5907.691171539405,937.586851602742,132.36489195764682,99.89906923759754,4.86562524739938,22.685231033733384,1.0789455335869658,12.327,3.522,100.0,healthy,0.0,1.0,scenario_rapid_throttle_transition,scenario_rapid_throttle_transition.csv,0,rapid_throttle_transition,0
1780420155.0,155.0,580.78675392716,0.7867539271600325,580.66675392716,0.0,21.510562113652036,21.873355489475795,14.838210718152634,0.8332251767243675,-1.2939143475490344,14.838210718152634,0.8470503454468231,5148.924773409061,932.4603486736838,120.43854589066925,89.97954529544883,4.767024891445939,22.798763728008225,1.0378523092101375,12.521,3.392,100.0,healthy,0.0,1.0,scenario_rapid_throttle_transition,scenario_rapid_throttle_transition.csv,0,rapid_throttle_transition,0
1780420155.25,155.25,580.2296065960106,0.22960659601061512,580.1096065960106,0.0,21.552321041328533,21.807670492002554,13.969735818583528,1.8648065885441825,-1.2210268319129725,13.969735818583528,0.8473244433270577,4922.902783199609,918.9497167388206,128.07482743780213,78.49619915109228,3.738322252197163,17.72907499449735,0.9456683870651652,12.409,3.299,100.0,healthy,0.0,1.0,scenario_rapid_throttle_transition,scenario_rapid_throttle_transition.csv,0,rapid_throttle_transition,0
1780420155.5,155.5,581.0079970648052,1.00799706480514,580.8879970648052,0.0,21.579469018279152,22.53029822785769,20.162818274976434,2.4562833270635007,-0.7358164965427221,20.162818274976434,0.8448960769563753,5050.274891846368,910.5825421616606,150.16647893990452,92.3544892876636,4.406280090895172,20.422418175253686,1.0323637651659365,12.417,3.301,100.0,healthy,0.0,1.0,scenario_rapid_throttle_transition,scenario_rapid_throttle_transition.csv,0,rapid_throttle_transition,0
1780420155.75,155.75,581.0861243032308,1.08612430323078,580.9661243032308,0.0,21.67238428325431,22.576970829192184,21.164861963097707,2.5676559922283504,-0.18888628999359847,21.164861963097707,0.8491519824726962,5019.908272926227,935.4666931297,133.78308442476478,99.67721702783098,3.8530595638056613,17.147348304106238,1.0193618073778794,12.433,3.347,100.0,healthy,0.0,1.0,scenario_rapid_throttle_transition,scenario_rapid_throttle_transition.csv,0,rapid_throttle_transition,0
1780420156.0,156.0,581.9278030359806,1.9278030359805678,581.8078030359806,0.0,21.675845815118603,22.646918498042844,19.281246042612946,0.03237757426306165,-0.47553450104956946,19.281246042612946,0.8488331632169187,4820.360499710503,943.872695586406,137.64192165069724,94.38387093771517,4.386941675544243,14.390918984285172,0.9339639791996627,12.39,3.325,100.0,healthy,0.0,1.0,scenario_rapid_throttle_transition,scenario_rapid_throttle_transition.csv,0,rapid_throttle_transition,0
1780420156.25,156.25,580.0,0.0,579.88,0.0,21.7648593384859,21.615803924912587,11.967437215979327,1.6733371997561002,-0.43907874498501803,11.967437215979327,0.8537323573995613,5066.905773383716,872.9062150997845,109.84389093428562,96.27345086078238,4.67043435835438,21.11178397892359,0.9989937950363654,12.401,3.518,100.0,healthy,0.0,1.0,scenario_rapid_throttle_transition,scenario_rapid_throttle_transition.csv,0,rapid_throttle_transition,0
1780420156.5,156.5,580.0,0.0,579.88,0.0,21.738196576930566,22.163049046671897,19.98064481388283,0.4820855844373291,0.5024852323721258,19.98064481388283,0.8581939210187842,5837.2587630487105,920.3557388559515,131.9758916016592,68.25566146831643,4.794993870494856,16.91857364256487,1.0129707139331556,12.455,3.415,100.0,healthy,0.0,1.0,scenario_rapid_throttle_transition,scenario_rapid_throttle_transition.csv,0,rapid_throttle_transition,0
1780420156.75,156.75,580.0,0.0,579.88,0.0,21.83224391869752,21.980809307428757,23.240407067769212,1.7119564092639856,0.5355834916012461,23.240407067769212,0.8617364950758792,5523.647204008597,892.4808979425753,132.47880971009073,78.72111342154933,4.531201988883449,19.89811679455872,1.1280025035977508,12.441,3.353,100.0,healthy,0.0,1.0,scenario_rapid_throttle_transition,scenario_rapid_throttle_transition.csv,0,rapid_throttle_transition,0
1780420157.0,157.0,581.0083245488344,1.008324548834422,580.8883245488344,0.0,21.901221713355707,21.074179801365815,15.021014800025192,2.214823356943544,-0.9720282675832768,15.021014800025192,0.863612654359089,5389.761035786114,911.7391327450426,126.39103528023901,86.2173237475483,4.215216539213001,22.24606514564839,1.0243670775326315,12.45,3.247,100.0,healthy,0.0,1.0,scenario_rapid_throttle_transition,scenario_rapid_throttle_transition.csv,0,rapid_throttle_transition,0
1780420157.25,157.25,582.3063991474396,2.306399147439584,582.1863991474396,0.0,21.912928980274625,21.920478866447112,17.19280979943473,1.0207047049757025,-1.0216657164243759,17.19280979943473,0.8655029600322257,5085.315324666422,922.2925593450062,118.09760531470646,76.12982587358859,3.7430963940614372,20.023405377538428,0.9566383802553977,12.533,3.435,100.0,healthy,0.0,1.0,scenario_rapid_throttle_transition,scenario_rapid_throttle_transition.csv,0,rapid_throttle_transition,0
1780420157.5,157.5,580.0,0.0,579.88,0.0,21.95860750876009,23.008030663284465,15.877900568633065,2.3541829301613006,-0.2678193841569766,15.877900568633065,0.8670453633791624,5171.029419857534,924.290673515234,155.50081390769563,108.98483534582172,4.577838340280955,23.349204192711266,1.0417956631139538,12.363,3.32,100.0,healthy,0.0,1.0,scenario_rapid_throttle_transition,scenario_rapid_throttle_transition.csv,0,rapid_throttle_transition,0
1780420157.75,157.75,580.2997327705056,0.2997327705055853,580.1797327705056,0.0,21.933062872742926,21.287638896282957,17.027273564930848,0.03902998132816893,-0.35162716020453716,17.027273564930848,0.8668538384021863,5285.264847889323,901.739971390315,141.56545626490006,85.67246852729002,4.395385272693269,19.205355921130653,1.1316516771888836,12.453,3.464,100.0,healthy,0.0,1.0,scenario_rapid_throttle_transition,scenario_rapid_throttle_transition.csv,0,rapid_throttle_transition,0
1780420158.0,158.0,580.7643700307493,0.7643700307492903,580.6443700307493,0.0,21.94537123425797,21.596317782397662,14.317746675716876,0.8588825523386067,-1.2198410288937305,14.317746675716876,0.863152449894877,4870.263794918236,900.1844806812101,148.3671220877923,86.13124934489815,5.100072598637347,16.641009454972213,1.145523834198072,12.385,3.213,100.0,healthy,0.0,1.0,scenario_rapid_throttle_transition,scenario_rapid_throttle_transition.csv,0,rapid_throttle_transition,0
1780420158.25,158.25,580.0,0.0,579.88,0.0,21.93004761259719,21.190015676833347,13.58680547353335,0.6713203408970854,-0.1769709586800295,13.58680547353335,0.8652721078931725,5520.650425827958,928.1536340534426,135.89518782302451,80.09791409340097,4.034628399009452,23.07910019199727,0.8755675864707171,12.371,3.475,100.0,healthy,0.0,1.0,scenario_rapid_throttle_transition,scenario_rapid_throttle_transition.csv,0,rapid_throttle_transition,0
1780420158.5,158.5,580.553353785895,0.5533537858949039,580.433353785895,0.0,21.928128704932767,22.27729017447896,15.498972543501816,2.3972740661804712,-0.7640923810833421,15.498972543501816,0.8687764596978494,5959.625667776665,912.1370233571242,132.12293149567867,81.9956848647161,4.52600146160944,22.589436133201268,0.981133652367435,12.342,3.332,100.0,healthy,0.0,1.0,scenario_rapid_throttle_transition,scenario_rapid_throttle_transition.csv,0,rapid_throttle_transition,0
1780420158.75,158.75,580.5106162273933,0.5106162273932111,580.3906162273933,0.0,21.952220958836712,22.915559618465352,18.322618617125286,0.20957197229719493,-0.1794741666820149,18.322618617125286,0.8691863804457457,5114.28349303928,906.2214847876127,136.140281372673,70.63632554203915,4.611948799928962,14.197494163617023,1.0673117628820383,12.42,3.508,100.0,healthy,0.0,1.0,scenario_rapid_throttle_transition,scenario_rapid_throttle_transition.csv,0,rapid_throttle_transition,0
1780420159.0,159.0,580.0,0.0,579.88,0.0,21.946629267651993,20.93379622934072,18.676576640825267,2.6520561501901327,-0.025502727652898904,18.676576640825267,0.8675741835681461,5540.664484245571,950.4678615453943,119.63607142062344,108.69914462245946,4.854479134828543,22.094132114109144,1.0909010342143928,12.341,3.343,100.0,healthy,0.0,1.0,scenario_rapid_throttle_transition,scenario_rapid_throttle_transition.csv,0,rapid_throttle_transition,0
1780420159.25,159.25,580.4879647406829,0.4879647406828428,580.3679647406829,0.0,21.944273127486277,21.820974146774958,17.158488196506926,1.5790146697396255,-1.0879664194482368,17.158488196506926,0.8693703444985491,5193.949327966719,903.6636548496341,112.35926392640626,83.08389721170498,5.028362416665426,21.162960827412586,0.9650008648922298,12.395,3.368,100.0,healthy,0.0,1.0,scenario_rapid_throttle_transition,scenario_rapid_throttle_transition.csv,0,rapid_throttle_transition,0
1780420159.5,159.5,582.0631684416354,2.0631684416353964,581.9431684416354,0.0,21.982536162791842,21.918094434006107,21.30020024711239,1.117433268613522,-1.0057011917732908,21.30020024711239,0.8679316349130133,5436.798455472419,882.9931159117551,103.28627921847252,64.223469575458,4.716917805114537,21.417431822523017,1.0409018270206627,12.42,3.386,100.0,healthy,0.0,1.0,scenario_rapid_throttle_transition,scenario_rapid_throttle_transition.csv,0,rapid_throttle_transition,0
1780420159.75,159.75,582.7586065612304,2.758606561230354,582.6386065612304,0.0,22.085629458702517,21.053346096595625,19.808048019264383,1.2047265692447544,-0.52913453781744,19.808048019264383,0.871496332307565,5359.615664752196,946.1288683568508,129.60933369003308,89.52916248419139,4.172177565530042,20.406505738420506,0.9298059788258282,12.424,3.282,100.0,healthy,0.0,1.0,scenario_rapid_throttle_transition,scenario_rapid_throttle_transition.csv,0,rapid_throttle_transition,0
1780420160.0,160.0,580.0,0.0,579.88,0.0,22.083277575314302,21.092691314321605,14.178656346204164,2.510857573828514,0.17978662351238314,14.178656346204164,0.8753514290502696,6098.400098510213,939.377400052098,129.22045755464393,98.92123451225339,4.1757239236168795,18.674977152030387,0.9105144666906371,12.441,3.315,100.0,healthy,0.0,1.0,scenario_rapid_throttle_transition,scenario_rapid_throttle_transition.csv,0,rapid_throttle_transition,0
1780420160.25,160.25,580.0,0.0,579.88,0.0,22.110033373760434,21.804652157211514,17.325250743549784,2.3408394834848054,0.06840582253985594,17.325250743549784,0.8776381312095851,5386.215601989399,910.4940850523861,139.08955411532554,85.75735711107447,4.242463967237945,16.434015097044906,1.0615019948934286,12.395,3.489,100.0,healthy,0.0,1.0,scenario_rapid_throttle_transition,scenario_rapid_throttle_transition.csv,0,rapid_throttle_transition,0
1780420160.5,160.5,580.0,0.0,579.88,0.0,22.180948527719977,21.378309065718827,21.150927645413482,1.5970821789650607,-0.8763333795357356,21.150927645413482,0.8804106461950871,4931.0994014871185,891.7440285656561,106.49853640066826,92.48786828326506,4.638025213501071,19.009138793894373,0.8899041982175283,12.471,3.385,100.0,healthy,0.0,1.0,scenario_rapid_throttle_transition,scenario_rapid_throttle_transition.csv,0,rapid_throttle_transition,0
1780420160.75,160.75,580.0,0.0,579.88,0.0,22.288701475471655,22.829991489433304,9.580444319619046,2.400112183175797,0.12774424177349622,9.580444319619046,0.8790505736592826,5436.998190211344,875.9862460159378,115.05373164328363,88.49438006024901,3.86632780041881,20.334365484533084,1.0155789466257685,12.439,3.416,100.0,healthy,0.0,1.0,scenario_rapid_throttle_transition,scenario_rapid_throttle_transition.csv,0,rapid_throttle_transition,0
1780420161.0,161.0,581.6114880040375,1.611488004037533,581.4914880040375,0.0,22.355448119800336,23.24391246940143,16.34280241488552,2.558869349252812,-0.2505036227425912,16.34280241488552,0.877934377462435,5501.596801238068,909.943678576865,152.6935562604296,64.03701211557527,4.819087965647059,18.894157639479417,0.9415992214890222,12.39,3.157,100.0,healthy,0.0,1.0,scenario_rapid_throttle_transition,scenario_rapid_throttle_transition.csv,0,rapid_throttle_transition,0
1780420161.25,161.25,582.3361401730476,2.3361401730475997,582.2161401730476,0.0,22.425634017914046,23.35930700737304,21.09598076142605,1.5696958473975795,-0.11671444368941014,21.09598076142605,0.8738690990526754,4421.25777589604,892.6317960687198,141.68987201851786,73.44234527212733,4.7584742959417925,20.989158709508924,0.9679326933959509,12.45,3.368,100.0,healthy,0.0,1.0,scenario_rapid_throttle_transition,scenario_rapid_throttle_transition.csv,0,rapid_throttle_transition,0
1780420161.5,161.5,581.578158276471,1.578158276470972,581.458158276471,0.0,22.475704925978498,22.61984462954972,21.849615004506777,1.896813989224769,-0.3075422121531089,21.849615004506777,0.876992844398133,4888.708463364116,940.324188916414,113.17853144788597,94.26421175425905,4.128772190065015,19.90518160624448,1.0594825579535843,12.391,3.451,100.0,healthy,0.0,1.0,scenario_rapid_throttle_transition,scenario_rapid_throttle_transition.csv,0,rapid_throttle_transition,0
1780420161.75,161.75,580.0,0.0,579.88,0.0,22.49176351125308,22.00772042055417,17.014856418161763,1.0044649019999896,-0.22495228204760281,17.014856418161763,0.8753212436095914,4934.940297466304,918.0822386055328,135.62708737646236,93.10813416447597,4.072807553695755,21.586460199559436,1.0214515519147513,12.46,3.443,100.0,healthy,0.0,1.0,scenario_rapid_throttle_transition,scenario_rapid_throttle_transition.csv,0,rapid_throttle_transition,0
1780420162.0,162.0,583.1126405183893,3.1126405183893118,582.9926405183893,0.0,22.577653635708618,21.51052111817097,12.722618419781416,2.489224210483771,0.41793814510142385,12.722618419781416,0.8747652350267024,5071.997618929881,971.2586972908123,156.11158778737897,83.78122317103562,4.996951430582492,18.555938196473893,1.05976569673846,12.358,3.213,100.0,healthy,0.0,1.0,scenario_rapid_throttle_transition,scenario_rapid_throttle_transition.csv,0,rapid_throttle_transition,0
1780420162.25,162.25,581.4923732590769,1.492373259076915,581.3723732590769,0.0,22.653202140733946,23.434157974447693,23.275859765862283,2.416932116231674,-0.5365757509716413,23.275859765862283,0.8708449061583226,5105.215960203562,929.8693225139598,129.0080488799664,100.53558042046517,4.407331837388926,19.729710474019136,0.9276732270886933,12.381,3.414,100.0,healthy,0.0,1.0,scenario_rapid_throttle_transition,scenario_rapid_throttle_transition.csv,0,rapid_throttle_transition,0
1780420162.5,162.5,580.0,0.0,579.88,0.0,22.729451978975938,23.02635304097805,18.327324074541945,1.4092411158054503,-0.5643309378352136,18.327324074541945,0.8693497615331335,5933.488585767417,909.5953891007441,139.3222101671707,93.24824609666933,5.068277394282591,21.88267440162602,1.014202832980273,12.424,3.35,100.0,healthy,0.0,1.0,scenario_rapid_throttle_transition,scenario_rapid_throttle_transition.csv,0,rapid_throttle_transition,0
1780420162.75,162.75,580.0407419702466,0.04074197024660121,579.9207419702466,0.0,22.750769899949695,22.46913597376657,20.665924993087874,3.2438752348860915,0.12266044786923108,20.665924993087874,0.8733199586497936,4942.180944275816,956.1823316075852,114.52954545295117,75.67550144633637,5.130193795144684,17.595580855004272,0.8845610249148963,12.501,3.331,100.0,healthy,0.0,1.0,scenario_rapid_throttle_transition,scenario_rapid_throttle_transition.csv,0,rapid_throttle_transition,0
1780420163.0,163.0,580.2419471264637,0.24194712646371103,580.1219471264637,0.0,22.73963523652439,22.87092743528595,18.55673893390123,1.1193719217804508,0.17362408327266948,18.55673893390123,0.8717311133019997,5534.971244119654,870.4566094740887,125.04150483038259,93.78365180473351,5.12767838966524,16.166457499459856,1.107944309400561,12.461,3.311,100.0,healthy,0.0,1.0,scenario_rapid_throttle_transition,scenario_rapid_throttle_transition.csv,0,rapid_throttle_transition,0
1780420163.25,163.25,580.0,0.0,579.88,0.0,22.78448161481596,22.458954876736083,19.710800817731833,1.9413703138656977,0.6331062087614063,19.710800817731833,0.8712420639651439,5432.310254000458,891.1283917867993,112.22060651302847,81.39199849404116,4.380877830952122,19.489979328190685,1.0799550704076848,12.409,3.383,100.0,healthy,0.0,1.0,scenario_rapid_throttle_transition,scenario_rapid_throttle_transition.csv,0,rapid_throttle_transition,0
1780420163.5,163.5,580.2557079300541,0.2557079300541031,580.1357079300541,0.0,22.864387594080775,23.33269323944749,22.62837051833242,2.3587648959130028,0.6830974313847006,22.62837051833242,0.8686977450372629,5284.344400301883,888.9621142107042,142.74843152011766,83.70620415822827,4.464966417481471,19.029740308974763,0.9552707070207703,12.375,3.411,100.0,healthy,0.0,1.0,scenario_rapid_throttle_transition,scenario_rapid_throttle_transition.csv,0,rapid_throttle_transition,0
1780420163.75,163.75,581.0218736142774,1.0218736142773597,580.9018736142774,0.0,22.863267775059725,22.63161602955245,15.259340148143204,2.1757116325556702,0.521308217338867,15.259340148143204,0.8688098954354682,4831.3720929395895,903.2094139449556,147.70813682058343,102.7240280866695,4.18156127382143,23.49381086261336,1.075548211911673,12.465,3.331,100.0,healthy,0.0,1.0,scenario_rapid_throttle_transition,scenario_rapid_throttle_transition.csv,0,rapid_throttle_transition,0
1780420164.0,164.0,582.3821165650176,2.382116565017575,582.2621165650175,0.0,22.877996307417764,23.118126514763375,16.303143537024823,0.8708991916853623,-0.39203963593801916,16.303143537024823,0.8714895301637188,5416.349790817956,890.0918709855096,108.557765928791,94.75025253273326,4.660143785749058,21.262974689288157,0.8859879647279194,12.441,3.393,100.0,healthy,0.0,1.0,scenario_rapid_throttle_transition,scenario_rapid_throttle_transition.csv,0,rapid_throttle_transition,0
1780420164.25,164.25,580.0,0.0,579.88,0.0,22.963341154173474,23.65519308458881,20.505331008076972,2.8165496005600197,0.650301243003793,20.505331008076972,0.8738055701512953,5107.979501894667,915.3447508969745,105.82591277294247,77.59876242460442,4.222620325210979,19.017266221500705,1.065176979569364,12.469,3.337,100.0,healthy,0.0,1.0,scenario_rapid_throttle_transition,scenario_rapid_throttle_transition.csv,0,rapid_throttle_transition,0
1780420164.5,164.5,580.0202298245782,0.02022982457822073,579.9002298245782,0.0,23.02326387571798,23.650444370532824,21.43938304798022,2.3353143051054466,-0.09132063588550618,21.43938304798022,0.8720630421915024,5375.880483871742,908.9465087646217,168.96020417406334,89.90891640953,4.81568808364324,21.317973218631174,0.9775633616618963,12.471,3.505,100.0,healthy,0.0,1.0,scenario_rapid_throttle_transition,scenario_rapid_throttle_transition.csv,0,rapid_throttle_transition,0
1780420164.75,164.75,580.0,0.0,579.88,0.0,23.00909334909846,22.20802614290237,21.35924349993382,2.193102103488518,0.11507738119953295,21.35924349993382,0.8740303705501284,5771.140975872979,910.479666777071,114.17905337893188,90.48925487738633,4.618623795524072,19.331953264772718,0.8901777376850073,12.423,3.208,100.0,healthy,0.0,1.0,scenario_rapid_throttle_transition,scenario_rapid_throttle_transition.csv,0,rapid_throttle_transition,0
1780420165.0,165.0,581.883227535004,1.8832275350039933,581.763227535004,0.0,23.056200757836677,22.117957246210853,19.34727597716695,3.496694181596588,-0.4110589285806595,19.34727597716695,0.8721931786177087,5140.167990075191,934.3017400293597,124.27489542957612,86.1480882114759,4.519803494764501,21.46383462678519,1.0139807294773164,12.418,3.163,100.0,healthy,0.0,1.0,scenario_rapid_throttle_transition,scenario_rapid_throttle_transition.csv,0,rapid_throttle_transition,0
1780420165.25,165.25,580.6554032107015,0.655403210701468,580.5354032107015,0.0,23.059210495163537,22.75902944356467,16.45931895693866,2.7059065301235377,1.704676184636237,16.45931895693866,0.873267803367911,5368.823717478401,943.9213670698756,130.34238625277803,76.97221135603584,4.750383996615322,18.97494190934124,1.013450009116331,12.365,3.328,100.0,healthy,0.0,1.0,scenario_rapid_throttle_transition,scenario_rapid_throttle_transition.csv,0,rapid_throttle_transition,0
1780420165.5,165.5,580.2822476382063,0.28224763820624044,580.1622476382063,0.0,23.132934682116478,23.287090720972056,19.872627475493818,3.232323574562241,-0.8371707977902099,19.872627475493818,0.8726940873929543,5455.589053683816,910.0255148820709,145.15203741978954,108.37632183558925,4.305527572986736,20.100997667735722,1.094878126324502,12.516,3.381,100.0,healthy,0.0,1.0,scenario_rapid_throttle_transition,scenario_rapid_throttle_transition.csv,0,rapid_throttle_transition,0
1780420165.75,165.75,582.0108541749612,2.010854174961199,581.8908541749612,0.0,23.12458418050226,22.7125918659176,16.597787094559138,2.6713381164108325,-0.5969787271127047,16.597787094559138,0.8722590038961999,5625.251244074506,896.4961202295078,148.550773128911,85.50902005084795,4.5729867110273945,18.629700900268478,0.8988495561453002,12.416,3.264,100.0,healthy,0.0,1.0,scenario_rapid_throttle_transition,scenario_rapid_throttle_transition.csv,0,rapid_throttle_transition,0
1780420166.0,166.0,580.0,0.0,579.88,0.0,23.221144011308162,22.15079312227456,22.95315606487372,1.9300762060244088,-1.3389448242624011,22.95315606487372,0.8760738115609833,5445.6139514064525,918.3779657708307,123.05745312688688,75.175979646158,4.565328070568653,18.6927566477409,1.0242411226491972,12.445,3.428,100.0,healthy,0.0,1.0,scenario_rapid_throttle_transition,scenario_rapid_throttle_transition.csv,0,rapid_throttle_transition,0
1780420166.25,166.25,581.5695627720534,1.569562772053351,581.4495627720534,0.0,23.259334003628037,22.42552780816139,14.88415647644813,1.3371422833625204,0.04254590618075749,14.88415647644813,0.8787408015379756,4844.300246972637,893.5982278463456,137.0881884721483,77.19438217909082,4.669653990819343,22.983926640476184,0.9682368511239887,12.397,3.387,100.0,healthy,0.0,1.0,scenario_rapid_throttle_transition,scenario_rapid_throttle_transition.csv,0,rapid_throttle_transition,0
1780420166.5,166.5,580.0,0.0,579.88,0.0,23.31758551776829,22.174606877131854,17.776775747086088,2.1053979935864677,-0.9398574442648452,17.776775747086088,0.8801529522201937,4985.074702726048,909.8935968609311,88.7510379550363,93.64211261252689,5.036225520276138,18.50516913466629,1.051588530056343,12.444,3.651,100.0,healthy,0.0,1.0,scenario_rapid_throttle_transition,scenario_rapid_throttle_transition.csv,0,rapid_throttle_transition,0
1780420166.75,166.75,582.0879236752825,2.0879236752824646,581.9679236752825,0.0,23.310923945469586,24.30835059100775,19.797948986365817,1.8650461078540155,0.8113874776581864,19.797948986365817,0.8790775079563324,5745.524020062209,900.8279971651073,108.29056370510777,84.78833825468705,4.67072374653092,18.818882272540932,1.0348350954537668,12.416,3.581,100.0,healthy,0.0,1.0,scenario_rapid_throttle_transition,scenario_rapid_throttle_transition.csv,0,rapid_throttle_transition,0
1780420167.0,167.0,582.1435346968525,2.1435346968524938,582.0235346968525,0.0,23.35559003032321,22.801916847500095,15.763164206982392,2.7028412397345054,0.1484924241411601,15.763164206982392,0.8825890640061854,5104.247528190275,949.0103915066856,117.73770277434694,92.51026738671676,4.108020785587453,19.290661285730643,1.0669340622378478,12.483,3.261,100.0,healthy,0.0,1.0,scenario_rapid_throttle_transition,scenario_rapid_throttle_transition.csv,0,rapid_throttle_transition,0
1780420167.25,167.25,580.0,0.0,579.88,0.0,23.42219242831887,24.13271360235675,20.756419950374116,3.194367543647626,1.1369898911689553,20.756419950374116,0.8815518854045588,4942.81560991724,894.4846480689737,121.10913618017135,96.0376334358539,3.9545643037319724,18.90753672491321,0.9466644503094719,12.448,3.452,100.0,healthy,0.0,1.0,scenario_rapid_throttle_transition,scenario_rapid_throttle_transition.csv,0,rapid_throttle_transition,0
1780420167.5,167.5,580.0,0.0,579.88,0.0,23.43256498083121,23.16433207831265,17.60166689648442,2.522536043156568,-0.30329802856236787,17.60166689648442,0.8850041283185014,5411.7588262968075,907.8352796273489,110.18031151311848,86.22251633969061,4.432986099284515,18.472920727476488,0.986285754364024,12.436,3.291,100.0,healthy,0.0,1.0,scenario_rapid_throttle_transition,scenario_rapid_throttle_transition.csv,0,rapid_throttle_transition,0
1780420167.75,167.75,580.0,0.0,579.88,0.0,23.507492806536614,23.355665839352604,17.04776944532672,1.132548433541455,0.32134425330934746,17.04776944532672,0.8882854152440061,5245.872402386607,977.423202567036,117.35368947358262,97.17874584382264,4.140964094911141,21.738704544035127,0.9397852550366247,12.422,3.439,100.0,healthy,0.0,1.0,scenario_rapid_throttle_transition,scenario_rapid_throttle_transition.csv,0,rapid_throttle_transition,0
1780420168.0,168.0,580.0,0.0,579.88,0.0,23.534200057093262,23.397891305896707,18.50915680395758,2.8964088025060035,0.2701885854332149,18.50915680395758,0.8871998328924936,5005.389505817013,875.0024587840015,134.12585874964782,102.98220172688794,5.370236112091508,20.172640065347167,0.989785527164009,12.428,3.402,100.0,healthy,0.0,1.0,scenario_rapid_throttle_transition,scenario_rapid_throttle_transition.csv,0,rapid_throttle_transition,0
1780420168.25,168.25,580.0,0.0,579.88,0.0,23.536361088129496,24.297352151116172,11.604666710632259,2.369835461129997,-0.14423636243099414,11.604666710632259,0.8862775165122155,5488.566618908915,947.2748350310571,117.91135178925987,97.27155503907659,4.650192000567577,19.597309131703444,1.0304208731035769,12.504,3.242,100.0,healthy,0.0,1.0,scenario_rapid_throttle_transition,scenario_rapid_throttle_transition.csv,0,rapid_throttle_transition,0
1780420168.5,168.5,581.0591703023233,1.0591703023232792,580.9391703023233,0.0,23.586916855137254,24.461786786315567,24.510715500851042,2.897198887037945,0.8631547011565037,24.510715500851042,0.8905063318050401,4872.072042528002,916.3850141505375,149.81097754666126,72.83220986807329,4.632897114782756,19.711695646775286,1.1954317304636097,12.467,3.445,100.0,healthy,0.0,1.0,scenario_rapid_throttle_transition,scenario_rapid_throttle_transition.csv,0,rapid_throttle_transition,0
1780420168.75,168.75,582.1551766274009,2.1551766274009205,582.0351766274009,0.0,23.56802713949699,24.524240328742785,16.62957048946697,3.4176856312208352,-0.6749311644697443,16.62957048946697,0.891552077217561,5220.752591497322,943.0249837078491,141.93986225900613,95.81697143860713,4.5830613339284225,20.016070324950142,1.018190969488566,12.326,3.304,100.0,healthy,0.0,1.0,scenario_rapid_throttle_transition,scenario_rapid_throttle_transition.csv,0,rapid_throttle_transition,0
1780420169.0,169.0,580.0,0.0,579.88,0.0,23.65925518067835,22.94636255035449,20.326923456763748,2.2917134830561103,-0.11631963333225886,20.326923456763748,0.8915889342971982,4707.036458047265,945.0918470681614,126.3898995291395,83.73032446065994,4.785266325423764,18.013947128455193,1.0236200903531707,12.427,3.425,100.0,healthy,0.0,1.0,scenario_rapid_throttle_transition,scenario_rapid_throttle_transition.csv,0,rapid_throttle_transition,0
1780420169.25,169.25,580.0,0.0,579.88,0.0,23.666024293583575,23.88173662645759,18.908643502376027,2.8991365656136634,0.5255937672209272,18.908643502376027,0.8875651501855993,4569.1285643142655,900.390239311783,142.41176220075056,70.27191860015532,4.398043383436211,18.07858644977369,0.9915688265498895,12.512,3.382,100.0,healthy,0.0,1.0,scenario_rapid_throttle_transition,scenario_rapid_throttle_transition.csv,0,rapid_throttle_transition,0
1780420169.5,169.5,580.0,0.0,579.88,0.0,23.668638090442172,22.61144358765855,17.132235096144306,2.3525354793777264,0.37875357583589947,17.132235096144306,0.8902081385529428,5223.565700684451,923.502668283609,127.54142000226383,78.61873245030063,4.855872290929435,17.638455139359117,1.0706187597825334,12.399,3.481,100.0,healthy,0.0,1.0,scenario_rapid_throttle_transition,scenario_rapid_throttle_transition.csv,0,rapid_throttle_transition,0
1780420169.75,169.75,580.0,0.0,579.88,0.0,23.670677654746612,23.980826039737746,16.546161798873833,2.0175777072069874,0.11911005932137647,16.546161798873833,0.8881760262680558,5611.964761292127,928.3845155712493,122.46303937337863,82.59777960085906,5.0975820858542455,20.116291568963376,1.120814386782655,12.436,3.397,100.0,healthy,0.0,1.0,scenario_rapid_throttle_transition,scenario_rapid_throttle_transition.csv,0,rapid_throttle_transition,0
1780420170.0,170.0,582.1757285395365,2.1757285395365784,582.0557285395365,0.0,23.699396754584537,24.39685822213025,19.144290062741785,3.8813052745604684,-0.7302518263875395,19.144290062741785,0.8912307259379209,5073.922397765492,911.34175805974,125.06014912027558,77.04503989579365,4.8309720253719615,16.693597999875742,1.0609734211595423,12.475,3.422,100.0,healthy,0.0,1.0,scenario_rapid_throttle_transition,scenario_rapid_throttle_transition.csv,0,rapid_throttle_transition,0
1780420170.25,170.25,580.0,0.0,579.88,0.0,23.696433946554034,24.571612212614326,17.652458019224127,2.5205849629948003,0.3314515881939608,17.652458019224127,0.8876520169377569,5794.8683236092465,906.2712311531685,120.50544293279742,98.74270573424415,4.946924369386616,18.854714232734704,1.0841970962455785,12.481,3.424,100.0,healthy,0.0,1.0,scenario_rapid_throttle_transition,scenario_rapid_throttle_transition.csv,0,rapid_throttle_transition,0
1780420170.5,170.5,580.5770317886341,0.5770317886341472,580.4570317886341,0.0,23.760785265694693,23.521593710481852,17.415745818120946,1.8901486584427163,-0.1392224910256583,17.415745818120946,0.8868450078734353,6061.78298271901,951.7602273044625,123.19606092694775,101.35869289915517,4.636048149667477,20.77493635832077,1.0599356005493206,12.396,3.354,100.0,healthy,0.0,1.0,scenario_rapid_throttle_transition,scenario_rapid_throttle_transition.csv,0,rapid_throttle_transition,0
1780420170.75,170.75,580.2108501137367,0.21085011373665263,580.0908501137367,0.0,23.78120626419811,23.81022968133257,18.62600823853034,3.0259229825690137,-1.0258766351081814,18.62600823853034,0.8889033552415901,5603.661777848906,971.4755638129543,123.51614368988324,90.50779249770099,3.906188254154908,18.031576905050137,1.0240067015580903,12.521,3.324,100.0,healthy,0.0,1.0,scenario_rapid_throttle_transition,scenario_rapid_throttle_transition.csv,0,rapid_throttle_transition,0
1780420171.0,171.0,580.0312490218415,0.031249021841497887,579.9112490218415,0.0,23.880203528083026,23.781610572456753,12.278419524726793,2.6126718137917995,0.5687796347878886,12.278419524726793,0.893130970584117,5689.834445369884,986.1694857173869,130.23165077716865,81.77495237686323,4.198203182857261,25.25436459401086,1.0961273461676928,12.43,3.557,100.0,healthy,0.0,1.0,scenario_rapid_throttle_transition,scenario_rapid_throttle_transition.csv,0,rapid_throttle_transition,0
1780420171.25,171.25,581.401358019387,1.401358019386972,581.281358019387,0.0,23.870611743762844,24.316482398959362,16.934699583879368,2.111967504080576,0.9629128482008217,16.934699583879368,0.8917420171964094,6016.0101172964605,918.043694695349,141.91136224539815,96.34098355672965,4.747604200802096,18.67634841499704,0.8854778625640148,12.394,3.22,100.0,healthy,0.0,1.0,scenario_rapid_throttle_transition,scenario_rapid_throttle_transition.csv,0,rapid_throttle_transition,0
1780420171.5,171.5,580.0,0.0,579.88,0.0,23.955093132571342,23.7744536198402,13.62929901493533,1.0749130331795997,0.9054794789210117,13.62929901493533,0.8934534048261495,5165.22025312621,871.6981682472473,137.81968587960262,92.23035299827403,4.632845645851075,19.22161215057418,1.0534492777432207,12.44,3.27,100.0,healthy,0.0,1.0,scenario_rapid_throttle_transition,scenario_rapid_throttle_transition.csv,0,rapid_throttle_transition,0
1780420171.75,171.75,580.0,0.0,579.88,0.0,23.96253330302463,23.214831692387534,18.191044087271795,2.7973813378833636,-0.8222301973763748,18.191044087271795,0.8944134724272831,5402.994425223677,880.3281480360422,111.59452878518141,80.84572051599679,4.8406866575873,21.77882944775183,0.929545099350251,12.441,3.54,100.0,healthy,0.0,1.0,scenario_rapid_throttle_transition,scenario_rapid_throttle_transition.csv,0,rapid_throttle_transition,0
1780420172.0,172.0,581.9823683665139,1.982368366513883,581.8623683665139,0.0,24.024392817363005,23.940121739612817,12.641221410442721,3.0164721286242195,0.05505693465077316,12.641221410442721,0.8933661547646908,5061.0918491404655,927.1220494700195,105.93992200460804,103.80478412789185,5.431333134464595,21.64919890058716,0.9862220565456397,12.466,3.594,100.0,healthy,0.0,1.0,scenario_rapid_throttle_transition,scenario_rapid_throttle_transition.csv,0,rapid_throttle_transition,0
1780420172.25,172.25,581.0968560764275,1.0968560764274775,580.9768560764275,0.0,24.007236169841995,24.329214450069816,18.567339054598953,1.6820948473315795,1.1366533579435831,18.567339054598953,0.8961651811507577,5837.738935155993,902.08440325474,151.2105425075657,78.48265765561136,4.867060376402731,14.847342173101755,1.0466417455142738,12.356,3.331,100.0,healthy,0.0,1.0,scenario_rapid_throttle_transition,scenario_rapid_throttle_transition.csv,0,rapid_throttle_transition,0
1780420172.5,172.5,581.8345504656479,1.8345504656479408,581.7145504656479,0.0,24.03793859326764,23.64639828845076,17.57359168523512,2.6582628157609944,0.3992147413004876,17.57359168523512,0.89595207158078,5003.271926403964,921.5042305779449,114.40311825059597,86.22291082156059,4.83272113472064,14.387724789372399,0.9514037776272651,12.401,3.499,100.0,healthy,0.0,1.0,scenario_rapid_throttle_transition,scenario_rapid_throttle_transition.csv,0,rapid_throttle_transition,0
1780420172.75,172.75,581.0720183089919,1.0720183089919686,580.9520183089919,0.0,24.0790994181608,24.84763045155458,17.884066917121466,2.5877315969252472,0.14924213263063096,17.884066917121466,0.8980229505113616,6065.262745890671,938.9718284607043,134.95306129358372,99.36530219634768,4.895610702885567,17.369719658029258,1.154425098681946,12.397,3.428,100.0,healthy,0.0,1.0,scenario_rapid_throttle_transition,scenario_rapid_throttle_transition.csv,0,rapid_throttle_transition,0
1780420173.0,173.0,580.0,0.0,579.88,0.0,24.06749098120318,24.3873961266928,23.270882979810338,3.171145690476677,1.3870494564467135,23.270882979810338,0.8970026677272798,5109.710623686697,952.6944823857611,117.26582050822563,82.32151426732975,5.157777455119951,21.33502123517304,1.0296084106085563,12.445,3.593,100.0,healthy,0.0,1.0,scenario_rapid_throttle_transition,scenario_rapid_throttle_transition.csv,0,rapid_throttle_transition,0
1780420173.25,173.25,580.0,0.0,579.88,0.0,24.156973455144925,23.871710991167642,14.333144683425637,4.172827369232486,1.9136400255137729,14.333144683425637,0.8952124900150906,5260.653666957274,940.6461521693789,106.4683418387837,75.35609706984712,4.58022999740024,22.405262894143416,1.0651699088937336,12.448,3.433,100.0,healthy,0.0,1.0,scenario_rapid_throttle_transition,scenario_rapid_throttle_transition.csv,0,rapid_throttle_transition,0
1780420173.5,173.5,580.0,0.0,579.88,0.0,24.232999778173617,23.653772314240786,21.463164290944224,2.127612630259221,0.9082007654049925,21.463164290944224,0.8990855713224912,5296.769210125845,920.8695611971063,143.71069683226986,86.16257107480722,4.247462097455367,16.757696259320014,1.0739977376523948,12.484,3.493,100.0,healthy,0.0,1.0,scenario_rapid_throttle_transition,scenario_rapid_throttle_transition.csv,0,rapid_throttle_transition,0
1780420173.75,173.75,580.0,0.0,579.88,0.0,24.260844151958185,23.709345195444072,24.829313078125473,2.349964159045907,-0.08753063379996984,24.829313078125473,0.9016553630104119,5138.511139254369,872.5448402273726,136.00771066749783,70.08579998619764,4.851785484738935,20.87145822606928,0.9660292169242636,12.419,3.465,100.0,healthy,0.0,1.0,scenario_rapid_throttle_transition,scenario_rapid_throttle_transition.csv,0,rapid_throttle_transition,0
1780420174.0,174.0,580.0,0.0,579.88,0.0,24.260189079181558,25.053436554622095,25.911218007385777,3.1347801144796925,0.42462191397659355,25.911218007385777,0.9009813300789462,5322.651673590163,955.6012838956722,146.17875098928033,87.61796465106012,4.655921567539899,20.990986141720146,1.016779957047497,12.39,3.405,100.0,healthy,0.0,1.0,scenario_rapid_throttle_transition,scenario_rapid_throttle_transition.csv,0,rapid_throttle_transition,0
1780420174.25,174.25,580.3839332427978,0.38393324279775365,580.2639332427977,0.0,24.248681880754294,25.102942762880552,19.768801235114577,2.499061404427734,-0.18634886740868672,19.768801235114577,0.9045352081734791,5739.006664791358,905.2499642450786,144.73036804513882,76.27438889096221,4.77513701062835,20.536653582574356,0.9750581304010074,12.496,3.433,100.0,healthy,0.0,1.0,scenario_rapid_throttle_transition,scenario_rapid_throttle_transition.csv,0,rapid_throttle_transition,0
1780420174.5,174.5,580.3263689924331,0.3263689924331581,580.2063689924331,0.0,24.281218702820123,24.114967120550013,23.059377810026078,3.1005856164086603,0.9570518531155946,23.059377810026078,0.9048919128511674,5699.230375763889,996.0378529353053,121.42374873762742,97.02460187526015,4.4579471115143985,23.68441646877042,1.1414079697451875,12.427,3.588,100.0,healthy,0.0,1.0,scenario_rapid_throttle_transition,scenario_rapid_throttle_transition.csv,0,rapid_throttle_transition,0
1780420174.75,174.75,580.7957681332288,0.7957681332287323,580.6757681332288,0.0,24.300931698800927,24.97534252761441,20.883353975915345,3.941275282125564,0.6545731325770817,20.883353975915345,0.9047017000301824,5309.452729498131,932.3229016882485,126.96728356293399,70.47735143597603,4.2588732157884,21.93223523679205,1.063089421354686,12.422,3.361,100.0,healthy,0.0,1.0,scenario_rapid_throttle_transition,scenario_rapid_throttle_transition.csv,0,rapid_throttle_transition,0
1780420175.0,175.0,581.1093584549719,1.1093584549718891,580.9893584549719,0.0,24.38414667904582,24.12122063417164,24.40261469300836,2.5751972614838623,0.40125397469394536,24.40261469300836,0.90391677152051,4922.451221295413,937.9586078858191,124.45821549142579,100.32963083183888,5.196521246754926,23.5076010814033,1.162882749363338,12.382,3.278,100.0,healthy,0.0,1.0,scenario_rapid_throttle_transition,scenario_rapid_throttle_transition.csv,0,rapid_throttle_transition,0
1780420175.25,175.25,580.0,0.0,579.88,0.0,24.484299885201082,24.26466054482279,13.730596367235636,3.5748479080964226,0.3987086812146051,13.730596367235636,0.9035721304025126,5568.4108032094855,929.8070069947253,144.44891785539164,78.61104898123313,4.599472694073878,19.340730335353516,1.0418398955323813,12.382,3.354,100.0,healthy,0.0,1.0,scenario_rapid_throttle_transition,scenario_rapid_throttle_transition.csv,0,rapid_throttle_transition,0
1780420175.5,175.5,581.6259622525174,1.6259622525174295,581.5059622525174,0.0,24.542785410505235,25.13909011633322,22.02857751994044,2.544003500724682,1.2236653579779309,22.02857751994044,0.9008164970752393,5943.258579385348,919.6629508864704,126.89387311054844,59.757320368023386,4.544997532480084,22.15945941024626,0.9480238048178324,12.379,3.263,100.0,healthy,0.0,1.0,scenario_rapid_throttle_transition,scenario_rapid_throttle_transition.csv,0,rapid_throttle_transition,0
1780420175.75,175.75,581.6076426625261,1.6076426625261866,581.4876426625261,0.0,24.544529470667772,23.91875925696002,21.163009233819253,2.479794043955384,1.9795432321679418,21.163009233819253,0.9040317544013294,5140.861127380035,881.9440792629111,157.71339749013762,103.08754681713917,5.348201814786019,22.394563977313037,0.9969361328997927,12.306,3.277,100.0,healthy,0.0,1.0,scenario_rapid_throttle_transition,scenario_rapid_throttle_transition.csv,0,rapid_throttle_transition,0
1780420176.0,176.0,583.3110721192027,3.3110721192026595,583.1910721192027,0.0,24.64665656529627,25.082587835161405,20.048676421985004,3.4212485744887937,0.9218656171629007,20.048676421985004,0.9065979887298244,5207.256919500133,920.2862616005611,119.34509647192728,83.0354348265504,4.832521171890557,20.06231115649057,0.8304371798474625,12.305,3.491,100.0,healthy,0.0,1.0,scenario_rapid_throttle_transition,scenario_rapid_throttle_transition.csv,0,rapid_throttle_transition,0
1780420176.25,176.25,581.457423181358,1.4574231813579293,581.337423181358,0.0,24.657897195145065,25.45266007743472,18.95737909551711,1.6674783446483799,0.8992177127459355,18.95737909551711,0.9059604173980541,5288.004062451704,917.5230295803026,123.18754377962857,92.9195177995537,4.1976758348010215,20.22850716332951,1.0272734230299432,12.432,3.371,100.0,healthy,0.0,1.0,scenario_rapid_throttle_transition,scenario_rapid_throttle_transition.csv,0,rapid_throttle_transition,0
1780420176.5,176.5,582.2830352035141,2.283035203514113,582.1630352035141,0.0,24.70154201120476,24.30590883504239,23.665535868673352,2.562065725910536,1.099758226300121,23.665535868673352,0.9078196158861503,5157.187068902516,897.1994686917967,138.88464639182683,94.92506841272828,4.619933821155281,24.856312244795472,1.0321344029420476,12.38,3.481,100.0,healthy,0.0,1.0,scenario_rapid_throttle_transition,scenario_rapid_throttle_transition.csv,0,rapid_throttle_transition,0
1780420176.75,176.75,580.0,0.0,579.88,0.0,24.692208193125353,25.33747173781975,15.202025032203881,3.2458287016109955,-0.09230255691391709,15.202025032203881,0.9089745275099963,5589.092214833066,946.7283515533252,120.00394792409787,90.3834843122112,4.926028854940177,20.069129930577382,1.1152789504145186,12.451,3.539,100.0,healthy,0.0,1.0,scenario_rapid_throttle_transition,scenario_rapid_throttle_transition.csv,0,rapid_throttle_transition,0
1780420177.0,177.0,580.0,0.0,579.88,0.0,24.722423231950238,23.84855019518953,13.957813379764335,3.209193937913265,0.7909563179764544,13.957813379764335,0.9067124430110409,5195.7985882699095,938.4160831193683,141.70049174891236,87.6359168118691,4.423391777474367,18.8692042137824,0.9688769489642658,12.474,3.451,100.0,healthy,0.0,1.0,scenario_rapid_throttle_transition,scenario_rapid_throttle_transition.csv,0,rapid_throttle_transition,0
1780420177.25,177.25,580.7246602058729,0.7246602058728006,580.6046602058728,0.0,24.745130255885133,25.617669463287537,18.84705615788864,2.6077443226486405,0.5935505207010667,18.84705615788864,0.9046113483526218,5339.666966990193,902.7459302073999,125.32193918864499,86.46577265208323,4.136248254131953,23.00323765371206,1.0292102277464021,12.408,3.551,100.0,healthy,0.0,1.0,scenario_rapid_throttle_transition,scenario_rapid_throttle_transition.csv,0,rapid_throttle_transition,0
1780420177.5,177.5,580.5309250635867,0.5309250635866675,580.4109250635867,0.0,24.790976984990156,25.480201744612945,23.363527966295834,3.547612578625202,0.9345020348849258,23.363527966295834,0.907962676841021,5654.071822861055,950.6443224615913,149.0123266475594,114.03397717980332,5.4647978841307,21.231333334654675,0.9933977228229646,12.356,3.401,100.0,healthy,0.0,1.0,scenario_rapid_throttle_transition,scenario_rapid_throttle_transition.csv,0,rapid_throttle_transition,0
1780420177.75,177.75,580.7804248999416,0.7804248999416649,580.6604248999416,0.0,24.886687153721976,23.809585677461257,23.11203265469806,2.562424728556966,0.351912857214176,23.11203265469806,0.9114604372616198,5769.963115479022,950.0479607514221,103.84265791645586,93.47347096251923,4.285266919776824,20.981763519213416,1.0854139700134957,12.368,3.438,100.0,healthy,0.0,1.0,scenario_rapid_throttle_transition,scenario_rapid_throttle_transition.csv,0,rapid_throttle_transition,0
1780420178.0,178.0,581.9906955634401,1.9906955634400911,581.8706955634401,0.0,24.97353635656089,24.863817749190552,26.34761080026526,1.9020526870620478,0.9139836404026824,26.34761080026526,0.9133425194709288,5558.9599420619525,920.1054987525223,120.36605173652937,86.56319616028651,4.66121164320236,24.448857088606026,0.9889431396292054,12.443,3.442,100.0,healthy,0.0,1.0,scenario_rapid_throttle_transition,scenario_rapid_throttle_transition.csv,0,rapid_throttle_transition,0
1780420178.25,178.25,580.0,0.0,579.88,0.0,25.051274588964493,24.59749163958753,13.471519590611024,2.204013240292027,0.5724648482841536,13.471519590611024,0.9107051704957465,5369.708616201736,976.75208034686,147.12984422326883,86.08520095307048,4.666743577042975,21.234103927905693,1.1379426509715775,12.404,3.427,100.0,healthy,0.0,1.0,scenario_rapid_throttle_transition,scenario_rapid_throttle_transition.csv,0,rapid_throttle_transition,0
1780420178.5,178.5,580.7108458203775,0.7108458203774873,580.5908458203775,0.0,25.036015145934872,24.27191287049135,15.752987089092368,2.6890220165250622,1.7011357227230233,15.752987089092368,0.9077460971712176,5588.986829763507,954.6095096882958,136.9219161358215,104.62477636659195,4.288664641051318,19.574305879222255,1.0570616049257333,12.362,3.466,100.0,healthy,0.0,1.0,scenario_rapid_throttle_transition,scenario_rapid_throttle_transition.csv,0,rapid_throttle_transition,0
1780420178.75,178.75,581.901196687984,1.9011966879840256,581.781196687984,0.0,25.087340726864007,24.607680851001756,19.504506217245424,3.3966597829807283,0.5924627832551432,19.504506217245424,0.9101862029236611,5430.062497406129,905.0812296294033,133.10154880888817,75.59665480005236,4.66458806161678,22.60390540848047,1.011541710818707,12.298,3.577,100.0,healthy,0.0,1.0,scenario_rapid_throttle_transition,scenario_rapid_throttle_transition.csv,0,rapid_throttle_transition,0
1780420179.0,179.0,581.0699010152238,1.0699010152237458,580.9499010152238,0.0,25.123893582548405,25.220846925593687,22.337184245346727,4.708269436037234,0.1417199787982748,22.337184245346727,0.9139994194437298,4971.006560951628,989.9749915855283,122.45330976120178,92.03724631054541,5.00674651835568,21.788546827006716,0.9705828550770754,12.505,3.491,100.0,healthy,0.0,1.0,scenario_rapid_throttle_transition,scenario_rapid_throttle_transition.csv,0,rapid_throttle_transition,0
1780420179.25,179.25,580.0,0.0,579.88,0.0,25.14044986847319,25.417304621515832,22.119382930487912,3.7514885202810184,1.8084900028074928,22.119382930487912,0.9139908879034246,5155.875097195187,910.0621801836265,131.21355290584796,85.42853167760227,5.117973518522861,19.70254170789947,1.012379466956917,12.495,3.694,100.0,healthy,0.0,1.0,scenario_rapid_throttle_transition,scenario_rapid_throttle_transition.csv,0,rapid_throttle_transition,0
1780420179.5,179.5,580.0,0.0,579.88,0.0,25.1988006873384,25.816710396329807,23.635553382570507,3.418903386169145,0.6897511670717695,23.635553382570507,0.9178654239946975,5609.374360990338,876.5081910142103,127.92277672555554,119.62532792313935,4.058829417672208,21.6649478155208,1.0180597459412515,12.442,3.413,100.0,healthy,0.0,1.0,scenario_rapid_throttle_transition,scenario_rapid_throttle_transition.csv,0,rapid_throttle_transition,0
1780420179.75,179.75,580.0,0.0,579.88,0.0,25.22551704635041,24.90635166288993,19.735617191553697,2.842889347275577,0.5917657827523619,19.735617191553697,0.9197129875335683,5706.4187512045055,948.4813371931597,129.7522069779647,102.44243938949027,3.8630692168057617,20.984070669093523,1.0174897784321377,12.386,3.658,100.0,healthy,0.0,1.0,scenario_rapid_throttle_transition,scenario_rapid_throttle_transition.csv,0,rapid_throttle_transition,0
1780420180.0,180.0,582.1102616693528,2.1102616693527687,581.9902616693528,0.0,25.27187123191565,26.46251291779307,16.025762968798915,3.8123628572856165,0.8780368602012795,16.025762968798915,0.9179616453208704,5537.696066428089,941.705002943397,98.68567631506674,90.48578647283459,4.896132746235859,21.985843385244525,0.9914361577134335,12.446,3.412,100.0,healthy,0.0,1.0,scenario_rapid_throttle_transition,scenario_rapid_throttle_transition.csv,0,rapid_throttle_transition,0
1780420180.25,180.25,581.8656154750387,1.8656154750386724,581.7456154750387,0.0,25.283940261935964,24.84032219624553,24.913327532693046,3.3438370717180717,0.8789394892858707,24.913327532693046,0.9176944567869354,4636.374592572361,902.8350672338441,122.59968689833009,105.35498660713324,4.985299149117113,20.620466675051134,1.1097702177314328,12.433,3.392,100.0,healthy,0.0,1.0,scenario_rapid_throttle_transition,scenario_rapid_throttle_transition.csv,0,rapid_throttle_transition,0
1780420180.5,180.5,582.3968404476955,2.396840447695493,582.2768404476955,0.0,25.282594026088248,25.97053521753424,21.328343804384374,3.982206045616272,0.9947800825005855,21.328343804384374,0.9148147426433266,5370.753901614311,941.3620384069472,144.29530044706314,95.99295600609105,4.205290884928947,19.299505463172796,1.0266050999264869,12.462,3.466,100.0,healthy,0.0,1.0,scenario_rapid_throttle_transition,scenario_rapid_throttle_transition.csv,0,rapid_throttle_transition,0
1780420180.75,180.75,582.4878118735854,2.487811873585437,582.3678118735854,0.0,25.375079298199424,24.165038973525224,20.320817036900163,2.451931587651459,0.19977365995474217,20.320817036900163,0.9178356493740275,5114.51929119655,870.1393967982432,145.33526927460593,96.78293043234764,5.044812293109094,19.03536680504698,1.051057661414486,12.463,3.565,100.0,healthy,0.0,1.0,scenario_rapid_throttle_transition,scenario_rapid_throttle_transition.csv,0,rapid_throttle_transition,0
1780420181.0,181.0,580.0,0.0,579.88,0.0,25.41276519971678,25.392459054671857,13.82700490792342,3.189382655053968,1.3714866831363821,13.82700490792342,0.9169951698644899,5927.570383192137,934.1982620530574,151.15965145505373,83.41390489155074,5.057773309879704,21.218548481773766,1.1268237321543226,12.393,3.48,100.0,healthy,0.0,1.0,scenario_rapid_throttle_transition,scenario_rapid_throttle_transition.csv,0,rapid_throttle_transition,0
1780420181.25,181.25,580.0,0.0,579.88,0.0,25.485775542149078,24.917098465583294,21.056950535731602,4.333401919898916,1.0240825923828054,21.056950535731602,0.920895445528306,4941.490037152178,876.1447024106105,127.21430406760653,94.3111337891246,4.595736357875265,23.6935376362137,0.9820261539337062,12.327,3.564,100.0,healthy,0.0,1.0,scenario_rapid_throttle_transition,scenario_rapid_throttle_transition.csv,0,rapid_throttle_transition,0
1780420181.5,181.5,581.0640866370186,1.064086637018645,580.9440866370186,0.0,25.540241599041074,26.378530158488054,20.425103655768247,3.0666203613799903,1.0216344143211626,20.425103655768247,0.9226357294067918,5986.790196689049,942.2888938712204,122.06763000771386,104.26557081807204,4.5012114048355665,17.183043228044287,1.0187716250936167,12.429,3.437,100.0,healthy,0.0,1.0,scenario_rapid_throttle_transition,scenario_rapid_throttle_transition.csv,0,rapid_throttle_transition,0
1780420181.75,181.75,582.1143493754117,2.11434937541171,581.9943493754117,0.0,25.596217422783123,24.84405765447402,24.614990346314826,4.170615617370082,0.2719017270449947,24.614990346314826,0.920149975573932,5603.98911810295,910.7643593838212,150.65347249328516,80.54019330264205,4.231880608640431,19.18338170585543,1.0000796878677967,12.43,3.521,100.0,healthy,0.0,1.0,scenario_rapid_throttle_transition,scenario_rapid_throttle_transition.csv,0,rapid_throttle_transition,0
1780420182.0,182.0,580.2873197853594,0.2873197853594107,580.1673197853594,0.0,25.671105046314953,26.7911411776312,22.14314341744226,3.6517728125491695,0.6848848454929546,22.14314341744226,0.9209509785176135,5560.559288031923,891.3346746628646,148.5365048131766,88.3330865414742,4.623864499050978,22.519324077807514,1.0516097971979905,12.471,3.642,100.0,healthy,0.0,1.0,scenario_rapid_throttle_transition,scenario_rapid_throttle_transition.csv,0,rapid_throttle_transition,0
1780420182.25,182.25,581.8784460989709,1.8784460989709117,581.7584460989709,0.0,25.74164435675796,24.693577985004243,15.346454070390456,2.555159941601592,1.3634191750366258,15.346454070390456,0.9204343457562042,6125.036005948512,904.0919950313886,147.0523870271584,90.74269566944506,4.180904241893236,19.28729191595941,1.0938956239683462,12.475,3.698,100.0,healthy,0.0,1.0,scenario_rapid_throttle_transition,scenario_rapid_throttle_transition.csv,0,rapid_throttle_transition,0
1780420182.5,182.5,581.2638499293148,1.2638499293148557,581.1438499293148,0.0,25.72396822364914,25.094462943459792,17.14841592435804,5.153776248367445,1.310150639237361,17.14841592435804,0.922287143692789,5480.13852989962,911.4481389639536,110.08840348611281,92.75072740275827,4.72093961631499,19.12841113237007,1.118896069168719,12.46,3.686,100.0,healthy,0.0,1.0,scenario_rapid_throttle_transition,scenario_rapid_throttle_transition.csv,0,rapid_throttle_transition,0
1780420182.75,182.75,580.0,0.0,579.88,0.0,25.79921707130473,25.72533187622099,18.3073311097913,3.3234637949748422,1.148507203441393,18.3073311097913,0.9214392206307801,5506.057451219441,884.9135994884161,167.15475156006036,98.54577601991402,4.422545959406288,22.154097204747252,0.97863680757591,12.463,3.479,100.0,healthy,0.0,1.0,scenario_rapid_throttle_transition,scenario_rapid_throttle_transition.csv,0,rapid_throttle_transition,0
1780420183.0,183.0,580.0,0.0,579.88,0.0,25.807245775862402,26.222619049078176,13.205730737406046,2.7008173690054296,1.5511925250450063,13.205730737406046,0.9226857267381069,5668.412757732797,941.7798362509415,125.5489119770848,89.12882786210196,5.006568297119114,23.921296828194563,1.0365844065799181,12.462,3.54,100.0,healthy,0.0,1.0,scenario_rapid_throttle_transition,scenario_rapid_throttle_transition.csv,0,rapid_throttle_transition,0
1780420183.25,183.25,580.0,0.0,579.88,0.0,25.894806183641755,25.28674782745796,14.64806358387617,2.2969357676281774,1.1831028723801498,14.64806358387617,0.9261871718676129,5686.936064098955,923.3979436147652,102.26948616559909,102.4742303610149,5.342048494007206,22.132235292615878,1.0651405248874908,12.386,3.673,100.0,healthy,0.0,1.0,scenario_rapid_throttle_transition,scenario_rapid_throttle_transition.csv,0,rapid_throttle_transition,0
1780420183.5,183.5,580.7305193622154,0.7305193622154107,580.6105193622154,0.0,25.969049573369855,24.909834104734657,21.656451651186043,2.9028264005022257,2.4624083363611775,21.656451651186043,0.9246065123545528,6280.849921943953,938.0130196762549,138.69100436879194,89.84475111381003,4.412795741973172,23.216107534569673,0.988165235433649,12.423,3.229,100.0,healthy,0.0,1.0,scenario_rapid_throttle_transition,scenario_rapid_throttle_transition.csv,0,rapid_throttle_transition,0
1780420183.75,183.75,581.5466561790181,1.5466561790181381,581.4266561790181,0.0,25.99801207514453,26.56038883389433,17.222128805792977,3.782691762685931,1.8336324255300642,17.222128805792977,0.9274014002692499,5661.7259905944275,951.1975160922124,151.88720461048143,84.85849870884377,4.51936911675876,16.442644154264684,1.0682166301816485,12.342,3.542,100.0,healthy,0.0,1.0,scenario_rapid_throttle_transition,scenario_rapid_throttle_transition.csv,0,rapid_throttle_transition,0
1780420184.0,184.0,580.0,0.0,579.88,0.0,25.98686547375741,25.16730926739889,22.672734785885343,3.916985725101751,1.553197288347994,22.672734785885343,0.9299773639848644,5532.367375909479,940.8886175477846,145.90691098184124,88.79990994509681,4.866868632016736,21.67008046879969,0.8971494565670634,12.386,3.672,100.0,healthy,0.0,1.0,scenario_rapid_throttle_transition,scenario_rapid_throttle_transition.csv,0,rapid_throttle_transition,0
1780420184.25,184.25,580.0,0.0,579.88,0.0,26.02551060843327,24.84920549816495,24.218400128929808,3.1567215267368294,1.1635773041363937,24.218400128929808,0.9297296104586891,5398.167001976709,961.4928662342022,114.67274636348832,100.88793669572384,4.996220226219022,19.657905884433074,0.9457909769939792,12.434,3.584,100.0,healthy,0.0,1.0,scenario_rapid_throttle_transition,scenario_rapid_throttle_transition.csv,0,rapid_throttle_transition,0
1780420184.5,184.5,580.0,0.0,579.88,0.0,25.998926198061472,25.257530915703406,18.924522174335323,1.8913263097128434,0.6572509668346349,18.924522174335323,0.9265341621495614,5562.891838852938,911.346538468204,124.41579437635544,106.71359729113628,4.443167214125804,21.410490464859365,0.9330886899566866,12.381,3.576,100.0,healthy,0.0,1.0,scenario_rapid_throttle_transition,scenario_rapid_throttle_transition.csv,0,rapid_throttle_transition,0
1780420184.75,184.75,581.5177616224933,1.5177616224932562,581.3977616224932,0.0,26.084486997411666,24.944902114496333,18.34480326518982,2.33629244600389,0.4902249703810765,18.34480326518982,0.9286568126652192,5718.785826978764,896.9606249904359,165.90652041654386,91.40468110824027,5.340048295818919,18.42389890289404,1.0436679444419743,12.376,3.629,100.0,healthy,0.0,1.0,scenario_rapid_throttle_transition,scenario_rapid_throttle_transition.csv,0,rapid_throttle_transition,0
1780420185.0,185.0,580.0,0.0,579.88,0.0,8.072955396023891,8.369206615167249,20.863454063239843,3.748306329098952,1.5131682057332096,20.863454063239843,0.3921288985237267,5106.049757715436,942.0005074139602,149.74522607686916,101.70331641699526,4.08769023968111,22.543910511684604,0.9607247784474581,12.489,2.517,100.0,healthy,0.0,1.0,scenario_rapid_throttle_transition,scenario_rapid_throttle_transition.csv,0,rapid_throttle_transition,0
1780420185.25,185.25,580.0,0.0,579.88,0.0,8.151519684546107,7.931773906640822,22.23482286755057,3.561898526023632,0.7127538421389367,22.23482286755057,0.38918867512631095,4152.319024305019,898.8209301119135,134.42513667516283,89.7239945498617,3.6178823899507324,14.925885410020626,0.9372837438393987,12.55,2.133,100.0,healthy,0.0,1.0,scenario_rapid_throttle_transition,scenario_rapid_throttle_transition.csv,0,rapid_throttle_transition,0
1780420185.5,185.5,581.1937139625642,1.193713962564149,581.0737139625642,0.0,8.138134748978567,8.511721329762176,18.572354558827428,2.543448668898008,1.5944329920703848,18.572354558827428,0.38796968908011625,4678.437728973977,918.94534199902,105.00502099239804,74.0762152349802,3.6581117648952017,12.971143810379793,1.052427226283166,12.478,2.387,100.0,healthy,0.0,1.0,scenario_rapid_throttle_transition,scenario_rapid_throttle_transition.csv,0,rapid_throttle_transition,0
1780420185.75,185.75,580.0,0.0,579.88,0.0,8.17339192267624,8.100138330009434,22.464724950134254,3.9024530092488674,0.9173850428711581,22.464724950134254,0.3910459298399501,3534.2610105282015,916.5084983510199,159.26600500327925,99.26419271336162,3.460322859614605,11.18219651575164,0.9165846170649715,12.549,2.324,100.0,healthy,0.0,1.0,scenario_rapid_throttle_transition,scenario_rapid_throttle_transition.csv,0,rapid_throttle_transition,0
1780420186.0,186.0,581.7567273479549,1.7567273479548775,581.6367273479549,0.0,8.24977186317941,8.573689668187077,20.406985212150968,2.6549293907121116,1.7836855842097394,20.406985212150968,0.3928720703296919,4271.780135837014,857.5046595887059,132.4639579060729,71.64225799618183,3.146885460800104,12.9677607553656,0.9510688657944623,12.548,2.236,100.0,healthy,0.0,1.0,scenario_rapid_throttle_transition,scenario_rapid_throttle_transition.csv,0,rapid_throttle_transition,0
1780420186.25,186.25,580.7385560029508,0.7385560029507099,580.6185560029508,0.0,8.306999552843077,8.508786316741272,20.545520316496358,1.7547873710206414,1.4852881518021444,20.545520316496358,0.39201580548330334,3764.810080332346,854.7500822562181,122.81153495522013,96.60944259302083,3.3937156660077905,13.836846551521214,1.000634462385537,12.473,2.191,100.0,healthy,0.0,1.0,scenario_rapid_throttle_transition,scenario_rapid_throttle_transition.csv,0,rapid_throttle_transition,0
1780420186.5,186.5,580.0568464126106,0.05684641261063852,579.9368464126106,0.0,8.391433208943447,8.638523670602467,16.894346992750084,3.1247141208461096,1.9937932072678752,16.894346992750084,0.39555525451427676,3560.7116533077765,864.6351012595234,141.04747460741027,87.14400318125891,3.2480214556315388,10.143361161813209,0.8267079264421442,12.455,2.466,100.0,healthy,0.0,1.0,scenario_rapid_throttle_transition,scenario_rapid_throttle_transition.csv,0,rapid_throttle_transition,0
1780420186.75,186.75,582.3638477492244,2.3638477492243912,582.2438477492244,0.0,8.434838394226954,8.245784680381032,20.0153667606065,1.8590262184010806,0.4339902411067279,20.0153667606065,0.39583379996955875,4494.479574763945,802.7118143730155,149.4221965829155,75.40769026613475,2.5261587339026077,12.70959562011949,0.9110201492658594,12.49,2.309,100.0,healthy,0.0,1.0,scenario_rapid_throttle_transition,scenario_rapid_throttle_transition.csv,0,rapid_throttle_transition,0
1780420187.0,187.0,580.0,0.0,579.88,0.0,8.506479161702746,8.683863996343572,25.490930414440648,2.244784452382163,2.1922225069674903,25.490930414440648,0.3946592332692993,3747.3799095046716,830.7852087935502,146.80434520945283,100.42437562406107,3.035809704247188,12.747574950441352,0.829562299541007,12.455,2.101,100.0,healthy,0.0,1.0,scenario_rapid_throttle_transition,scenario_rapid_throttle_transition.csv,0,rapid_throttle_transition,0
1780420187.25,187.25,580.0,0.0,579.88,0.0,8.521087551594887,8.45447763636395,17.238087454316577,2.9436435260573663,0.8083389664554237,17.238087454316577,0.3976667946306764,3871.4880568337576,796.4610653169125,106.27282263462804,94.86274242899393,2.2021303032051724,8.966691497472628,0.9112378182305976,12.425,2.296,100.0,healthy,0.0,1.0,scenario_rapid_throttle_transition,scenario_rapid_throttle_transition.csv,0,rapid_throttle_transition,0
1780420187.5,187.5,580.6451343696368,0.6451343696368225,580.5251343696368,0.0,8.58652723998958,8.177932552770532,22.141539993956098,1.6957526103224114,2.1515455393417557,22.141539993956098,0.3958396824079227,3800.8272054666463,791.7122282461739,77.99422388558116,81.72877687714195,3.139874624095834,6.912004651700752,0.9501285323086539,12.483,2.348,100.0,healthy,0.0,1.0,scenario_rapid_throttle_transition,scenario_rapid_throttle_transition.csv,0,rapid_throttle_transition,0
1780420187.75,187.75,580.0,0.0,579.88,0.0,8.657251637963897,8.911464062026234,24.461000219565427,3.703915654392192,1.5934700280463359,24.461000219565427,0.3972583184907135,3105.876572236633,814.4048203021965,149.95098155379992,66.68432552899714,3.6786274681370594,9.697223648468576,1.0169371007105583,12.512,2.359,100.0,healthy,0.0,1.0,scenario_rapid_throttle_transition,scenario_rapid_throttle_transition.csv,0,rapid_throttle_transition,0
1780420188.0,188.0,581.9300101533629,1.930010153362868,581.8100101533629,0.0,8.662159233292948,8.946869777224846,18.905487960635796,1.9709254086190184,1.6308122500934563,18.905487960635796,0.39714396332824853,3122.9828092171383,825.8610268129901,130.07206311405398,62.84904583652478,3.113993496273735,8.02387496683232,0.8311215052688327,12.538,2.137,100.0,healthy,0.0,1.0,scenario_rapid_throttle_transition,scenario_rapid_throttle_transition.csv,0,rapid_throttle_transition,0
1780420188.25,188.25,580.6544168521445,0.6544168521446012,580.5344168521445,0.0,8.653757950833015,8.72458622121581,20.53823492258184,2.8980221822988,-0.09776679439630453,20.53823492258184,0.3966779232173237,3137.4519754488138,791.0410327586228,124.69303922332013,81.39199052459104,2.6255591492060697,11.148484230533997,0.7686547090297243,12.556,2.108,100.0,healthy,0.0,1.0,scenario_rapid_throttle_transition,scenario_rapid_throttle_transition.csv,0,rapid_throttle_transition,0
1780420188.5,188.5,580.0,0.0,579.88,0.0,8.717908956202658,8.746527891942215,27.7484660879177,2.2575259517714485,1.351299642829193,27.7484660879177,0.3967965262031222,2994.814622276011,796.7613374686046,110.53896770762636,76.14623283874421,3.285438373235933,11.08910489427694,0.988051472582929,12.559,2.391,100.0,healthy,0.0,1.0,scenario_rapid_throttle_transition,scenario_rapid_throttle_transition.csv,0,rapid_throttle_transition,0
1780420188.75,188.75,581.7325695980021,1.7325695980020717,581.6125695980021,0.0,8.79577847663393,9.088896004244361,20.75777095556768,1.6818260080668417,1.1779642576791072,20.75777095556768,0.3989774136076893,3989.3456685736,790.3796353644769,135.17066480013594,125.54774941018894,3.535529540574421,8.850900683254634,0.9377592984306897,12.527,2.19,100.0,healthy,0.0,1.0,scenario_rapid_throttle_transition,scenario_rapid_throttle_transition.csv,0,rapid_throttle_transition,0
1780420189.0,189.0,580.0,0.0,579.88,0.0,8.841794913264307,9.149405180634083,19.770873056796532,3.3221769223633273,0.8906086004218311,19.770873056796532,0.3963061025625942,3380.6424726150467,801.361071696338,112.49554270140754,85.60006789844994,2.425866032803122,6.672062007194169,0.8418738550481926,12.456,2.404,100.0,healthy,0.0,1.0,scenario_rapid_throttle_transition,scenario_rapid_throttle_transition.csv,0,rapid_throttle_transition,0
1780420189.25,189.25,580.0,0.0,579.88,0.0,8.894421521172362,9.214571509702749,23.586146077539297,2.471493673468587,1.9745916257271658,23.586146077539297,0.3980645474385332,2637.082980004577,843.7449863874459,107.79826881857159,81.5618713098266,3.215039003619477,13.623226985860121,0.8183209411689729,12.528,2.189,100.0,healthy,0.0,1.0,scenario_rapid_throttle_transition,scenario_rapid_throttle_transition.csv,0,rapid_throttle_transition,0
1780420189.5,189.5,581.6710517541965,1.6710517541964798,581.5510517541965,0.0,8.876687597080583,8.924686355263686,15.901395108792212,2.003519111220588,1.300722951284474,15.901395108792212,0.39804778203830116,4055.2726386983854,786.2991388666917,90.61266159752037,81.46913904048947,2.667237689304094,13.100535840679997,0.8275951259276948,12.485,2.166,100.0,healthy,0.0,1.0,scenario_rapid_throttle_transition,scenario_rapid_throttle_transition.csv,0,rapid_throttle_transition,0
1780420189.75,189.75,581.8190400320071,1.8190400320070945,581.6990400320071,0.0,8.908018461705023,8.520887345495261,25.191162193487497,1.8419616470629534,2.472977562007254,25.191162193487497,0.3987161235203294,3289.980187061476,727.2046686126318,126.29762097746222,89.28618167101041,3.268190073350852,8.67196922199111,0.919590521648466,12.478,2.069,100.0,healthy,0.0,1.0,scenario_rapid_throttle_transition,scenario_rapid_throttle_transition.csv,0,rapid_throttle_transition,0
1780420190.0,190.0,582.5804065775329,2.5804065775329783,582.4604065775329,0.0,8.967796496640286,9.030443159844866,18.406168972088604,3.049881868615439,1.2520418485577884,18.406168972088604,0.40199659700929785,3243.3853590997433,756.886568256694,96.73910052455363,52.60358550477223,3.12784485173652,9.265109680568452,0.8343524794688185,12.405,2.282,100.0,healthy,0.0,1.0,scenario_rapid_throttle_transition,scenario_rapid_throttle_transition.csv,0,rapid_throttle_transition,0
1780420190.25,190.25,580.0,0.0,579.88,0.0,8.976379568724264,8.7508924943133,20.825204387970643,2.0001526145599957,1.024287499271217,20.825204387970643,0.40291492816731506,3745.498399258987,824.062126906701,108.71346585333862,78.06247662454906,2.602084856574232,13.876473493864875,1.081564734244984,12.422,2.107,100.0,healthy,0.0,1.0,scenario_rapid_throttle_transition,scenario_rapid_throttle_transition.csv,0,rapid_throttle_transition,0
1780420190.5,190.5,580.0,0.0,579.88,0.0,8.971643693905984,8.647327300446447,25.040965731332857,2.4792640664186147,0.7436907608075417,25.040965731332857,0.39978035005789714,3069.2570689523077,758.8371190115563,112.34554024449278,84.10115987083724,3.30638841710111,8.44701390669001,1.005755501067705,12.509,2.103,100.0,healthy,0.0,1.0,scenario_rapid_throttle_transition,scenario_rapid_throttle_transition.csv,0,rapid_throttle_transition,0
1780420190.75,190.75,580.2617616636439,0.26176166364393927,580.1417616636439,0.0,9.008898492139078,9.443136519000776,27.096621013194927,2.7260142538260137,0.7978115455536833,27.096621013194927,0.4025442421600998,3847.439165593861,794.5683515809303,122.2035258756062,85.33171907869824,3.8497137439352542,8.064641094108245,0.8758673824569686,12.535,2.241,100.0,healthy,0.0,1.0,scenario_rapid_throttle_transition,scenario_rapid_throttle_transition.csv,0,rapid_throttle_transition,0
1780420191.0,191.0,580.2725187958439,0.272518795843916,580.1525187958439,0.0,9.102101644871805,8.812460669352324,26.86926568347963,1.1566835642384223,1.8540805439058683,26.86926568347963,0.3994328641981794,3307.748151800388,781.6343658334941,102.11361633839746,81.56182414499692,3.251980777256627,7.808094900978149,1.0576055597932175,12.535,2.352,100.0,healthy,0.0,1.0,scenario_rapid_throttle_transition,scenario_rapid_throttle_transition.csv,0,rapid_throttle_transition,0
1780420191.25,191.25,580.0,0.0,579.88,0.0,9.144166867969613,9.547153969861883,11.94425731344569,2.9074199151186337,1.5812846664402516,11.94425731344569,0.4000698749205878,2703.8328364139093,814.3816949599951,87.21680428050776,84.88485428404893,2.7608912803653936,11.84488061091604,1.0498479986919593,12.505,2.119,100.0,healthy,0.0,1.0,scenario_rapid_throttle_transition,scenario_rapid_throttle_transition.csv,0,rapid_throttle_transition,0
1780420191.5,191.5,580.0,0.0,579.88,0.0,9.159117706061187,9.057310306639398,19.579998943541742,1.763439866503779,2.2407627381121826,19.579998943541742,0.3982269681616153,3548.772626174239,809.9738924193517,120.2136708071099,70.20552336719732,1.999822144068761,4.768356145434874,1.0961617034730544,12.498,2.11,100.0,healthy,0.0,1.0,scenario_rapid_throttle_transition,scenario_rapid_throttle_transition.csv,0,rapid_throttle_transition,0
1780420191.75,191.75,580.0,0.0,579.88,0.0,9.16305309024442,8.79541341329556,19.78339913941937,3.3119295425304567,0.34898021654555267,19.78339913941937,0.3971712031423671,3216.41392480499,786.1330925149862,92.63753681339456,68.71096880386487,3.0723016486533483,13.71212399212048,0.8389301227241341,12.417,2.175,100.0,healthy,0.0,1.0,scenario_rapid_throttle_transition,scenario_rapid_throttle_transition.csv,0,rapid_throttle_transition,0
1780420192.0,192.0,580.2863045870212,0.2863045870212136,580.1663045870212,0.0,9.204589630728977,9.144887580302854,20.375764464079264,2.8124349882532997,2.173566091637304,20.375764464079264,0.395881760605408,2893.3472645616944,762.4352500178763,84.91436528035243,87.72299429473085,2.981933641376034,11.220516818927033,0.8788404872062365,12.496,2.291,100.0,healthy,0.0,1.0,scenario_rapid_throttle_transition,scenario_rapid_throttle_transition.csv,0,rapid_throttle_transition,0
1780420192.25,192.25,580.0,0.0,579.88,0.0,9.219474773230546,9.258922169104764,14.52714156701704,3.27327524307096,1.420613238680061,14.52714156701704,0.3970521186316983,3649.8457382876895,824.158581151987,100.00222542671926,80.18024013415555,2.388866034978702,8.716897927449562,0.9254093676581104,12.438,2.066,100.0,healthy,0.0,1.0,scenario_rapid_throttle_transition,scenario_rapid_throttle_transition.csv,0,rapid_throttle_transition,0
1780420192.5,192.5,580.5787460132583,0.5787460132583475,580.4587460132583,0.0,9.205459452294713,9.38881666043541,25.346050205273922,1.6377848179650227,1.8505611625375034,25.346050205273922,0.3975614436285251,3248.3367708851115,793.0431489309435,106.33810196016314,76.36580867974182,3.197463134942643,5.333835891440558,0.9224211670225462,12.478,2.395,100.0,healthy,0.0,1.0,scenario_rapid_throttle_transition,scenario_rapid_throttle_transition.csv,0,rapid_throttle_transition,0
1780420192.75,192.75,580.0331141166197,0.03311411661967112,579.9131141166197,0.0,9.199085555779252,9.487603603267496,24.873042981879887,1.9181843333150366,0.34309835294334046,24.873042981879887,0.39949273809243274,3071.009886316573,781.011450011861,111.45949636744284,75.51041423984289,2.849188271152432,10.691013424273464,0.9039402146769551,12.561,1.947,100.0,healthy,0.0,1.0,scenario_rapid_throttle_transition,scenario_rapid_throttle_transition.csv,0,rapid_throttle_transition,0
1780420193.0,193.0,580.8618455606539,0.8618455606539421,580.7418455606539,0.0,9.287058633987343,9.404252408933244,18.511642643745336,2.0105828349544055,0.5359892903935721,18.511642643745336,0.40349995631293945,2805.6713834470447,813.0302447653338,108.7199242075477,78.48264199239493,2.910394859615467,12.686859169744352,0.9923164958955856,12.588,2.202,100.0,healthy,0.0,1.0,scenario_rapid_throttle_transition,scenario_rapid_throttle_transition.csv,0,rapid_throttle_transition,0
1780420193.25,193.25,580.0,0.0,579.88,0.0,9.321801210420839,9.473712107832943,20.51126048591069,1.9983617700309737,1.1978747717023868,20.51126048591069,0.40483827142357975,3022.269382508033,755.8059891439816,106.11840176782034,94.9339767981021,2.551045336662021,6.421801806815322,0.9385176122856702,12.501,2.353,100.0,healthy,0.0,1.0,scenario_rapid_throttle_transition,scenario_rapid_throttle_transition.csv,0,rapid_throttle_transition,0
1780420193.5,193.5,580.5873816461352,0.5873816461351873,580.4673816461352,0.0,9.415390913816942,9.481400650616036,21.253838073231353,2.2028178241917082,1.158475282712163,21.253838073231353,0.4015045030709999,3087.5535494825713,775.6601248850839,78.7230756175748,102.3613849694975,2.8834814468531316,12.77386611120394,1.003932043313578,12.506,2.296,100.0,healthy,0.0,1.0,scenario_rapid_throttle_transition,scenario_rapid_throttle_transition.csv,0,rapid_throttle_transition,0
1780420193.75,193.75,580.0,0.0,579.88,0.0,9.462868185905986,9.218491361328862,22.592436861514965,2.7806043235604494,1.3140304650933061,22.592436861514965,0.40516745976897556,2596.3170164657245,759.7789227382948,97.7869299316117,89.59728550746357,2.8970194848203037,10.681401248338336,0.9674481750298111,12.449,2.142,100.0,healthy,0.0,1.0,scenario_rapid_throttle_transition,scenario_rapid_throttle_transition.csv,0,rapid_throttle_transition,0
1780420194.0,194.0,580.0,0.0,579.88,0.0,9.514841966496862,9.916215845892161,30.28374565381171,1.691496455175237,0.8567499500319978,30.28374565381171,0.40210503278419807,4255.768835603358,790.127390868594,98.28845042723461,67.17104226300282,2.9780074595257413,11.326852015196211,0.75247518265723,12.517,2.144,100.0,healthy,0.0,1.0,scenario_rapid_throttle_transition,scenario_rapid_throttle_transition.csv,0,rapid_throttle_transition,0
1780420194.25,194.25,580.0,0.0,579.88,0.0,9.529243862518582,9.18939619706501,17.057317615078926,3.0347014581210328,1.8545628994975816,17.057317615078926,0.3994199841627252,3029.2455515924357,789.5563420933067,100.8648298756785,81.15523484754381,3.356839964523581,5.262711779363959,0.9913638103607288,12.507,2.191,100.0,healthy,0.0,1.0,scenario_rapid_throttle_transition,scenario_rapid_throttle_transition.csv,0,rapid_throttle_transition,0
1780420194.5,194.5,580.0887468036925,0.08874680369254904,579.9687468036925,0.0,9.56000259796515,9.859905678198981,25.600251005927966,2.825911220666611,1.1065841939752197,25.600251005927966,0.40125147772176023,2798.337685984191,764.9424780703205,115.52807108281202,99.99866333119807,2.7794408691397963,10.32753341929132,0.9769440028871877,12.465,2.226,100.0,healthy,0.0,1.0,scenario_rapid_throttle_transition,scenario_rapid_throttle_transition.csv,0,rapid_throttle_transition,0
1780420194.75,194.75,580.0,0.0,579.88,0.0,9.551260855885435,9.4033560032066,19.880592975370032,1.1905501905690306,1.9917665175107442,19.880592975370032,0.4020008198948329,3906.0816676913896,736.959299378507,64.63036227491236,90.84215772280508,2.7238171138893605,8.810309267026915,1.039396092026457,12.545,2.197,100.0,healthy,0.0,1.0,scenario_rapid_throttle_transition,scenario_rapid_throttle_transition.csv,0,rapid_throttle_transition,0
1780420195.0,195.0,581.028878362892,1.028878362891999,580.908878362892,0.0,9.556136030088222,9.84802866280898,22.770501683677708,2.4252230024677783,1.6072111317348405,22.770501683677708,0.40557348463948917,2978.289841867865,766.8397781166926,110.2570749780128,87.95574529855486,3.301991504032115,14.618311937053878,1.0970550352253827,12.533,2.183,100.0,healthy,0.0,1.0,scenario_rapid_throttle_transition,scenario_rapid_throttle_transition.csv,0,rapid_throttle_transition,0
1780420195.25,195.25,581.0074194910846,1.0074194910846113,580.8874194910846,0.0,9.593878872589524,9.496868505744592,19.8667426601856,1.67037114577043,1.9046219039897068,19.8667426601856,0.40334836566992804,2861.958620668778,786.3443007688381,80.75789472754302,85.8390066612204,2.78701565607387,6.321946861020741,0.9953566120703795,12.484,2.141,100.0,healthy,0.0,1.0,scenario_rapid_throttle_transition,scenario_rapid_throttle_transition.csv,0,rapid_throttle_transition,0
1780420195.5,195.5,581.6915608712686,1.6915608712686074,581.5715608712686,0.0,9.606507342490346,9.261952174917926,20.040889983851823,1.5791751665639657,1.4506903024538633,20.040889983851823,0.4012679285166293,3629.037662361697,824.9541520269281,80.93911842554895,58.71914815034435,3.24369135177906,7.811805666378547,0.9377222489515431,12.536,2.144,100.0,healthy,0.0,1.0,scenario_rapid_throttle_transition,scenario_rapid_throttle_transition.csv,0,rapid_throttle_transition,0
1780420195.75,195.75,580.0,0.0,579.88,0.0,9.673381930757962,9.834921157422928,20.88691358778126,2.7426269541099866,2.303822686596762,20.88691358778126,0.40386127357337653,4075.6878974804063,790.5140000908613,97.36883083724877,66.1253515479561,2.848444911505859,7.457550876744785,0.995203086494048,12.477,2.373,100.0,healthy,0.0,1.0,scenario_rapid_throttle_transition,scenario_rapid_throttle_transition.csv,0,rapid_throttle_transition,0
1780420196.0,196.0,580.0,0.0,579.88,0.0,9.68193755689059,9.790689821188568,30.785115477950388,3.7095191618198564,1.1603628504486592,30.785115477950388,0.4045882629294482,2778.087725008195,799.9098334904452,98.86637269651366,84.92817399171041,2.2633026796198106,10.346055647539357,1.057778340798991,12.388,2.133,100.0,healthy,0.0,1.0,scenario_rapid_throttle_transition,scenario_rapid_throttle_transition.csv,0,rapid_throttle_transition,0
1780420196.25,196.25,580.0,0.0,579.88,0.0,9.675500543292776,10.07146615077729,24.35496676070151,2.659079136202036,2.0692164684031904,24.35496676070151,0.4014732239074874,2716.659822683302,777.8552111655332,88.27322634511928,78.97394664815113,2.6821848958218455,10.679721201948583,0.899176493595556,12.409,2.11,100.0,healthy,0.0,1.0,scenario_rapid_throttle_transition,scenario_rapid_throttle_transition.csv,0,rapid_throttle_transition,0
1780420196.5,196.5,582.2829824721952,2.2829824721951573,582.1629824721952,0.0,9.756374860673304,9.726683945207919,26.58659765485804,2.090876146532092,2.154830956044147,26.58659765485804,0.40177193530076716,3304.088517662151,784.1737463509279,57.53754162238005,61.997703724254514,3.105225163723549,11.33149137477241,0.8210401748777552,12.482,2.429,100.0,healthy,0.0,1.0,scenario_rapid_throttle_transition,scenario_rapid_throttle_transition.csv,0,rapid_throttle_transition,0
1780420196.75,196.75,580.0,0.0,579.88,0.0,9.767057589532772,9.849971317683115,26.19250085674492,3.5054542671877944,1.8627414765555557,26.19250085674492,0.4035954737791241,2723.8618024504153,728.3188601701721,101.72584685521434,79.964003493657,3.1517614476414306,8.475127519158283,0.9644053317366366,12.534,2.402,100.0,healthy,0.0,1.0,scenario_rapid_throttle_transition,scenario_rapid_throttle_transition.csv,0,rapid_throttle_transition,0
1780420197.0,197.0,580.0,0.0,579.88,0.0,9.876227794617636,10.163593963880091,32.54646812332572,3.0335336552514267,2.870252773443462,32.54646812332572,0.40775793729294735,2588.4609804997917,748.4765344373377,127.66169489198941,69.64664648616322,3.0745943789728147,9.989710534588577,0.9060490507302161,12.378,2.152,100.0,healthy,0.0,1.0,scenario_rapid_throttle_transition,scenario_rapid_throttle_transition.csv,0,rapid_throttle_transition,0
1780420197.25,197.25,581.7857520243919,1.7857520243918508,581.6657520243918,0.0,9.87605948572655,10.286829545110532,21.503613801313023,2.561636485926192,1.448486560835751,21.503613801313023,0.4114407150272956,3936.0911278031435,732.5980285883963,72.23579405605899,97.56109167990053,2.9897880941567347,8.35560341723614,0.9557356465831809,12.38,2.243,100.0,healthy,0.0,1.0,scenario_rapid_throttle_transition,scenario_rapid_throttle_transition.csv,0,rapid_throttle_transition,0
1780420197.5,197.5,580.0,0.0,579.88,0.0,9.897975719707404,10.371345084845474,21.777873827174872,2.3147386993886983,1.4700322786962052,21.777873827174872,0.4076820546208642,3210.55084103164,800.1476218377337,86.10130286365234,72.59427450574007,2.9221620642764514,5.791573879903854,0.8997395309859457,12.432,2.316,100.0,healthy,0.0,1.0,scenario_rapid_throttle_transition,scenario_rapid_throttle_transition.csv,0,rapid_throttle_transition,0
1780420197.75,197.75,583.0046341508275,3.00463415082752,582.8846341508275,0.0,9.938393930554959,10.156161143140338,17.240053689242004,2.3816615559140395,1.1790979023254353,17.240053689242004,0.4110962715562952,3415.9604764718515,812.1477547435926,96.15841691998723,67.17328940343168,2.6458206887901663,10.992808694261921,0.7827218050455605,12.434,2.19,100.0,healthy,0.0,1.0,scenario_rapid_throttle_transition,scenario_rapid_throttle_transition.csv,0,rapid_throttle_transition,0
1780420198.0,198.0,581.5300034469813,1.5300034469812538,581.4100034469812,0.0,10.04282757634696,9.915673619972381,23.484953855127824,0.840393638360593,1.970516137441093,23.484953855127824,0.4091625377305812,3518.45667734197,766.5221727331951,82.3106108300613,61.16612836514993,2.766835981432524,9.515730378769371,0.9861533006015555,12.563,2.259,100.0,healthy,0.0,1.0,scenario_rapid_throttle_transition,scenario_rapid_throttle_transition.csv,0,rapid_throttle_transition,0
1780420198.25,198.25,580.0,0.0,579.88,0.0,10.03395197213136,9.654646909337567,22.959142712512246,0.585637299209917,2.090849209967361,22.959142712512246,0.40537319574194436,2576.627665178078,791.6019749455684,56.64907566257625,64.99271946982803,2.796762326799387,6.405757020069109,0.8154217392843179,12.48,2.149,100.0,healthy,0.0,1.0,scenario_rapid_throttle_transition,scenario_rapid_throttle_transition.csv,0,rapid_throttle_transition,0
1780420198.5,198.5,582.0398788204036,2.039878820403653,581.9198788204036,0.0,10.037323775875207,9.733493738196975,21.728246729241548,2.476673401720311,1.1296093982267519,21.728246729241548,0.4078304485905952,4200.987785470263,809.0003132940436,120.16583699959156,70.67386121752237,2.9371595120829874,10.271399740810327,0.9936618161670253,12.484,2.252,100.0,healthy,0.0,1.0,scenario_rapid_throttle_transition,scenario_rapid_throttle_transition.csv,0,rapid_throttle_transition,0
1780420198.75,198.75,580.0,0.0,579.88,0.0,10.137859680312006,9.707791153438318,20.66319171641397,0.04441563077457111,1.3871713232073426,20.66319171641397,0.4095631580311293,3677.340783112624,788.5121874797785,93.17718215266588,77.66975685120721,2.9359644917146013,9.975633274677662,0.9741652104736307,12.506,2.305,100.0,healthy,0.0,1.0,scenario_rapid_throttle_transition,scenario_rapid_throttle_transition.csv,0,rapid_throttle_transition,0
1780420199.0,199.0,580.0,0.0,579.88,0.0,10.149090203803443,10.624208740912735,21.505462681153094,0.9296172330816235,0.9549701282485472,21.505462681153094,0.41371750928734075,3019.995919966464,744.699390251862,72.05629259865239,60.83123069217403,2.8565196644225734,11.891670784723878,0.9913375491449778,12.572,2.267,100.0,healthy,0.0,1.0,scenario_rapid_throttle_transition,scenario_rapid_throttle_transition.csv,0,rapid_throttle_transition,0
1780420199.25,199.25,580.0,0.0,579.88,0.0,10.231226491878843,10.089503324351995,15.0686236222972,2.058153224161824,1.5630666589234974,15.0686236222972,0.41238307296425236,3436.865018194869,735.4783019161373,66.41877170517911,88.07663624462452,3.204322428875035,9.552599523205615,0.9200488679218563,12.457,2.094,100.0,healthy,0.0,1.0,scenario_rapid_throttle_transition,scenario_rapid_throttle_transition.csv,0,rapid_throttle_transition,0
1780420199.5,199.5,580.0,0.0,579.88,0.0,10.253443633301996,9.784553126580144,27.626442940076043,4.807240747929539,2.119903180420974,27.626442940076043,0.4089725497879282,3614.841491868014,747.0701293209564,87.14119129971766,54.948072242300626,2.3770307233510235,9.626125609045431,0.8150212241562679,12.534,2.002,100.0,healthy,0.0,1.0,scenario_rapid_throttle_transition,scenario_rapid_throttle_transition.csv,0,rapid_throttle_transition,0
1780420199.75,199.75,584.1474281101773,4.1474281101773,584.0274281101773,0.0,10.362372766634088,10.499356119797032,17.774916306975932,2.456093239058031,1.8842718363024749,17.774916306975932,0.4121305248615897,3599.387452206617,715.2440330720652,96.3041301197728,62.405028485141564,2.9902773395294586,9.639699135519356,0.848251636027579,12.482,2.24,100.0,healthy,0.0,1.0,scenario_rapid_throttle_transition,scenario_rapid_throttle_transition.csv,0,rapid_throttle_transition,0
1780420200.0,200.0,580.0,0.0,579.88,0.0,10.428346762113337,10.9030406862819,24.86388342147469,2.141573228442275,1.442532099447612,24.86388342147469,0.4146239489913108,3637.232060888726,805.424125101225,90.72746554389917,73.90608634265195,2.795017329624797,10.453575314164324,0.9237243423012521,12.477,2.077,100.0,healthy,0.0,1.0,scenario_rapid_throttle_transition,scenario_rapid_throttle_transition.csv,0,rapid_throttle_transition,0
1780420200.25,200.25,583.5785236081741,3.578523608174098,583.4585236081741,0.0,10.526472752065349,10.846079671727498,23.65345745272605,1.3201056645887967,1.9188655811071487,23.65345745272605,0.4140809025037859,3442.344112336418,811.8724511519385,126.11659431752739,98.25603088383869,3.2496660694869552,11.460526128625323,0.9616735792381549,12.481,2.243,100.0,healthy,0.0,1.0,scenario_rapid_throttle_transition,scenario_rapid_throttle_transition.csv,0,rapid_throttle_transition,0
1780420200.5,200.5,581.5061548352152,1.5061548352151446,581.3861548352152,0.0,10.525156925977672,11.020292625795289,19.892534592728268,0.516385302550401,2.2313493383819134,19.892534592728268,0.41262378700589053,2970.7069337340745,742.4867349411187,79.07033969804775,71.13614144312803,3.1264760108328473,10.984881243455593,0.9095250627943038,12.509,2.172,100.0,healthy,0.0,1.0,scenario_rapid_throttle_transition,scenario_rapid_throttle_transition.csv,0,rapid_throttle_transition,0
1780420200.75,200.75,580.7349375012619,0.734937501261956,580.6149375012619,0.0,10.536313835517456,10.348591231599126,23.5317050764414,1.29006067842528,1.6077535303772552,23.5317050764414,0.4114731069581102,3525.9477839758897,789.556574555428,75.96188135497982,97.09905285462293,2.4975966304816994,10.315643659701932,0.832756196566021,12.399,2.032,100.0,healthy,0.0,1.0,scenario_rapid_throttle_transition,scenario_rapid_throttle_transition.csv,0,rapid_throttle_transition,0
1780420201.0,201.0,580.0,0.0,579.88,0.0,10.593051343670075,10.583454544887283,21.69126416842224,2.6525045065437185,1.6883253026481173,21.69126416842224,0.40967959122700204,3447.230273768043,823.7815100205843,67.01095179637736,68.9883475340227,3.3299014082606595,9.977713638006087,1.0428634297435,12.426,2.3,100.0,healthy,0.0,1.0,scenario_rapid_throttle_transition,scenario_rapid_throttle_transition.csv,0,rapid_throttle_transition,0
1780420201.25,201.25,580.0,0.0,579.88,0.0,10.67059530748914,10.29298449038151,24.95464842683728,1.3967076502203017,1.4739616169498464,24.95464842683728,0.40983946656959314,3302.9221899624067,778.6953416696061,72.80996444654468,82.86904733278172,3.4373171525033928,11.202546917152812,0.954083609280026,12.483,2.312,100.0,healthy,0.0,1.0,scenario_rapid_throttle_transition,scenario_rapid_throttle_transition.csv,0,rapid_throttle_transition,0
1780420201.5,201.5,580.3979924597453,0.3979924597453449,580.2779924597453,0.0,10.724340580219936,10.491039262509872,29.64199979680714,0.5509637697783782,2.2403529759191514,29.64199979680714,0.4143118817611309,2655.4908770642173,761.5413922309605,59.4503440593292,42.65315953167317,2.8055574394956753,9.017277951255718,0.9187832255744514,12.437,2.242,100.0,healthy,0.0,1.0,scenario_rapid_throttle_transition,scenario_rapid_throttle_transition.csv,0,rapid_throttle_transition,0
1780420201.75,201.75,580.0,0.0,579.88,0.0,10.721704478453296,10.99881933262252,17.881985278080464,2.4957307673796434,2.5547264764316706,17.881985278080464,0.41265668780744436,3334.4635434442166,812.6501090835968,89.92631889544197,67.79190353431093,2.809691479177204,4.917636163552527,0.9710605200362407,12.52,2.282,100.0,healthy,0.0,1.0,scenario_rapid_throttle_transition,scenario_rapid_throttle_transition.csv,0,rapid_throttle_transition,0
1780420202.0,202.0,580.0,0.0,579.88,0.0,10.79013927665022,10.844227136221823,28.816828023134974,1.5478615369135869,1.5049728026216413,28.816828023134974,0.411298584886415,3157.987594646659,777.9588244949535,115.83195803573804,89.78718859448611,3.4117070311825195,12.79945270854258,0.8593340456365393,12.436,2.158,100.0,healthy,0.0,1.0,scenario_rapid_throttle_transition,scenario_rapid_throttle_transition.csv,0,rapid_throttle_transition,0
1780420202.25,202.25,580.3558578976384,0.35585789763839093,580.2358578976384,0.0,10.775642415083233,10.800189957291607,25.0758272030852,1.9670651659523684,2.0528811688459077,25.0758272030852,0.41457411382819787,3609.4851310535873,766.0320931585675,107.53792295332848,43.495564976597294,2.659893398309247,12.992200055720584,0.9765986072670776,12.522,2.21,100.0,healthy,0.0,1.0,scenario_rapid_throttle_transition,scenario_rapid_throttle_transition.csv,0,rapid_throttle_transition,0
1780420202.5,202.5,580.0,0.0,579.88,0.0,10.878270647759507,11.220244480185714,29.17108402644943,1.1193721566631551,2.5249310908979825,29.17108402644943,0.4169648376138894,3175.6950146919075,797.6291595671357,85.43176787691122,52.30132375293275,2.563331174347387,8.947059761195966,0.8821231244764816,12.496,2.308,100.0,healthy,0.0,1.0,scenario_rapid_throttle_transition,scenario_rapid_throttle_transition.csv,0,rapid_throttle_transition,0
1780420202.75,202.75,580.0,0.0,579.88,0.0,10.936421994276953,10.742792920968103,26.281878737292836,1.767569843753972,2.2456951878714717,26.281878737292836,0.4150726465311801,3230.437910094551,765.1428892495297,83.10775521832794,71.60077648101499,2.753161633256373,11.217575630738235,0.9478667278786879,12.491,2.089,100.0,healthy,0.0,1.0,scenario_rapid_throttle_transition,scenario_rapid_throttle_transition.csv,0,rapid_throttle_transition,0
1780420203.0,203.0,580.0,0.0,579.88,0.0,11.007603535848352,11.097407105434073,23.35274472058883,2.7132265539447147,2.8398028590457685,23.35274472058883,0.4116175265268205,2794.739978609649,775.575228343676,77.76070189070363,51.57368096893412,3.3713077924528747,10.437750313114408,0.9599209092700771,12.567,2.265,100.0,healthy,0.0,1.0,scenario_rapid_throttle_transition,scenario_rapid_throttle_transition.csv,0,rapid_throttle_transition,0
1780420203.25,203.25,581.0310310035393,1.031031003539286,580.9110310035393,0.0,11.094195729869037,10.671692878459844,21.655625919493755,1.1005539364472918,1.57326761028388,21.655625919493755,0.41262559284261446,3633.1347540529746,772.7866703574817,70.60037296331606,52.30931299288159,2.8103163108691476,10.493355272052618,0.978209326364452,12.486,2.255,100.0,healthy,0.0,1.0,scenario_rapid_throttle_transition,scenario_rapid_throttle_transition.csv,0,rapid_throttle_transition,0
1780420203.5,203.5,580.0,0.0,579.88,0.0,11.145299631416025,11.516359755792713,20.29745995788699,1.25654530553668,1.0169075342561378,20.29745995788699,0.4141262222665917,2984.296891966591,771.5735262029345,86.61221908705821,69.5045722194491,3.129164012136847,6.255054078099395,0.9705677827761529,12.396,2.274,100.0,healthy,0.0,1.0,scenario_rapid_throttle_transition,scenario_rapid_throttle_transition.csv,0,rapid_throttle_transition,0
1780420203.75,203.75,580.0061243304898,0.00612433048979374,579.8861243304898,0.0,11.19249272549828,11.438693176584147,16.776586556292905,1.912291725978776,2.412084968845105,16.776586556292905,0.41114926245532446,3045.2502872733353,721.4427428133542,69.64585576422563,65.77275496897533,3.3377765856815773,9.116779016447085,0.9847961043119281,12.441,2.254,100.0,healthy,0.0,1.0,scenario_rapid_throttle_transition,scenario_rapid_throttle_transition.csv,0,rapid_throttle_transition,0
1780420204.0,204.0,580.0,0.0,579.88,0.0,11.274499988934929,10.723415856229646,23.436472093012178,1.5929906451141553,2.114299454035736,23.436472093012178,0.414055776967704,2854.4085839977834,778.281640797053,91.45771578499341,48.034718648096494,3.0681620892419024,9.353299947439668,0.9340990000819316,12.488,2.083,100.0,healthy,0.0,1.0,scenario_rapid_throttle_transition,scenario_rapid_throttle_transition.csv,0,rapid_throttle_transition,0
1780420204.25,204.25,580.1654738334583,0.1654738334583243,580.0454738334583,0.0,11.25422572914542,10.851142223151154,25.189789760841645,1.170919938094909,1.515498271403348,25.189789760841645,0.41841834561555846,3618.7118241972275,747.0759049847479,102.61455555931398,85.89629315981774,2.8525666274680046,8.468095663078103,0.9798361290273309,12.376,2.308,100.0,healthy,0.0,1.0,scenario_rapid_throttle_transition,scenario_rapid_throttle_transition.csv,0,rapid_throttle_transition,0
1780420204.5,204.5,580.0,0.0,579.88,0.0,11.337103767380963,11.775214811883975,18.890007991676374,1.8735064730104667,1.8299716785546143,18.890007991676374,0.42263342985105173,3823.0150086161625,800.9889240898154,113.52441025463945,58.999690096180366,3.5137799311567037,6.251798904928627,0.9516327763277533,12.45,2.384,100.0,healthy,0.0,1.0,scenario_rapid_throttle_transition,scenario_rapid_throttle_transition.csv,0,rapid_throttle_transition,0
1780420204.75,204.75,580.0,0.0,579.88,0.0,11.389726326186537,11.913003249842681,27.946990427528796,1.556761769605794,2.0256354133540753,27.946990427528796,0.4191767289465406,3481.5076633466647,780.2460479941604,100.97151093547785,62.911196998991485,3.023048349154498,7.518426047515479,0.970840423132832,12.544,2.138,100.0,healthy,0.0,1.0,scenario_rapid_throttle_transition,scenario_rapid_throttle_transition.csv,0,rapid_throttle_transition,0
1780420205.0,205.0,580.0,0.0,579.88,0.0,11.382654094333875,11.449748461742695,20.24893945923653,1.4627857703580223,0.8509223268089363,20.24893945923653,0.4212922480367358,3346.941595485532,815.2777512670552,94.66217844601574,63.387010587431554,2.7422043927229383,6.046244275146642,0.9581337098041655,12.403,2.218,100.0,healthy,0.0,1.0,scenario_rapid_throttle_transition,scenario_rapid_throttle_transition.csv,0,rapid_throttle_transition,0
1780420205.25,205.25,580.0,0.0,579.88,0.0,11.36584006841217,11.457007507688175,20.708784234519193,0.7599542745197315,1.8122632249690283,20.708784234519193,0.4198121096819536,2765.1355131221894,740.3445781899277,107.5139569271335,53.48506057261549,2.877373989517684,12.7292380052257,0.8590047898125703,12.388,2.456,100.0,healthy,0.0,1.0,scenario_rapid_throttle_transition,scenario_rapid_throttle_transition.csv,0,rapid_throttle_transition,0
1780420205.5,205.5,580.0,0.0,579.88,0.0,11.360916042789336,11.304984826861952,20.73311959631718,1.8471481836252142,2.718800953902101,20.73311959631718,0.4223411512706846,3022.364977670355,723.7724091884818,75.43986722705438,53.53259271070526,3.1039249384273324,9.609412059531433,0.9332908625225724,12.469,2.326,100.0,healthy,0.0,1.0,scenario_rapid_throttle_transition,scenario_rapid_throttle_transition.csv,0,rapid_throttle_transition,0
1780420205.75,205.75,580.0,0.0,579.88,0.0,11.459994830380737,11.83066076656676,25.203267055945883,2.786827571777345,1.8014911123809434,25.203267055945883,0.4259067881866403,3187.3113207878623,790.5143251149278,95.96464608893159,50.945192427191316,2.572185378956693,11.591528381841625,0.8499773960232094,12.598,2.057,100.0,healthy,0.0,1.0,scenario_rapid_throttle_transition,scenario_rapid_throttle_transition.csv,0,rapid_throttle_transition,0
1780420206.0,206.0,581.683961704694,1.6839617046939794,581.563961704694,0.0,11.498622392041467,11.35296028805428,30.18599134375388,0.4526517709127843,1.435066706625385,30.18599134375388,0.4262203387621282,3153.430879119419,765.7361295916667,43.71554002880393,55.39356409555708,2.946224664461107,6.538337808262664,0.9567736585743994,12.463,2.295,100.0,healthy,0.0,1.0,scenario_rapid_throttle_transition,scenario_rapid_throttle_transition.csv,0,rapid_throttle_transition,0
1780420206.25,206.25,580.0,0.0,579.88,0.0,11.524025311499953,11.072054038345502,24.724834561245814,1.3352537326508764,1.9790165661512713,24.724834561245814,0.42500432673257055,3174.350084935336,775.6995773876456,74.90590647594298,55.84156054988641,2.7018579831331553,12.298201238509055,0.7873838040130137,12.499,2.293,100.0,healthy,0.0,1.0,scenario_rapid_throttle_transition,scenario_rapid_throttle_transition.csv,0,rapid_throttle_transition,0
1780420206.5,206.5,580.0,0.0,579.88,0.0,11.530754278343549,11.036472526878766,29.834054044853207,1.3743902222825926,2.370940642116662,29.834054044853207,0.4287209246280469,2810.932610410663,804.4441779569996,75.5063649969345,62.97872451743855,3.01388183179597,9.501763277721016,0.975383628117868,12.609,2.189,100.0,healthy,0.0,1.0,scenario_rapid_throttle_transition,scenario_rapid_throttle_transition.csv,0,rapid_throttle_transition,0
1780420206.75,206.75,580.0206616104732,0.020661610473254027,579.9006616104732,0.0,11.595023486849533,11.385886190256176,22.4885901975733,1.0902778776744615,1.8501139709652488,22.4885901975733,0.42779039333297814,3619.197126279302,767.6431944542472,99.42024905463838,67.738025623546,3.3241013449713006,7.82442375579161,0.8863217218531488,12.563,2.3,100.0,healthy,0.0,1.0,scenario_rapid_throttle_transition,scenario_rapid_throttle_transition.csv,0,rapid_throttle_transition,0
1780420207.0,207.0,580.0,0.0,579.88,0.0,11.619632107995704,12.091244408692143,24.640510060837403,1.2478162698899897,2.642225907689625,24.640510060837403,0.4306422644574195,3267.9805330051995,773.3627950856215,73.80638283624596,48.10230518886229,2.474111023869423,14.758639402039446,0.9167804324848705,12.496,2.416,100.0,healthy,0.0,1.0,scenario_rapid_throttle_transition,scenario_rapid_throttle_transition.csv,0,rapid_throttle_transition,0
1780420207.25,207.25,581.5084646040655,1.5084646040655167,581.3884646040655,0.0,11.710199453880954,11.136743902849577,24.41421599529441,1.4734304703851064,0.8104247752923703,24.41421599529441,0.43213141423234297,3773.4939886816205,732.8032557757133,91.00940915658485,66.04572110508036,3.9408416265357493,11.892999587130891,0.950842650689053,12.555,2.424,100.0,healthy,0.0,1.0,scenario_rapid_throttle_transition,scenario_rapid_throttle_transition.csv,0,rapid_throttle_transition,0
1780420207.5,207.5,581.0216886171506,1.0216886171505941,580.9016886171506,0.0,11.798189565384611,11.787687998354262,20.410712562942706,0.9686980124337745,1.1768652370386585,20.410712562942706,0.434057745162383,3009.4891804044964,788.1570989042643,56.588288765317444,68.42134793596549,2.433055755758857,13.32417958554872,0.9218669022745112,12.462,2.328,100.0,healthy,0.0,1.0,scenario_rapid_throttle_transition,scenario_rapid_throttle_transition.csv,0,rapid_throttle_transition,0
1780420207.75,207.75,580.0,0.0,579.88,0.0,11.783126303101215,11.409221546536617,23.781633285716428,1.7535760479453195,0.7559037833508373,23.781633285716428,0.4322676597404014,3745.233224810942,806.822399008074,110.2006792114133,68.4175734647902,3.3654588211746757,13.910630445415734,0.9413637893046799,12.445,2.409,100.0,healthy,0.0,1.0,scenario_rapid_throttle_transition,scenario_rapid_throttle_transition.csv,0,rapid_throttle_transition,0
1780420208.0,208.0,581.8155277137798,1.8155277137798085,581.6955277137798,0.0,11.786988036206795,12.021456215914586,25.091299068705503,0.7779968558424974,1.448568548886259,25.091299068705503,0.43477919625863376,2875.822658761682,792.1565992317263,89.55097785073743,60.735915971052215,3.3554817746867984,12.897709426533499,1.0344131098464042,12.494,2.238,100.0,healthy,0.0,1.0,scenario_rapid_throttle_transition,scenario_rapid_throttle_transition.csv,0,rapid_throttle_transition,0
1780420208.25,208.25,580.0,0.0,579.88,0.0,11.823301784804302,12.267305758072084,31.283792162753645,0.5788083558221307,2.4554516887621665,31.283792162753645,0.43120722124133215,2928.3175657508023,771.4225887532492,104.51884900643373,59.62687331753815,3.0661711311427946,9.666383421334064,1.1320058980517127,12.508,2.319,100.0,healthy,0.0,1.0,scenario_rapid_throttle_transition,scenario_rapid_throttle_transition.csv,0,rapid_throttle_transition,0
1780420208.5,208.5,581.5619634145182,1.5619634145182844,581.4419634145182,0.0,11.882890110367612,11.463884231984645,22.633438484186346,1.8148001769609463,1.5776708590891024,22.633438484186346,0.4316851165578169,2186.4290764936222,808.682702890042,73.04864372991746,70.54986659256369,3.539600766904143,11.700490067844207,0.9691802978271189,12.544,2.314,100.0,healthy,0.0,1.0,scenario_rapid_throttle_transition,scenario_rapid_throttle_transition.csv,0,rapid_throttle_transition,0
1780420208.75,208.75,581.5773785370932,1.5773785370932174,581.4573785370932,0.0,11.874668907249358,11.849416655871284,25.433040415177278,1.9457133413287977,1.1571071568476579,25.433040415177278,0.43390398464985863,3478.9686870841497,759.738903834066,62.5446426717577,89.1859955960667,3.0497470419156127,13.37221314028012,1.0740688646892258,12.526,2.343,100.0,healthy,0.0,1.0,scenario_rapid_throttle_transition,scenario_rapid_throttle_transition.csv,0,rapid_throttle_transition,0
1780420209.0,209.0,580.7599040718977,0.7599040718977077,580.6399040718977,0.0,11.92195360320309,12.224072297037146,22.538286611550195,0.7956103662698715,1.5739321970322058,22.538286611550195,0.4347398884727586,3547.051920307359,763.7788162888321,97.01522575502234,74.06012559206957,3.093723119411754,9.493523646993632,0.6995519000247271,12.446,2.299,100.0,healthy,0.0,1.0,scenario_rapid_throttle_transition,scenario_rapid_throttle_transition.csv,0,rapid_throttle_transition,0
1780420209.25,209.25,580.0,0.0,579.88,0.0,11.955536861400743,12.09290092936605,23.76532108944848,-0.2971709595042964,1.2420402619873618,23.76532108944848,0.4309558109134938,3781.6900146074086,811.4000030469289,60.377471686853255,81.64782764412018,3.0976930913574945,12.125438857240892,0.902735151775392,12.512,2.075,100.0,healthy,0.0,1.0,scenario_rapid_throttle_transition,scenario_rapid_throttle_transition.csv,0,rapid_throttle_transition,0
1780420209.5,209.5,580.0,0.0,579.88,0.0,12.028531379712973,12.198614959508676,22.39982708453645,1.0689112981495206,2.252333600215331,22.39982708453645,0.43221748233665735,3770.962824424284,809.6224661829543,75.33871916335443,84.10682225515336,2.937859570384389,10.349332060702833,0.9674738992520473,12.523,2.104,100.0,healthy,0.0,1.0,scenario_rapid_throttle_transition,scenario_rapid_throttle_transition.csv,0,rapid_throttle_transition,0
1780420209.75,209.75,580.0,0.0,579.88,0.0,12.04459379722779,12.171308726635706,20.781979982958262,1.7443155123389156,1.3288953023754677,20.781979982958262,0.4355820385608567,3635.843332562541,754.8817451603912,78.91896318921168,52.22247045340049,3.762699873697051,7.952995734155758,0.9310329173208245,12.451,2.178,100.0,healthy,0.0,1.0,scenario_rapid_throttle_transition,scenario_rapid_throttle_transition.csv,0,rapid_throttle_transition,0
1780420210.0,210.0,581.6180140324644,1.6180140324644503,581.4980140324644,0.0,12.037199345821932,12.52568192011652,23.57475276706255,1.5251275108234195,1.4755527449726733,23.57475276706255,0.4351234194150722,3107.6535568116637,780.5709648501469,57.807204697349086,61.123399329614315,3.014993385765823,11.90516740854586,0.9280104553467594,12.45,2.238,100.0,healthy,0.0,1.0,scenario_rapid_throttle_transition,scenario_rapid_throttle_transition.csv,0,rapid_throttle_transition,0
1780420210.25,210.25,582.1957318010467,2.1957318010467035,582.0757318010467,0.0,12.085005955789525,11.917612839601095,22.195506193665654,1.7180131740011715,2.7843732647472725,22.195506193665654,0.4375937410778565,3760.835226074284,760.868871547141,89.46001484883382,46.647433712898035,3.2428657627099167,10.70968941748382,0.7689255748875063,12.443,2.271,100.0,healthy,0.0,1.0,scenario_rapid_throttle_transition,scenario_rapid_throttle_transition.csv,0,rapid_throttle_transition,0
1780420210.5,210.5,580.0,0.0,579.88,0.0,12.139900722425903,11.83110269751492,20.176350800377264,0.3624969368548614,1.5735656958624118,20.176350800377264,0.43967603165590224,3784.3826780083637,818.5878637099892,99.94758935238579,50.32499515760329,3.1847771297124847,13.972344293901038,0.962240667712797,12.489,2.186,100.0,healthy,0.0,1.0,scenario_rapid_throttle_transition,scenario_rapid_throttle_transition.csv,0,rapid_throttle_transition,0
1780420210.75,210.75,581.288931322381,1.2889313223809857,581.168931322381,0.0,12.196511862017323,12.298454707365318,12.189406818129168,2.4555841491498676,1.4436125456973201,12.189406818129168,0.43641073787417806,3277.5149649955174,778.4265898454059,127.62794447572193,76.62106395713388,2.1559617585710855,11.641209916299372,0.938460124011427,12.474,2.419,100.0,healthy,0.0,1.0,scenario_rapid_throttle_transition,scenario_rapid_throttle_transition.csv,0,rapid_throttle_transition,0
1780420211.0,211.0,580.0,0.0,579.88,0.0,12.18518928971342,12.608228248005384,22.712268198422322,1.4324226243434857,2.0613737668333987,22.712268198422322,0.43387981832715206,2459.030788771611,813.7687157597073,65.78504537964196,54.661171162660246,2.898644583835889,10.923609264495804,0.9691126510202237,12.548,2.264,100.0,healthy,0.0,1.0,scenario_rapid_throttle_transition,scenario_rapid_throttle_transition.csv,0,rapid_throttle_transition,0
1780420211.25,211.25,582.0662444819229,2.0662444819229395,581.9462444819229,0.0,12.25448078192486,12.341018371697528,24.689798744800317,0.569014395205696,2.6251797959044043,24.689798744800317,0.4374117367402509,4187.280902056528,795.9854534303633,117.3928833670615,60.98352175489996,3.007079491688079,8.579554397426984,1.0332899194954486,12.479,2.42,100.0,healthy,0.0,1.0,scenario_rapid_throttle_transition,scenario_rapid_throttle_transition.csv,0,rapid_throttle_transition,0
1780420211.5,211.5,580.0,0.0,579.88,0.0,12.25717818720898,12.843895595845556,27.600548079147423,-0.6458106375861414,2.827146228615547,27.600548079147423,0.44000895574971793,3157.6677390924547,772.0422249514497,88.0549147807611,84.72980213142381,3.1299913025745325,8.894654164309403,0.7885646202462738,12.542,2.459,100.0,healthy,0.0,1.0,scenario_rapid_throttle_transition,scenario_rapid_throttle_transition.csv,0,rapid_throttle_transition,0
1780420211.75,211.75,580.678901727645,0.6789017276450026,580.558901727645,0.0,12.299970023883098,11.808422156582802,21.969375628037305,-0.3002605698046119,1.60992979101178,21.969375628037305,0.4374708493991851,3931.370383024133,788.6984961577022,91.37668660434593,63.541799806323255,3.1836200963635553,10.364066912580649,1.006516659741811,12.554,2.371,100.0,healthy,0.0,1.0,scenario_rapid_throttle_transition,scenario_rapid_throttle_transition.csv,0,rapid_throttle_transition,0
1780420212.0,212.0,580.0,0.0,579.88,0.0,12.37613757636248,12.374939753137548,23.567721600582793,0.6929349986690972,1.4766987787960515,23.567721600582793,0.43695615011098127,3073.959136532707,805.4364845117791,66.18678503608224,73.02850883129825,2.937387831649249,14.77306507935543,0.7955508694969063,12.422,2.217,100.0,healthy,0.0,1.0,scenario_rapid_throttle_transition,scenario_rapid_throttle_transition.csv,0,rapid_throttle_transition,0
1780420212.25,212.25,582.0171796769281,2.0171796769280963,581.8971796769281,0.0,12.432755300998306,12.395100245480801,24.773373303917648,0.5909061036527027,2.497207394106213,24.773373303917648,0.43861123872128877,3250.4956169094326,771.8857626218089,65.93401473150635,64.30561671651765,2.8137468350525805,9.349500078584587,1.01303814373968,12.601,2.332,100.0,healthy,0.0,1.0,scenario_rapid_throttle_transition,scenario_rapid_throttle_transition.csv,0,rapid_throttle_transition,0
1780420212.5,212.5,580.0,0.0,579.88,0.0,12.499632934671745,12.16033894361714,25.788456928600695,-1.1755728755616972,2.3894759656592246,25.788456928600695,0.4364928009929416,2800.3813767877436,794.9849988027066,69.73021977506836,69.60588880949423,2.7505160023366777,11.986348599468814,0.9089810477005235,12.613,2.231,100.0,healthy,0.0,1.0,scenario_rapid_throttle_transition,scenario_rapid_throttle_transition.csv,0,rapid_throttle_transition,0
1780420212.75,212.75,581.2681726596908,1.268172659690803,581.1481726596908,0.0,12.558011565645915,11.99298276300652,29.338371999360636,2.024688622258985,2.7150314277016623,29.338371999360636,0.4394669577756289,3526.7775345631835,739.7975887202181,63.46779783610356,81.84863237975564,2.279571610090813,7.770155774917278,1.040005825305832,12.587,2.409,100.0,healthy,0.0,1.0,scenario_rapid_throttle_transition,scenario_rapid_throttle_transition.csv,0,rapid_throttle_transition,0
1780420213.0,213.0,583.4249220397147,3.424922039714662,583.3049220397147,0.0,12.572685343294925,12.930080211128619,26.086835996082876,0.8392482424434596,2.8280652201762466,26.086835996082876,0.43902836488396935,3700.4430730074487,763.3857072147046,92.8416512794989,57.53390202118656,2.8830551798744724,12.74392041786885,0.9417488933570677,12.451,2.354,100.0,healthy,0.0,1.0,scenario_rapid_throttle_transition,scenario_rapid_throttle_transition.csv,0,rapid_throttle_transition,0
1780420213.25,213.25,581.1755296690626,1.1755296690625536,581.0555296690626,0.0,12.66173137854913,12.992025660289007,27.407133096142573,0.6633156645081348,1.6560021662306004,27.407133096142573,0.4425771092323078,3953.3147815902703,785.1622347019559,113.50839528402497,68.6497725632856,3.5254290281283773,11.213348819753932,0.9533481857924221,12.48,2.25,100.0,healthy,0.0,1.0,scenario_rapid_throttle_transition,scenario_rapid_throttle_transition.csv,0,rapid_throttle_transition,0
1780420213.5,213.5,581.8360008778375,1.8360008778374253,581.7160008778375,0.0,12.668826624507865,12.202982446692948,24.963229106722036,0.5756899521613233,2.332248164380366,24.963229106722036,0.4457906625166407,4297.038392558297,784.0995930385477,84.1233340679134,47.03805092901917,3.42878609836588,10.655399879137324,0.9791189845790479,12.412,2.242,100.0,healthy,0.0,1.0,scenario_rapid_throttle_transition,scenario_rapid_throttle_transition.csv,0,rapid_throttle_transition,0
1780420213.75,213.75,580.0,0.0,579.88,0.0,12.670253184670692,12.537236964548859,26.112853944578305,1.2818919695470163,2.0007069364766257,26.112853944578305,0.4432849958598349,3361.5398365739643,797.3284731577286,90.35914326926965,48.557225382584015,2.620829088879222,12.29929947053697,0.9706299912331778,12.435,2.282,100.0,healthy,0.0,1.0,scenario_rapid_throttle_transition,scenario_rapid_throttle_transition.csv,0,rapid_throttle_transition,0
1780420214.0,214.0,580.5431351717268,0.5431351717268399,580.4231351717268,0.0,12.769378821148875,13.158638936661175,24.230217089260204,0.2401154196176956,1.2915465425656412,24.230217089260204,0.44326169531579074,3862.9521265311087,772.4965015620991,60.10126241791047,49.590055812985185,3.044432016034965,6.633279649836661,0.8571128360225618,12.55,2.251,100.0,healthy,0.0,1.0,scenario_rapid_throttle_transition,scenario_rapid_throttle_transition.csv,0,rapid_throttle_transition,0
1780420214.25,214.25,580.0,0.0,579.88,0.0,12.797663729609505,13.116613903227497,29.035597207493634,0.0369200468218539,1.7379632627954842,29.035597207493634,0.44391456187352774,3762.958492814905,762.7040920340805,93.81923255592471,58.49324302089608,3.249254280297839,12.710534754908831,0.9473417400918563,12.459,2.241,100.0,healthy,0.0,1.0,scenario_rapid_throttle_transition,scenario_rapid_throttle_transition.csv,0,rapid_throttle_transition,0
1780420214.5,214.5,581.1102650155009,1.1102650155009364,580.9902650155009,0.0,12.779450136321614,13.286843976466168,27.46139644516892,0.4851747599615038,3.37822549953087,27.46139644516892,0.4416732567279694,3573.8502113954246,810.9883505081905,62.493024759468604,62.876786353249486,2.3846818839665493,11.340718681538343,0.857279746860174,12.465,2.41,100.0,healthy,0.0,1.0,scenario_rapid_throttle_transition,scenario_rapid_throttle_transition.csv,0,rapid_throttle_transition,0
1780420214.75,214.75,580.7866946761209,0.7866946761209213,580.6666946761209,0.0,12.84258358843067,13.384521720915107,22.833958621539356,0.8831498099148025,1.4907879939783177,22.833958621539356,0.4407947132001061,3658.4670119390635,747.8204091928585,91.51598015483214,52.49042068550622,3.35788915466215,5.215569714330911,0.9652802910808059,12.563,2.571,100.0,healthy,0.0,1.0,scenario_rapid_throttle_transition,scenario_rapid_throttle_transition.csv,0,rapid_throttle_transition,0
1780420215.0,215.0,580.0,0.0,579.88,0.0,12.910759449227928,12.330958351321778,22.16812115447206,-0.6169043242756211,1.6389197831987412,22.16812115447206,0.43810390471090627,3496.56663354208,787.8360609202916,86.0625517248524,76.46196708734927,3.3731201852062878,10.656462112952182,0.9648935941550043,12.483,2.188,100.0,healthy,0.0,1.0,scenario_rapid_throttle_transition,scenario_rapid_throttle_transition.csv,0,rapid_throttle_transition,0
1780420215.25,215.25,580.8861640207999,0.8861640207998874,580.7661640207999,0.0,12.895642865238212,12.595310885142311,18.51216567597718,-0.6486642960358493,2.6041339757605435,18.51216567597718,0.4406184008601855,3683.4244362932254,789.9114856090704,54.24131157044758,57.26950176634393,2.993355565733083,15.370595800874279,0.9008628265765366,12.554,2.475,100.0,healthy,0.0,1.0,scenario_rapid_throttle_transition,scenario_rapid_throttle_transition.csv,0,rapid_throttle_transition,0
1780420215.5,215.5,580.0436556924526,0.04365569245259002,579.9236556924526,0.0,12.926896799356195,12.610378992964094,28.597133292994883,0.9059912241601187,2.4279899656709665,28.597133292994883,0.4375992209361144,3411.6693697773508,786.6838774177968,67.80326936609428,90.73697577032704,3.185758263818848,13.0030100896467,0.8070576148182311,12.484,2.475,100.0,healthy,0.0,1.0,scenario_rapid_throttle_transition,scenario_rapid_throttle_transition.csv,0,rapid_throttle_transition,0
1780420215.75,215.75,580.0,0.0,579.88,0.0,12.97078201292234,13.425529628825723,16.242255023286642,-1.5266490778520985,2.3117144849217626,16.242255023286642,0.43624964967340985,3823.870400669385,809.9378810388793,89.77702693610168,89.63938641348577,2.948778761606306,9.368986469524051,0.9389463815171492,12.523,2.269,100.0,healthy,0.0,1.0,scenario_rapid_throttle_transition,scenario_rapid_throttle_transition.csv,0,rapid_throttle_transition,0
1780420216.0,216.0,580.6348349567639,0.6348349567639517,580.5148349567639,0.0,13.063173581718457,12.730450030161133,18.03600448561383,-0.5475977541947397,2.3471612261642973,18.03600448561383,0.43739649550171367,3641.819867172226,758.9442805357949,70.99455606022721,48.19952565403122,2.7272087266906313,6.5995852748048875,0.8344883322071117,12.436,2.261,100.0,healthy,0.0,1.0,scenario_rapid_throttle_transition,scenario_rapid_throttle_transition.csv,0,rapid_throttle_transition,0
1780420216.25,216.25,583.6803982209469,3.6803982209469788,583.5603982209469,0.0,13.161279523195555,13.114356373873742,26.518423098596315,-1.384314778827308,1.5929713598806297,26.518423098596315,0.4364232393910966,4444.675690989998,790.4508068049163,81.52296266994024,42.44398229528331,2.711636212574975,10.05373753432548,1.0873364927498002,12.498,2.328,100.0,healthy,0.0,1.0,scenario_rapid_throttle_transition,scenario_rapid_throttle_transition.csv,0,rapid_throttle_transition,0
1780420216.5,216.5,580.3448873071384,0.3448873071383319,580.2248873071384,0.0,13.181420550272682,13.096563079788071,32.33141839131267,-0.09365936752044615,1.4907831983697024,32.33141839131267,0.43750367617162045,3476.9208015254985,752.858870052756,78.31130783088066,65.71981057522362,3.2294763438261134,12.416460135330952,0.9643209642040358,12.459,2.269,100.0,healthy,0.0,1.0,scenario_rapid_throttle_transition,scenario_rapid_throttle_transition.csv,0,rapid_throttle_transition,0
1780420216.75,216.75,580.0,0.0,579.88,0.0,13.1738939470094,12.724917102594429,22.79130681576682,0.3871025994257716,1.5811786793805551,22.79130681576682,0.4416966201953328,3516.493496507687,786.685520631662,117.49387959778008,29.73012752196909,3.0784208407414613,8.347416322181294,0.8945412266112455,12.462,2.39,100.0,healthy,0.0,1.0,scenario_rapid_throttle_transition,scenario_rapid_throttle_transition.csv,0,rapid_throttle_transition,0
1780420217.0,217.0,582.8769644340947,2.8769644340947496,582.7569644340947,0.0,13.166041544973794,12.741532909642514,24.651190019821094,-1.1098558121666091,2.017452070534016,24.651190019821094,0.43874189267804414,3514.5201225831784,778.1641130754788,62.13987945776302,57.476714517715216,3.763456688476571,13.491325060208043,0.9793220773946639,12.592,2.195,100.0,healthy,0.0,1.0,scenario_rapid_throttle_transition,scenario_rapid_throttle_transition.csv,0,rapid_throttle_transition,0
1780420217.25,217.25,580.0,0.0,579.88,0.0,13.195244955443895,12.759715299506622,25.826969704255912,1.0387223742343064,1.914871581833227,25.826969704255912,0.44202389011204174,3957.8264603241487,774.593709882493,79.60346441361808,69.82658158902859,2.855543617495168,13.134464582015518,0.9638369801769724,12.362,2.506,100.0,healthy,0.0,1.0,scenario_rapid_throttle_transition,scenario_rapid_throttle_transition.csv,0,rapid_throttle_transition,0
1780420217.5,217.5,580.0,0.0,579.88,0.0,13.2537318760754,13.394862368265649,23.011191429025338,1.0514771148721467,1.8903176560402495,23.011191429025338,0.4393181021553233,3133.090939239296,759.4091040357595,88.79205863601163,52.12667478750032,3.44988485461509,11.487370904862937,0.9307254767231598,12.473,2.387,100.0,healthy,0.0,1.0,scenario_rapid_throttle_transition,scenario_rapid_throttle_transition.csv,0,rapid_throttle_transition,0
1780420217.75,217.75,581.2423479883616,1.2423479883616784,581.1223479883616,0.0,13.336755731717487,12.990908688069995,23.4542106667838,0.08789697454270604,3.696961742938458,23.4542106667838,0.4415762245705505,3025.912565047368,761.0711021052844,97.89604831332919,55.6877905649652,3.5345257906008394,7.023281006369858,1.0231228471379372,12.502,2.351,100.0,healthy,0.0,1.0,scenario_rapid_throttle_transition,scenario_rapid_throttle_transition.csv,0,rapid_throttle_transition,0
1780420218.0,218.0,580.0,0.0,579.88,0.0,13.389533178540582,12.884236971499105,20.58432384184008,-1.1335114837899751,1.8427222257920823,20.58432384184008,0.4387619905939881,3644.876657295095,790.6193451053649,72.3574469640069,63.17185545030532,3.5433821008935755,11.984179398900565,0.8975659235165586,12.391,2.171,100.0,healthy,0.0,1.0,scenario_rapid_throttle_transition,scenario_rapid_throttle_transition.csv,0,rapid_throttle_transition,0
1780420218.25,218.25,581.6220757394113,1.6220757394112995,581.5020757394113,0.0,13.395945927817024,13.608043202037447,26.62814250035312,0.17500136853832265,1.600571109893502,26.62814250035312,0.4430856063348486,3332.88300717386,774.7633343033649,82.53122522692378,65.3998157417427,3.2202211932802682,10.820616436275225,0.9464326874746927,12.422,2.402,100.0,healthy,0.0,1.0,scenario_rapid_throttle_transition,scenario_rapid_throttle_transition.csv,0,rapid_throttle_transition,0
1780420218.5,218.5,580.0,0.0,579.88,0.0,13.395982815534602,13.283190025469093,15.113948324260992,-0.31840168314869866,2.271051811163673,15.113948324260992,0.4421775334789729,3018.2725927182046,845.496815679314,68.37670642581753,65.93370273679884,3.409509725065297,8.863432011921025,0.9352708245209466,12.497,2.429,100.0,healthy,0.0,1.0,scenario_rapid_throttle_transition,scenario_rapid_throttle_transition.csv,0,rapid_throttle_transition,0
1780420218.75,218.75,580.0795017050509,0.07950170505087199,579.9595017050509,0.0,13.455921628004068,13.432775244155788,24.65654867630777,-0.6030737894649636,0.9138948763157766,24.65654867630777,0.4407161493641358,4178.866153353505,839.8085638362926,71.62580549586629,58.42206436678906,2.7073944821565235,10.72514262892497,0.8254674521986507,12.511,2.196,100.0,healthy,0.0,1.0,scenario_rapid_throttle_transition,scenario_rapid_throttle_transition.csv,0,rapid_throttle_transition,0
1780420219.0,219.0,580.0,0.0,579.88,0.0,13.481679838763139,13.886506974399957,28.78138275050017,-1.0053916935566214,0.6090309247728929,28.78138275050017,0.43918431996647717,3148.0762695630942,744.2218161164773,60.312545104065975,60.26642452380705,3.844417793342698,5.792443579950653,0.8538019313709723,12.507,2.179,100.0,healthy,0.0,1.0,scenario_rapid_throttle_transition,scenario_rapid_throttle_transition.csv,0,rapid_throttle_transition,0
1780420219.25,219.25,580.0,0.0,579.88,0.0,13.474113789895766,13.225084609702337,22.672304979952816,1.276443277698994,1.3791866055043707,22.672304979952816,0.4421773031832221,3360.781679419431,768.0654662720283,97.22646820450389,45.25360248597478,2.6266096977083113,5.818588184371788,0.9645625761910804,12.439,2.246,100.0,healthy,0.0,1.0,scenario_rapid_throttle_transition,scenario_rapid_throttle_transition.csv,0,rapid_throttle_transition,0
1780420219.5,219.5,582.6105105090342,2.61051050903412,582.4905105090342,0.0,13.543465938569415,13.448676248003018,26.209840127223828,0.14156589698975575,1.375791458971255,26.209840127223828,0.44131640820995854,3790.2642983739843,786.8426987956417,92.7524964183719,55.252622872170114,3.0045934533137744,13.034933474455563,1.1302261560121858,12.462,2.276,100.0,healthy,0.0,1.0,scenario_rapid_throttle_transition,scenario_rapid_throttle_transition.csv,0,rapid_throttle_transition,0
1780420219.75,219.75,582.1491400320608,2.149140032060865,582.0291400320608,0.0,13.58218555404353,13.29364171738888,26.318132070836697,1.8887621129607917,2.51410253205655,26.318132070836697,0.4425368275034851,4241.09061383337,714.1959321606234,81.26852836595249,65.56412999969805,2.593869148936449,9.286479301394067,1.040636708807343,12.512,2.355,100.0,healthy,0.0,1.0,scenario_rapid_throttle_transition,scenario_rapid_throttle_transition.csv,0,rapid_throttle_transition,0
1780420220.0,220.0,580.0,0.0,579.88,0.0,13.638341262762898,13.30855692215712,29.85304244947489,-0.47382000352248366,2.625226725506527,29.85304244947489,0.44723686005150154,3274.2364229598097,812.7256572506743,89.90450910297871,78.66085695498124,3.465550595068164,11.895752723484808,0.9543512228230723,12.422,2.131,100.0,healthy,0.0,1.0,scenario_rapid_throttle_transition,scenario_rapid_throttle_transition.csv,0,rapid_throttle_transition,0
1780420220.25,220.25,580.0,0.0,579.88,0.0,13.645578408429406,13.290181253753794,25.230822914662287,1.1642471378941814,1.8059746544456525,25.230822914662287,0.44530321881999946,3960.2083868234936,834.5724538581255,105.01021845242099,54.84591996785454,3.4342673422062724,9.574609350342422,0.9297755047133197,12.5,2.138,100.0,healthy,0.0,1.0,scenario_rapid_throttle_transition,scenario_rapid_throttle_transition.csv,0,rapid_throttle_transition,0
1780420220.5,220.5,580.0,0.0,579.88,0.0,13.751743592705475,14.149169020444607,26.703918360696967,0.34017966628175045,1.8890784932810663,26.703918360696967,0.4494923445889506,3856.444507501009,802.3762484158813,103.25826195008473,75.23804792521065,3.1251910745604876,7.965358994107776,1.0253807641551564,12.523,2.413,100.0,healthy,0.0,1.0,scenario_rapid_throttle_transition,scenario_rapid_throttle_transition.csv,0,rapid_throttle_transition,0
1780420220.75,220.75,584.3295082523402,4.3295082523402195,584.2095082523402,0.0,13.84593759852651,14.202213454161734,29.31536459874384,-1.7283846024651477,1.8021964697868058,29.31536459874384,0.4516194529161845,4429.5716045887575,730.091539773751,50.231458230156775,64.51371933839869,2.0467994406302172,11.507010702744045,1.0025004714821129,12.456,2.402,100.0,healthy,0.0,1.0,scenario_rapid_throttle_transition,scenario_rapid_throttle_transition.csv,0,rapid_throttle_transition,0
1780420221.0,221.0,580.0,0.0,579.88,0.0,13.91716523886707,13.536880368248497,30.26284037999349,-1.8619910009057778,3.6509490836246865,30.26284037999349,0.4509204715838124,3917.0535857393556,803.1461389715588,86.40038980733377,52.474717452727255,3.2387528905352205,13.408399795611464,0.9595507071723952,12.391,2.156,100.0,healthy,0.0,1.0,scenario_rapid_throttle_transition,scenario_rapid_throttle_transition.csv,0,rapid_throttle_transition,0
1780420221.25,221.25,581.4473988633634,1.4473988633634076,581.3273988633634,0.0,13.97213253947477,14.62824115054412,18.570825541810677,0.4781999155807941,1.5703014023927548,18.570825541810677,0.4503031834728752,3559.768640290505,785.8886970737682,86.70707192633013,59.40529159173604,3.0775084131650208,6.435161268825065,1.1281789538603526,12.497,2.294,100.0,healthy,0.0,1.0,scenario_rapid_throttle_transition,scenario_rapid_throttle_transition.csv,0,rapid_throttle_transition,0
1780420221.5,221.5,580.0,0.0,579.88,0.0,14.020156533991457,13.763681477888348,26.715398850985473,0.3306857782682997,3.031593193740222,26.715398850985473,0.4534227759423723,3354.262935609304,778.4611920212975,95.28030314854206,71.40598397828131,3.6017535319087797,10.4238236998934,0.879445677848465,12.569,2.28,100.0,healthy,0.0,1.0,scenario_rapid_throttle_transition,scenario_rapid_throttle_transition.csv,0,rapid_throttle_transition,0
1780420221.75,221.75,580.0,0.0,579.88,0.0,20.031815136170845,19.64797577445025,23.65344770486607,-0.9122471983024644,2.0349863395530323,23.65344770486607,0.8800169929867361,4676.734317138527,810.7398802322028,81.1578287938307,60.29099367888937,3.770638559636366,14.080588028149126,1.0361699606518968,12.427,3.42,100.0,healthy,0.0,1.0,scenario_rapid_throttle_transition,scenario_rapid_throttle_transition.csv,0,rapid_throttle_transition,0
1780420222.0,222.0,580.6317249001243,0.6317249001242469,580.5117249001242,0.0,20.046863132997878,19.410613701162095,32.4754731172741,-0.3235780149838629,1.2749451308697233,32.4754731172741,0.8843452177828546,4010.2212957319957,753.7537108724033,106.15449515202431,54.34111960147282,3.9221128840421065,13.064768110814162,1.049310995624759,12.517,3.42,100.0,healthy,0.0,1.0,scenario_rapid_throttle_transition,scenario_rapid_throttle_transition.csv,0,rapid_throttle_transition,0
1780420222.25,222.25,583.0457050572188,3.0457050572188216,582.9257050572188,0.0,20.090508926615396,20.59739634604106,22.75997681294075,-1.004513771035857,2.628880863872815,22.75997681294075,0.8872339294426157,4762.198671538384,765.4974233105746,77.10143736316905,67.88915455134799,3.5700381714409186,13.142324222400521,0.9522040909965742,12.538,3.475,100.0,healthy,0.0,1.0,scenario_rapid_throttle_transition,scenario_rapid_throttle_transition.csv,0,rapid_throttle_transition,0
1780420222.5,222.5,580.0,0.0,579.88,0.0,20.1465975168316,19.671706453345607,29.118376372221128,-0.6098979993485872,1.4142807361525744,29.118376372221128,0.886551012488228,4610.545452791591,836.525191485844,125.86374307577191,75.19671767940194,3.983359981583416,16.631647720130587,0.9274358485829686,12.395,3.428,100.0,healthy,0.0,1.0,scenario_rapid_throttle_transition,scenario_rapid_throttle_transition.csv,0,rapid_throttle_transition,0
1780420222.75,222.75,580.0,0.0,579.88,0.0,20.200039898389726,21.18912848416398,28.44964874973364,0.2035801030050547,3.208634069831424,28.44964874973364,0.8839501401207419,4611.159556300499,785.9389615965911,73.79123522775176,61.3523315009706,4.1911322289785655,18.639314705153907,1.1449944106612484,12.49,3.414,100.0,healthy,0.0,1.0,scenario_rapid_throttle_transition,scenario_rapid_throttle_transition.csv,0,rapid_throttle_transition,0
1780420223.0,223.0,581.0462449270707,1.0462449270707286,580.9262449270707,0.0,20.26972703009097,20.45371560271856,28.72551575104997,0.1139522546838152,1.544730596363159,28.72551575104997,0.8824449496039164,4928.111176578521,826.1679693819902,83.87125857385742,62.1077282992266,4.4418177071975995,21.710736470164942,1.058238985942835,12.408,3.407,100.0,healthy,0.0,1.0,scenario_rapid_throttle_transition,scenario_rapid_throttle_transition.csv,0,rapid_throttle_transition,0
1780420223.25,223.25,580.0,0.0,579.88,0.0,20.291831732495517,20.638870294934076,24.093793508997955,-0.48027042256246366,2.1565921232800105,24.093793508997955,0.8799153324216743,5767.508968541447,831.2100159908556,74.44273242041902,76.47897874208688,4.341206688984417,19.54039262449104,1.081779596669939,12.44,3.421,100.0,healthy,0.0,1.0,scenario_rapid_throttle_transition,scenario_rapid_throttle_transition.csv,0,rapid_throttle_transition,0
1780420223.5,223.5,580.2269561703217,0.2269561703217663,580.1069561703217,0.0,20.354210343141077,19.55419554151858,24.81968272297451,-1.9026991320204014,1.922910085540587,24.81968272297451,0.8846239516821078,4974.996498235252,815.2661085955637,100.21339198863865,70.82156304140074,4.855202884494404,18.529556001506954,0.9514884073708771,12.456,3.383,100.0,healthy,0.0,1.0,scenario_rapid_throttle_transition,scenario_rapid_throttle_transition.csv,0,rapid_throttle_transition,0
1780420223.75,223.75,580.0,0.0,579.88,0.0,20.364175763183386,20.694693572922667,30.841157082904047,-0.6962329602875514,2.4086904334172,30.841157082904047,0.8879449009508114,4409.489541312019,828.2631375246998,106.6920273137959,59.0452098481027,4.159947662339412,20.475395168957682,1.1354045702163305,12.307,3.435,100.0,healthy,0.0,1.0,scenario_rapid_throttle_transition,scenario_rapid_throttle_transition.csv,0,rapid_throttle_transition,0
1780420224.0,224.0,580.2028397419201,0.20283974192011003,580.0828397419201,0.0,20.36770794085066,19.709953340045857,28.637054759744316,-0.556773601512955,1.7498411379679686,28.637054759744316,0.8875777675029966,4939.633320928662,874.2990046308003,100.69873480680712,42.022866493570056,4.508792985341838,17.02513049354572,1.0379788618249752,12.373,3.422,100.0,healthy,0.0,1.0,scenario_rapid_throttle_transition,scenario_rapid_throttle_transition.csv,0,rapid_throttle_transition,0
1780420224.25,224.25,581.9444420090243,1.944442009024331,581.8244420090243,0.0,20.380233152705884,20.676195627794296,30.14820293388641,-1.8110293339374615,1.9367512974344727,30.14820293388641,0.8874165200389618,5046.314686138246,875.3822938305456,106.81333502377984,81.34989127455077,4.062190663072997,21.59274953960716,1.012605380861988,12.319,3.613,100.0,healthy,0.0,1.0,scenario_rapid_throttle_transition,scenario_rapid_throttle_transition.csv,0,rapid_throttle_transition,0
1780420224.5,224.5,582.5103147867846,2.51031478678463,582.3903147867846,0.0,20.435514985129487,21.36973299574572,26.337395547824507,-1.060666592399654,1.6733815284655176,26.337395547824507,0.8880867155280219,5420.2533927969225,893.8235960493612,87.12348903086898,73.06383649287424,5.085696706796566,22.564914311665085,0.9583150871368857,12.496,3.419,100.0,healthy,0.0,1.0,scenario_rapid_throttle_transition,scenario_rapid_throttle_transition.csv,0,rapid_throttle_transition,0
1780420224.75,224.75,582.0286967256162,2.02869672561616,581.9086967256162,0.0,20.52408522460847,20.634653371342424,22.686311696488488,0.9985291502462461,1.8772789248244832,22.686311696488488,0.8919879862748208,5554.03636865803,902.8541694424478,79.41655935441628,91.63809922108341,4.232288397713086,15.849980482099125,0.8685477955410766,12.426,3.428,100.0,healthy,0.0,1.0,scenario_rapid_throttle_transition,scenario_rapid_throttle_transition.csv,0,rapid_throttle_transition,0
1780420225.0,225.0,580.0,0.0,579.88,0.0,20.509683215145536,20.263406044943405,24.07640141189167,-2.8330121456049726,1.3218305200922003,24.07640141189167,0.8894895381556032,5034.250200674478,928.0424263033944,98.09503440898949,89.55092736777986,4.185584370364892,18.559617480957055,0.9289884952508463,12.355,3.334,100.0,healthy,0.0,1.0,scenario_rapid_throttle_transition,scenario_rapid_throttle_transition.csv,0,rapid_throttle_transition,0
1780420225.25,225.25,580.0,0.0,579.88,0.0,20.57769385930856,20.397350693014207,27.413479545131256,-0.6206442938204779,1.5677890248410506,27.413479545131256,0.888546451813345,5997.04129021294,855.9277842306766,95.15916058113088,52.8185473574153,4.766501017887816,19.83265539228798,0.9928666151530078,12.448,3.42,100.0,healthy,0.0,1.0,scenario_rapid_throttle_transition,scenario_rapid_throttle_transition.csv,0,rapid_throttle_transition,0
1780420225.5,225.5,580.520221252756,0.5202212527559043,580.400221252756,0.0,20.66923428976514,21.47492427749561,25.317442603918416,-1.5150169537411826,2.685915937765149,25.317442603918416,0.8903140624276251,5096.683280531924,895.5916925225605,99.28906467003895,59.0538540768846,4.802961893698356,21.236258831913354,1.0998070922276832,12.415,3.548,100.0,healthy,0.0,1.0,scenario_rapid_throttle_transition,scenario_rapid_throttle_transition.csv,0,rapid_throttle_transition,0
1780420225.75,225.75,580.0,0.0,579.88,0.0,20.669230331421904,20.647629847291928,24.438287418808237,-0.47135368066581007,2.69498917984315,24.438287418808237,0.8872742330362713,5051.400335741421,855.6185039111627,84.38018528356153,76.79867768775355,4.505793965349959,18.507586858443933,1.037448456870147,12.518,3.41,100.0,healthy,0.0,1.0,scenario_rapid_throttle_transition,scenario_rapid_throttle_transition.csv,0,rapid_throttle_transition,0
1780420226.0,226.0,580.0,0.0,579.88,0.0,20.654357178057516,21.64722224994589,31.31492713025438,-2.1915003775430586,2.31689013743443,31.31492713025438,0.890878853332513,5025.986185938293,894.6992006788233,101.7754743283672,68.52648886379552,4.3495421732333615,15.414379324576771,1.0300504444969651,12.396,3.493,100.0,healthy,0.0,1.0,scenario_rapid_throttle_transition,scenario_rapid_throttle_transition.csv,0,rapid_throttle_transition,0
1780420226.25,226.25,580.0,0.0,579.88,0.0,20.637293980168494,20.362080006902648,24.741312301791144,-1.3505190948691483,1.702775039091014,24.741312301791144,0.8889965645089002,6024.1416705981,919.3997888571506,132.341182991809,72.3708696851393,4.8649649842103155,22.568279760608817,1.0608928035566072,12.432,3.253,100.0,healthy,0.0,1.0,scenario_rapid_throttle_transition,scenario_rapid_throttle_transition.csv,0,rapid_throttle_transition,0
1780420226.5,226.5,581.3919204559869,1.3919204559869025,581.2719204559869,0.0,20.671204169389508,19.963286380931645,26.552290490537104,0.140244595505711,1.577085283973734,26.552290490537104,0.8921148134397475,5039.528985957264,851.0791262424309,112.86250863829085,79.62852188365024,4.6511092309420725,20.871016955726166,1.0983277366777617,12.451,3.288,100.0,healthy,0.0,1.0,scenario_rapid_throttle_transition,scenario_rapid_throttle_transition.csv,0,rapid_throttle_transition,0
1780420226.75,226.75,580.8192253908172,0.8192253908172101,580.6992253908172,0.0,20.73927069923858,20.93477895911882,18.582336900543254,-1.8761812818601116,1.516461760587655,18.582336900543254,0.8896642162134574,5583.420705261701,888.1022676950785,69.25229319857942,43.40058639996569,4.474507165937876,15.597338887992237,0.9159333867136665,12.41,3.365,100.0,healthy,0.0,1.0,scenario_rapid_throttle_transition,scenario_rapid_throttle_transition.csv,0,rapid_throttle_transition,0
1780420227.0,227.0,581.6645648698343,1.6645648698342437,581.5445648698343,0.0,20.73983482970136,20.666972447778274,32.40510022817099,-1.744931716770967,1.4929967410527862,32.40510022817099,0.8897202562008576,5563.3163967631735,877.0341781591179,95.7160223513473,85.76357320988052,5.136908859087715,18.58487728295084,1.0552603050995584,12.465,3.439,100.0,healthy,0.0,1.0,scenario_rapid_throttle_transition,scenario_rapid_throttle_transition.csv,0,rapid_throttle_transition,0
1780420227.25,227.25,582.7704294346405,2.770429434640526,582.6504294346405,0.0,20.811293427967527,21.433432257918057,29.317678754338083,-1.2128904231129496,1.5964835516649802,29.317678754338083,0.8866489608057475,5135.140357506032,850.8257973732668,98.82685626826661,58.86378445091021,4.488174253386763,18.281989795585503,0.9250557722371374,12.43,3.449,100.0,healthy,0.0,1.0,scenario_rapid_throttle_transition,scenario_rapid_throttle_transition.csv,0,rapid_throttle_transition,0
1780420227.5,227.5,581.6929828417691,1.6929828417690627,581.5729828417691,0.0,20.856754426334106,21.561507140647752,27.126355577764965,-1.803479631699128,2.4399192551848947,27.126355577764965,0.8903091600235439,5787.459334940219,920.5901118094328,125.16936349372388,78.50704188000093,4.823638362060447,21.315996238065136,0.8838671600718639,12.497,3.412,100.0,healthy,0.0,1.0,scenario_rapid_throttle_transition,scenario_rapid_throttle_transition.csv,0,rapid_throttle_transition,0
1780420227.75,227.75,580.0471762374771,0.047176237477111235,579.927176237477,0.0,20.889425515464808,19.902027923594677,26.482343090150035,-0.6529532151201569,1.737234768727645,26.482343090150035,0.888019960793511,5173.837758330592,871.9008389912397,119.09358752562474,89.70946772412171,4.878066123935449,17.097874518497644,1.0573637347049647,12.423,3.401,100.0,healthy,0.0,1.0,scenario_rapid_throttle_transition,scenario_rapid_throttle_transition.csv,0,rapid_throttle_transition,0
1780420228.0,228.0,580.581264027318,0.5812640273179308,580.461264027318,0.0,20.87309123634268,20.604954454967856,21.047455352741366,-1.512985241976779,1.9110453400778118,21.047455352741366,0.8912551959007045,5043.740936078916,949.0126658321495,116.4311891122488,56.06702274905727,4.797864912691699,21.084137621625118,1.0629947295711455,12.348,3.302,100.0,healthy,0.0,1.0,scenario_rapid_throttle_transition,scenario_rapid_throttle_transition.csv,0,rapid_throttle_transition,0
1780420228.25,228.25,580.0,0.0,579.88,0.0,20.895174992525444,20.45049182374331,23.49081952575888,-1.8700972184526152,1.6502308551856832,23.49081952575888,0.8956907371059221,4955.026226280206,885.553377566515,81.50562346956079,61.585978174594366,4.611306162334761,20.0619704464296,1.0742176322997574,12.343,3.415,100.0,healthy,0.0,1.0,scenario_rapid_throttle_transition,scenario_rapid_throttle_transition.csv,0,rapid_throttle_transition,0
1780420228.5,228.5,580.0,0.0,579.88,0.0,20.97995724657302,20.446254072883406,26.026226384208798,-1.2869144180169534,2.2055088887923175,26.026226384208798,0.8930935102588452,5214.935093680904,946.6990211811403,125.98456420331115,75.48185115045737,4.959521291947251,21.011417404962838,1.1359016813733078,12.466,3.355,100.0,healthy,0.0,1.0,scenario_rapid_throttle_transition,scenario_rapid_throttle_transition.csv,0,rapid_throttle_transition,0
1780420228.75,228.75,580.0,0.0,579.88,0.0,21.010530722867802,20.748583042018144,29.04954804223274,-1.8969190770729665,1.2442461004883356,29.04954804223274,0.8937878484039301,5725.419711659688,891.7432036971854,105.2874280800231,78.4580179043794,4.831884096199745,20.70076734344298,1.0988538375610946,12.505,3.476,100.0,healthy,0.0,1.0,scenario_rapid_throttle_transition,scenario_rapid_throttle_transition.csv,0,rapid_throttle_transition,0
1780420229.0,229.0,580.2183019631177,0.2183019631177639,580.0983019631177,0.0,20.99945606559964,21.89118191999302,18.8916804539179,-1.401793470955898,0.793460225556149,18.8916804539179,0.8952236441777908,5465.658654040245,938.4725934959098,124.62850793242652,60.37946466308199,4.199600927437724,17.811498726758295,1.1408105948832157,12.445,3.435,100.0,healthy,0.0,1.0,scenario_rapid_throttle_transition,scenario_rapid_throttle_transition.csv,0,rapid_throttle_transition,0
1780420229.25,229.25,583.2797663093,3.279766309300073,583.1597663093,0.0,21.033098328322197,21.029832358466837,30.345179799834977,-1.6349449734566792,2.8956937330858854,30.345179799834977,0.8925584043548689,5482.083653166472,919.0645824947734,103.74402326748944,58.85666901602208,4.486258265656088,23.555316907191827,1.0322022164651254,12.483,3.381,100.0,healthy,0.0,1.0,scenario_rapid_throttle_transition,scenario_rapid_throttle_transition.csv,0,rapid_throttle_transition,0
1780420229.5,229.5,580.0,0.0,579.88,0.0,21.11175547142832,21.469589546090777,30.661806110454915,-2.0321536221721987,2.0783610007432434,30.661806110454915,0.8922001531743086,5213.186775421916,910.6814909485961,110.9454092505169,80.78588782979061,5.088913258567617,21.81458654171314,0.9792308408825834,12.378,3.471,100.0,healthy,0.0,1.0,scenario_rapid_throttle_transition,scenario_rapid_throttle_transition.csv,0,rapid_throttle_transition,0
1780420229.75,229.75,580.0,0.0,579.88,0.0,21.181391699636787,22.202776180211035,27.566241121271965,-0.19000719279606626,2.299590852347227,27.566241121271965,0.8922449162394338,5610.273308204858,883.0806141849765,133.28752266340985,65.3665442624647,4.583533186498525,19.031641303724914,1.1585737829791503,12.392,3.49,100.0,healthy,0.0,1.0,scenario_rapid_throttle_transition,scenario_rapid_throttle_transition.csv,0,rapid_throttle_transition,0
1780420230.0,230.0,581.2584558054521,1.2584558054520179,581.138455805452,0.0,21.253262186416517,20.240042879138237,23.90989774267948,-2.2414350005873143,2.9667333831025875,23.90989774267948,0.8949693607174697,5439.291426047867,907.5374053187455,102.90785365048781,79.35784064627627,4.491383549593364,18.647299424345398,1.0013504143669798,12.453,3.369,100.0,healthy,0.0,1.0,scenario_rapid_throttle_transition,scenario_rapid_throttle_transition.csv,0,rapid_throttle_transition,0
1780420230.25,230.25,583.8374297652539,3.837429765253928,583.7174297652539,0.0,21.300466885463713,20.941663139454615,31.107733063887746,-2.5446000101653343,1.4358925860017744,31.107733063887746,0.8938286961834631,5534.0569293447925,926.9511217841,94.79372626571316,93.21918827152952,4.348559222357817,20.201728673720577,0.952134100463385,12.483,3.415,100.0,healthy,0.0,1.0,scenario_rapid_throttle_transition,scenario_rapid_throttle_transition.csv,0,rapid_throttle_transition,0
1780420230.5,230.5,580.0,0.0,579.88,0.0,21.285193591307696,21.984466641785154,22.469227139468927,-1.9607969706616135,1.7243248229126866,22.469227139468927,0.8971517734496173,5322.384095620466,907.5277728568809,112.01471806694532,70.85774611441084,4.77614783891385,19.171228161027628,1.0767267615844198,12.471,3.417,100.0,healthy,0.0,1.0,scenario_rapid_throttle_transition,scenario_rapid_throttle_transition.csv,0,rapid_throttle_transition,0
1780420230.75,230.75,581.908201999428,1.908201999428056,581.788201999428,0.0,21.28393664257292,21.562487174617946,27.9296103387689,-2.763623528031191,1.4368303553419413,27.9296103387689,0.8953583969437257,4975.142510466752,924.8209079102268,119.51528042380163,62.75948193389263,4.395317400549313,19.784019309085114,0.8896970362467396,12.439,3.505,100.0,healthy,0.0,1.0,scenario_rapid_throttle_transition,scenario_rapid_throttle_transition.csv,0,rapid_throttle_transition,0
1780420231.0,231.0,580.0,0.0,579.88,0.0,21.307734181385985,21.071944221757754,22.697894415811994,-2.353145866978423,1.681528704290089,22.697894415811994,0.8952188595778209,5493.57057021746,971.6376354957663,132.4771005733989,59.575065580512415,5.338396636092526,19.140407804042724,0.9562208834293758,12.442,3.332,100.0,healthy,0.0,1.0,scenario_rapid_throttle_transition,scenario_rapid_throttle_transition.csv,0,rapid_throttle_transition,0
1780420231.25,231.25,581.4562497140357,1.4562497140356818,581.3362497140357,0.0,21.40096229045244,22.309061789184458,30.02811741014522,-1.696614009651659,1.3564672028647382,30.02811741014522,0.8988025868952345,5652.146499571609,933.3781283432447,116.63397899975209,94.0727185650944,3.615567283046305,21.549029097489097,1.036368228069257,12.429,3.544,100.0,healthy,0.0,1.0,scenario_rapid_throttle_transition,scenario_rapid_throttle_transition.csv,0,rapid_throttle_transition,0
1780420231.5,231.5,580.345358547821,0.345358547821028,580.225358547821,0.0,21.466900406560562,22.093911077247782,30.04462329554709,-1.7711183924507157,1.7649128116619865,30.04462329554709,0.898993193013697,5344.957448230137,938.626347034508,125.10951694247895,75.17016380575348,4.58422534265084,18.25926744640838,1.1416570218689266,12.441,3.433,100.0,healthy,0.0,1.0,scenario_rapid_throttle_transition,scenario_rapid_throttle_transition.csv,0,rapid_throttle_transition,0
1780420231.75,231.75,580.0,0.0,579.88,0.0,21.50927566866691,20.800761609202738,26.508527151843317,-1.2599109488955818,0.9471780348878901,26.508527151843317,0.896414585999604,5517.3302517328475,919.6367524673726,102.663019416396,67.61133982890584,4.58048541297594,18.512752795713226,1.0847175972563914,12.408,3.206,100.0,healthy,0.0,1.0,scenario_rapid_throttle_transition,scenario_rapid_throttle_transition.csv,0,rapid_throttle_transition,0
1780420232.0,232.0,580.0,0.0,579.88,0.0,21.548863850481293,21.34899367834949,31.029988142905527,-3.3311775457031247,1.4180794664160001,31.029988142905527,0.897957486045747,5771.074828303668,930.2817824215035,108.0722410782281,87.74720457777045,5.279206664305557,23.369870031089636,0.9760811123862747,12.334,3.327,100.0,healthy,0.0,1.0,scenario_rapid_throttle_transition,scenario_rapid_throttle_transition.csv,0,rapid_throttle_transition,0
1780420232.25,232.25,580.0496004313577,0.04960043135774797,579.9296004313577,0.0,21.58669302125307,20.92384894432962,27.564327787575664,-0.9089712707031823,2.36263380959903,27.564327787575664,0.897258664556172,4864.593779219957,893.8172263145954,129.15442525620875,77.80810763188663,4.541535725733791,20.15731579850791,0.991891041334288,12.488,3.436,100.0,healthy,0.0,1.0,scenario_rapid_throttle_transition,scenario_rapid_throttle_transition.csv,0,rapid_throttle_transition,0
1780420232.5,232.5,581.1248881920915,1.1248881920914853,581.0048881920915,0.0,21.61231271743702,21.00415104419908,27.886199515271006,-0.6998992086611506,1.8986195506231434,27.886199515271006,0.8955830669995456,5504.997207173482,909.4516936749138,121.04096166564524,74.97416022112978,4.843599892254828,22.548049321398473,0.9723652606153123,12.4,3.488,100.0,healthy,0.0,1.0,scenario_rapid_throttle_transition,scenario_rapid_throttle_transition.csv,0,rapid_throttle_transition,0
1780420232.75,232.75,583.7302647877261,3.730264787726109,583.6102647877261,0.0,21.66072890196711,20.828585578047267,23.873835476993108,-0.4188524148028947,1.4730225993590007,23.873835476993108,0.8939283417266403,4934.439786245515,864.305502742621,121.72780360488821,63.09199997861022,4.828427212866456,23.046425510802045,0.9645597365140772,12.407,3.555,100.0,healthy,0.0,1.0,scenario_rapid_throttle_transition,scenario_rapid_throttle_transition.csv,0,rapid_throttle_transition,0
1780420233.0,233.0,580.4958771571676,0.4958771571675369,580.3758771571676,0.0,21.757840302836332,22.00698616601152,32.07717852384177,-2.09192705141959,1.781812763272113,32.07717852384177,0.8973342356447472,5444.011091369917,892.8923482826235,121.7864695696279,102.44951916672281,5.094736239031178,18.634878100194044,0.9482238697186034,12.444,3.338,100.0,healthy,0.0,1.0,scenario_rapid_throttle_transition,scenario_rapid_throttle_transition.csv,0,rapid_throttle_transition,0
1780420233.25,233.25,580.3344050998849,0.33440509988484984,580.2144050998849,0.0,21.830469533941432,22.50137411209758,23.572876445383766,-0.8076727234215724,1.1897924667560023,23.572876445383766,0.8942897131653547,5821.733308567011,830.9294699060865,116.88003497125787,73.8762613973352,4.576808350429505,19.804036395632526,1.1310669426744138,12.373,3.513,100.0,healthy,0.0,1.0,scenario_rapid_throttle_transition,scenario_rapid_throttle_transition.csv,0,rapid_throttle_transition,0
1780420233.5,233.5,580.3958992781419,0.3958992781418423,580.2758992781419,0.0,21.914643670565127,22.486800829910347,20.5371207297146,-3.044805434364665,1.5347837513313738,20.5371207297146,0.8959762321481054,4876.822015529956,936.2708516720496,132.3813123928668,54.56445662866717,4.293582821970152,17.031414497768512,0.9436632489641256,12.411,3.384,100.0,healthy,0.0,1.0,scenario_rapid_throttle_transition,scenario_rapid_throttle_transition.csv,0,rapid_throttle_transition,0
1780420233.75,233.75,580.0,0.0,579.88,0.0,21.951363182922265,22.946393192301592,28.6397279650664,-1.229927682597651,1.0406396838366179,28.6397279650664,0.8992476205670823,5344.20289019743,894.8045848241422,103.093158405098,88.10545571559241,4.976436247321214,19.482243641892573,1.162560392798589,12.446,3.418,100.0,healthy,0.0,1.0,scenario_rapid_throttle_transition,scenario_rapid_throttle_transition.csv,0,rapid_throttle_transition,0
1780420234.0,234.0,580.0,0.0,579.88,0.0,22.01551572690384,21.255982231387616,27.331435235678207,-1.6664043704058855,2.2955153432038022,27.331435235678207,0.9027311038570538,5499.365034704734,965.6253842408737,123.64109702316291,65.56001123605427,3.8750624861501315,18.36103137493131,1.1356319734056624,12.385,3.274,100.0,healthy,0.0,1.0,scenario_rapid_throttle_transition,scenario_rapid_throttle_transition.csv,0,rapid_throttle_transition,0
1780420234.25,234.25,580.0,0.0,579.88,0.0,22.001499941969954,22.045961725292134,21.603981277282017,-2.9791862163831127,0.409124162384191,21.603981277282017,0.9043857591453316,5806.78076127121,926.2320892850748,142.86270608484523,87.86125117059404,4.64123894924155,19.058395536050096,0.9858843379859183,12.392,3.354,100.0,healthy,0.0,1.0,scenario_rapid_throttle_transition,scenario_rapid_throttle_transition.csv,0,rapid_throttle_transition,0
1780420234.5,234.5,580.3254178628696,0.325417862869577,580.2054178628696,0.0,22.06919239372048,22.74138746847467,27.050044689969923,-2.686197020086384,1.3805712085666657,27.050044689969923,0.900946498684338,5381.130161575689,921.0179788529914,111.35610724623844,89.702744746648,4.170639199106119,15.237415891945556,1.11529001255819,12.377,3.463,100.0,healthy,0.0,1.0,scenario_rapid_throttle_transition,scenario_rapid_throttle_transition.csv,0,rapid_throttle_transition,0
1780420234.75,234.75,580.0,0.0,579.88,0.0,22.115458533857836,22.846626962618277,27.338231322333165,-1.8996732893425616,2.2593250436228436,27.338231322333165,0.8988662128466551,4883.309728013639,947.9839076154884,133.91385500318424,69.04579285563857,4.515623750655835,17.166000062348193,0.8967384106845201,12.491,3.332,100.0,healthy,0.0,1.0,scenario_rapid_throttle_transition,scenario_rapid_throttle_transition.csv,0,rapid_throttle_transition,0
1780420235.0,235.0,582.3722918083454,2.3722918083453735,582.2522918083454,0.0,22.119359542147485,21.61482017094079,19.004264762476833,-1.279265163574565,1.6640822039114094,19.004264762476833,0.9022837113885247,4914.806212182861,972.5817864065826,146.4777161710465,96.07296229059725,4.707702631285366,18.410755542624326,1.0937707793605453,12.369,3.485,100.0,healthy,0.0,1.0,scenario_rapid_throttle_transition,scenario_rapid_throttle_transition.csv,0,rapid_throttle_transition,0
1780420235.25,235.25,580.656043373554,0.656043373554009,580.536043373554,0.0,22.088566737195954,21.163528718390403,24.698545681691765,-0.5011721527302428,2.6054489914543044,24.698545681691765,0.9050166870623936,5184.2528094956315,903.14898097026,104.18735570575761,57.8091039726211,4.23304222555668,14.515895573837323,1.2160621982166253,12.451,3.591,100.0,healthy,0.0,1.0,scenario_rapid_throttle_transition,scenario_rapid_throttle_transition.csv,0,rapid_throttle_transition,0
1780420235.5,235.5,580.9336861038722,0.9336861038722073,580.8136861038722,0.0,22.16217884299563,21.9578237113823,25.43422712500386,-2.4089883791108493,1.4577207307904902,25.43422712500386,0.9081312019839892,6360.091037653169,930.3816865142628,118.54341680941849,83.04851010841318,4.581139281127979,19.95153921167199,1.0094962823130094,12.49,3.514,100.0,healthy,0.0,1.0,scenario_rapid_throttle_transition,scenario_rapid_throttle_transition.csv,0,rapid_throttle_transition,0
1780420235.75,235.75,582.0230665904155,2.023066590415472,581.9030665904155,0.0,22.18335107933632,22.070271638440918,30.110314173045545,-2.8128872074982647,1.6341024120897891,30.110314173045545,0.9079836642365038,5907.308874542634,947.6768364628258,145.20619620233336,82.14845936655279,4.926817114699391,23.287358780476264,1.041175788377001,12.459,3.548,100.0,healthy,0.0,1.0,scenario_rapid_throttle_transition,scenario_rapid_throttle_transition.csv,0,rapid_throttle_transition,0
1780420236.0,236.0,580.5083116307779,0.5083116307779015,580.3883116307779,0.0,22.237147229289562,22.382625693867844,21.556318274876364,-3.8342965834736322,2.9569700323360424,21.556318274876364,0.9112455084180872,5106.376876711827,906.0656166549059,116.2039093456914,78.63888660796614,5.0383668844665115,18.182930820313736,1.115411754931627,12.418,3.482,100.0,healthy,0.0,1.0,scenario_rapid_throttle_transition,scenario_rapid_throttle_transition.csv,0,rapid_throttle_transition,0
1780420236.25,236.25,580.0,0.0,579.88,0.0,22.290006297180426,23.216867965669362,29.292369971987977,-1.563709873868695,1.2040125242873672,29.292369971987977,0.9148634632900482,5334.280388468341,915.0159505902475,169.81747023484903,85.12074867918793,5.02135950795679,21.796995766441235,1.0550376350655908,12.38,3.552,100.0,healthy,0.0,1.0,scenario_rapid_throttle_transition,scenario_rapid_throttle_transition.csv,0,rapid_throttle_transition,0
1780420236.5,236.5,580.0,0.0,579.88,0.0,22.316372407813923,23.38654113090264,30.401302844248228,-1.8839180321276645,0.4404550033709844,30.401302844248228,0.9181441261812763,5804.300504360176,1009.3548901062,146.02757428375483,70.66355744671807,4.860323512598566,21.477532612479663,0.9915964908486934,12.476,3.233,100.0,healthy,0.0,1.0,scenario_rapid_throttle_transition,scenario_rapid_throttle_transition.csv,0,rapid_throttle_transition,0
1780420236.75,236.75,580.8863786306398,0.8863786306397852,580.7663786306398,0.0,22.310834453341368,21.8512680912032,34.543723495097055,-1.7761007141911365,2.105721285836079,34.543723495097055,0.9167813805617663,5119.505218992899,866.9095307217873,136.30742484193743,70.93000155400341,4.614135526666587,17.898620962991913,0.9618792143698008,12.514,3.541,100.0,healthy,0.0,1.0,scenario_rapid_throttle_transition,scenario_rapid_throttle_transition.csv,0,rapid_throttle_transition,0
1780420237.0,237.0,580.5107770831794,0.5107770831793669,580.3907770831794,0.0,22.320240057319573,22.350128618070656,22.238012998964987,-3.0733066848724513,1.3657360595840073,22.238012998964987,0.9160130918045387,5857.1907591798345,931.9269347728672,111.08977166112976,59.94436732571829,4.370349602077071,22.539322361831243,1.190059916820197,12.415,3.562,100.0,healthy,0.0,1.0,scenario_rapid_throttle_transition,scenario_rapid_throttle_transition.csv,0,rapid_throttle_transition,0
1780420237.25,237.25,580.0,0.0,579.88,0.0,22.405159785016384,22.92323099684997,26.515263663425472,-1.8566131185320058,2.059032868608952,26.515263663425472,0.9189244666644145,4947.582779444474,878.7649648031208,107.7082183605753,88.20431898207165,4.830272720597752,14.994186897070982,1.0069537628897773,12.397,3.452,100.0,healthy,0.0,1.0,scenario_rapid_throttle_transition,scenario_rapid_throttle_transition.csv,0,rapid_throttle_transition,0
1780420237.5,237.5,582.6051976782999,2.605197678299856,582.4851976782999,0.0,22.478008219204224,23.51147372368568,33.59911759461199,-2.175522085095984,1.5149541901795498,33.59911759461199,0.918015404740322,5803.417614092744,898.5340828145778,149.51304242843915,64.8915530513625,4.923469097481626,23.967567616919453,1.0253129192203787,12.438,3.36,100.0,healthy,0.0,1.0,scenario_rapid_throttle_transition,scenario_rapid_throttle_transition.csv,0,rapid_throttle_transition,0
1780420237.75,237.75,582.1174004616083,2.117400461608299,581.9974004616083,0.0,22.530472591889712,22.226505667580884,31.315618100066185,-3.5241565414015277,1.9575120302700286,31.315618100066185,0.9172429131973816,5111.661280148806,953.2911542387088,124.9670920128833,78.16738880200822,4.388660475007567,22.471987171804003,1.0111026815600672,12.488,3.495,100.0,healthy,0.0,1.0,scenario_rapid_throttle_transition,scenario_rapid_throttle_transition.csv,0,rapid_throttle_transition,0
1780420238.0,238.0,580.0,0.0,579.88,0.0,22.600914426628997,23.588707195690347,37.376453901255616,-2.5088980051728766,0.44279779688520804,37.376453901255616,0.9138195680367575,5690.727854134178,958.3171913203644,121.08085660558856,88.77864073797322,5.198055469150899,20.788237913607645,1.0256833375053669,12.379,3.507,100.0,healthy,0.0,1.0,scenario_rapid_throttle_transition,scenario_rapid_throttle_transition.csv,0,rapid_throttle_transition,0
1780420238.25,238.25,580.0,0.0,579.88,0.0,22.68020973334674,22.521359982640547,27.526836607896634,-1.3753055946823107,1.5442007745125539,27.526836607896634,0.9152565607357726,5577.82913410056,955.4802425866471,136.180191782463,76.60503881288375,4.996154786478077,18.081079962959876,1.0621569956703456,12.394,3.436,100.0,healthy,0.0,1.0,scenario_rapid_throttle_transition,scenario_rapid_throttle_transition.csv,0,rapid_throttle_transition,0
1780420238.5,238.5,580.0,0.0,579.88,0.0,22.64554625020262,22.867977343005276,24.255418799698763,-3.6003011278124584,-0.23705581196509007,24.255418799698763,0.9157766650934169,5915.069759926346,972.2476550759446,141.62776316407655,85.32279744528508,5.141599615486389,21.594544876655696,1.0180006778602289,12.37,3.476,100.0,healthy,0.0,1.0,scenario_rapid_throttle_transition,scenario_rapid_throttle_transition.csv,0,rapid_throttle_transition,0
1780420238.75,238.75,580.0,0.0,579.88,0.0,22.655515202806626,23.09793292625032,30.403425690324678,-3.299122466930141,1.135511359764422,30.403425690324678,0.9189790134956667,5660.345900848188,920.784628717479,105.91120294707906,70.5020111453108,4.36267273438377,20.464899822180328,1.1197288173151954,12.381,3.531,100.0,healthy,0.0,1.0,scenario_rapid_throttle_transition,scenario_rapid_throttle_transition.csv,0,rapid_throttle_transition,0
1780420239.0,239.0,580.0,0.0,579.88,0.0,22.73470767195204,21.74229469156311,17.056891024730078,-2.8947052229360484,1.603068682750077,17.056891024730078,0.9163263741942438,5128.101442910049,939.805397002391,136.89455677358214,103.25888902874622,4.665327218430574,20.548064408836105,0.9850907508826867,12.329,3.368,100.0,healthy,0.0,1.0,scenario_rapid_throttle_transition,scenario_rapid_throttle_transition.csv,0,rapid_throttle_transition,0
1780420239.25,239.25,580.0955608322164,0.0955608322163545,579.9755608322164,0.0,22.721024542890255,23.381133951187827,20.540108148514953,-2.93452835398604,2.01089015380827,20.540108148514953,0.9155777106424507,5470.812453209783,880.4635735869529,100.04992384276308,63.39329117015882,4.687453393356332,23.358316882565056,1.1588617188201975,12.351,3.459,100.0,healthy,0.0,1.0,scenario_rapid_throttle_transition,scenario_rapid_throttle_transition.csv,0,rapid_throttle_transition,0
1780420239.5,239.5,580.0,0.0,579.88,0.0,22.770874811185845,22.38804387600769,31.32953419254995,-3.49680847792295,0.5405821233549483,31.32953419254995,0.9118603431606395,5156.483110961583,879.6096648592979,109.18858284711322,97.61491693432028,5.062270046701821,18.749091824966605,1.1240072891757644,12.43,3.451,100.0,healthy,0.0,1.0,scenario_rapid_throttle_transition,scenario_rapid_throttle_transition.csv,0,rapid_throttle_transition,0
1780420239.75,239.75,580.0,0.0,579.88,0.0,22.76361107153554,22.048125480227117,29.792101342349476,-2.8690739897633635,1.4782470343665053,29.792101342349476,0.9156851189721744,5235.497294535793,922.9601249011084,93.56314325415306,82.73345405994213,4.910382708291541,18.509998799542366,1.019782378902399,12.428,3.735,100.0,healthy,0.0,1.0,scenario_rapid_throttle_transition,scenario_rapid_throttle_transition.csv,0,rapid_throttle_transition,0
1780420240.0,240.0,580.0,0.0,579.88,0.0,22.8277242925091,22.281521691242226,29.73792469162532,-3.1455375046618985,1.7494633823045909,29.73792469162532,0.9175006997771339,5860.602372885844,884.431028734875,133.8578939204163,76.07525979934321,5.089588528547864,19.944973581411105,1.1187021391826517,12.323,3.559,100.0,healthy,0.0,1.0,scenario_rapid_throttle_transition,scenario_rapid_throttle_transition.csv,0,rapid_throttle_transition,0
1780420240.25,240.25,581.7097816926093,1.709781692609309,581.5897816926093,0.0,22.912788066818578,23.339968303107163,24.278137582486952,-2.3393865807802117,2.1589544173266524,24.278137582486952,0.9195156098433919,6086.641488676216,953.4924072098136,165.86133757938396,58.80238682155124,5.263068706642788,23.511934853925165,1.2050498189103793,12.505,3.618,100.0,healthy,0.0,1.0,scenario_rapid_throttle_transition,scenario_rapid_throttle_transition.csv,0,rapid_throttle_transition,0
1780420240.5,240.5,580.0,0.0,579.88,0.0,22.89480638588828,22.86680232904658,27.680267900511744,-2.8933719342576305,1.7616652584170622,27.680267900511744,0.9231393451536211,5368.111004343165,899.1615820572796,153.13456907994723,87.08874057095092,3.8985731120984677,20.359888648831767,1.1318067255171713,12.34,3.518,100.0,healthy,0.0,1.0,scenario_rapid_throttle_transition,scenario_rapid_throttle_transition.csv,0,rapid_throttle_transition,0
1780420240.75,240.75,580.0,0.0,579.88,0.0,22.88313248818056,23.070721450422283,21.173565699624085,-2.837894366307113,1.2424707162991704,21.173565699624085,0.9240089546606928,5729.728647310267,910.1545329405741,109.94064069807123,59.11791152801699,4.3704834863172595,22.977089794622863,1.0945170453543775,12.423,3.538,100.0,healthy,0.0,1.0,scenario_rapid_throttle_transition,scenario_rapid_throttle_transition.csv,0,rapid_throttle_transition,0
1780420241.0,241.0,581.0363928645578,1.0363928645577802,580.9163928645578,0.0,22.886413636915403,22.831155836669115,22.55129819178904,-3.364659174999998,2.0465157510067007,22.55129819178904,0.926529042893744,5347.891910682991,948.1873161249777,113.95620457375082,87.7561037556582,4.651654139255525,22.022169758596338,1.0245824661351242,12.374,3.524,100.0,healthy,0.0,1.0,scenario_rapid_throttle_transition,scenario_rapid_throttle_transition.csv,0,rapid_throttle_transition,0
1780420241.25,241.25,580.3074668099584,0.3074668099584628,580.1874668099584,0.0,22.872851364230197,22.773658611660046,31.068105059503164,-1.273110829149796,0.8720906444706045,31.068105059503164,0.9289825614881727,5905.551224047024,946.6642563323198,125.61864131311805,95.76607751109479,4.31484603427481,20.468233420152497,1.004851192241416,12.333,3.361,100.0,healthy,0.0,1.0,scenario_rapid_throttle_transition,scenario_rapid_throttle_transition.csv,0,rapid_throttle_transition,0
1780420241.5,241.5,580.423939626265,0.4239396262650354,580.303939626265,0.0,22.929089647781144,22.581292629582705,26.12910114589701,-1.5150610104773423,0.01998131713227691,26.12910114589701,0.9254347208177488,5344.197796089069,927.5942892178437,128.24178734366703,78.32846135170634,4.474555111861766,21.386202506537064,1.141650062341907,12.447,3.425,100.0,healthy,0.0,1.0,scenario_rapid_throttle_transition,scenario_rapid_throttle_transition.csv,0,rapid_throttle_transition,0
1780420241.75,241.75,581.518493341795,1.518493341794936,581.398493341795,0.0,22.9641686948368,22.59189776057988,29.784216616963896,-3.2843417537543944,1.3519782905956763,29.784216616963896,0.9277210235124094,6129.377407618356,948.9662438895009,135.0102894617404,87.23513466233358,4.350751869320453,21.80169118501118,0.9504010213689205,12.381,3.66,100.0,healthy,0.0,1.0,scenario_rapid_throttle_transition,scenario_rapid_throttle_transition.csv,0,rapid_throttle_transition,0
1780420242.0,242.0,582.687703941019,2.6877039410190218,582.567703941019,0.0,23.013065462337586,23.957721309990525,34.8002306516604,-2.9972913955912484,2.2011744162392537,34.8002306516604,0.9287356507525358,5205.632934621848,957.4965676940328,160.02691685067305,80.350583948415,4.527432761841721,24.382772388356,0.9974272507159789,12.405,3.441,100.0,healthy,0.0,1.0,scenario_rapid_throttle_transition,scenario_rapid_throttle_transition.csv,0,rapid_throttle_transition,0
1780420242.25,242.25,582.2550151710178,2.255015171017793,582.1350151710178,0.0,23.098204391799438,23.983059797709046,33.101654518500304,-2.4575934777432096,2.6500025881059597,33.101654518500304,0.9254396754776288,5650.827232156268,932.6679525608921,126.41306900610888,89.29107991778966,4.439545810665419,21.59456738651676,1.1505910199523308,12.466,3.355,100.0,healthy,0.0,1.0,scenario_rapid_throttle_transition,scenario_rapid_throttle_transition.csv,0,rapid_throttle_transition,0
1780420242.5,242.5,580.0,0.0,579.88,0.0,23.085593194064202,23.142826750823914,34.93662410414153,-2.3635845190986866,0.7482862452205432,34.93662410414153,0.9283167090243714,5862.739235933133,927.7417386014214,141.59991705790605,87.39468619392773,4.461850755825522,19.102401490234143,1.0507752511538235,12.469,3.637,100.0,healthy,0.0,1.0,scenario_rapid_throttle_transition,scenario_rapid_throttle_transition.csv,0,rapid_throttle_transition,0
1780420242.75,242.75,580.0572872972205,0.057287297220511714,579.9372872972205,0.0,23.17092211639142,23.206406113101295,31.40882357334658,-2.9961072864790097,0.8520379347344322,31.40882357334658,0.9280422503788104,5482.883248344297,946.5168872448475,129.54219591238575,68.89138747210625,4.891014843823613,16.153059073653363,1.1067063639324848,12.422,3.46,100.0,healthy,0.0,1.0,scenario_rapid_throttle_transition,scenario_rapid_throttle_transition.csv,0,rapid_throttle_transition,0
1780420243.0,243.0,580.0969455491,0.09694554910003109,579.9769455491,0.0,23.175354599080944,22.348487166679142,28.649200509491052,-3.2447222865586474,1.4762823206408375,28.649200509491052,0.9267841279288707,5973.954908282456,918.5660884248018,134.12936313592212,78.70637230629355,4.161579496425006,20.108815508817656,1.0312006121650041,12.419,3.502,100.0,healthy,0.0,1.0,scenario_rapid_throttle_transition,scenario_rapid_throttle_transition.csv,0,rapid_throttle_transition,0
1780420243.25,243.25,580.3212942266993,0.3212942266992834,580.2012942266992,0.0,23.158450643939148,22.202219436419465,22.887256394272953,-2.264923874202538,1.1473510971908645,22.887256394272953,0.9257368905676475,5664.581565569582,944.6977394968509,137.63161128644572,85.52685928330737,4.9362134986207025,20.70123646474337,0.94739420793419,12.34,3.562,100.0,healthy,0.0,1.0,scenario_rapid_throttle_transition,scenario_rapid_throttle_transition.csv,0,rapid_throttle_transition,0
1780420243.5,243.5,580.3564861608359,0.3564861608358981,580.2364861608359,0.0,23.202748370331342,23.22810472245896,32.61814074318991,-4.203434786426126,0.69892423272909,32.61814074318991,0.9289979510862556,5211.765563013013,968.6161909276967,114.83250459041112,99.56783986109113,4.426205525304569,21.436146251499178,1.1605531885856553,12.35,3.317,100.0,healthy,0.0,1.0,scenario_rapid_throttle_transition,scenario_rapid_throttle_transition.csv,0,rapid_throttle_transition,0
1780420243.75,243.75,582.5009595531077,2.500959553107694,582.3809595531077,0.0,23.27644907180547,23.807858449468412,29.949887845061216,-1.6409627018316977,1.4201068435164845,29.949887845061216,0.9292583072204945,5750.426383639802,900.5226203433524,144.76503466164533,92.01562717769274,5.068067735333136,23.03817505818668,1.0980270432645658,12.489,3.458,100.0,healthy,0.0,1.0,scenario_rapid_throttle_transition,scenario_rapid_throttle_transition.csv,0,rapid_throttle_transition,0
1780420244.0,244.0,580.0,0.0,579.88,0.0,23.374421469000175,24.074258571474537,25.933633134284513,-4.4281038521736535,1.9885421234240155,25.933633134284513,0.9328389963137937,5826.632122094416,916.9446975518003,141.87701791246215,101.05693341574823,4.337303417807232,20.00668617028016,1.0266348766234876,12.368,3.485,100.0,healthy,0.0,1.0,scenario_rapid_throttle_transition,scenario_rapid_throttle_transition.csv,0,rapid_throttle_transition,0
1780420244.25,244.25,581.4577032581216,1.4577032581215932,581.3377032581216,0.0,23.380958397490765,23.355480695074707,26.277164839634818,-2.4948828724663747,1.7698024181471093,26.277164839634818,0.9328330699234255,5281.578389089372,948.1610605386197,153.33161449659377,83.9796705620258,4.519767898261993,17.120169493810216,0.9562655283476432,12.373,3.403,100.0,healthy,0.0,1.0,scenario_rapid_throttle_transition,scenario_rapid_throttle_transition.csv,0,rapid_throttle_transition,0
1780420244.5,244.5,580.0,0.0,579.88,0.0,23.387997188762952,22.640658219138768,23.655350850763014,-4.084382466156518,0.28610548412220105,23.655350850763014,0.9355218823742895,5634.815837880514,907.1500516856084,152.73428188868067,81.08611861159486,4.74223402703876,23.005010783146083,1.0884098449185542,12.454,3.608,100.0,healthy,0.0,1.0,scenario_rapid_throttle_transition,scenario_rapid_throttle_transition.csv,0,rapid_throttle_transition,0
1780420244.75,244.75,580.1935826065823,0.1935826065822383,580.0735826065822,0.0,23.392262410538915,22.987288003331674,19.334920092499075,-3.204533532585499,1.0146397900583224,19.334920092499075,0.932460399803902,5184.00756603566,936.9842095819326,134.22152902906808,87.63368095352004,5.466678154524436,18.65381011832804,1.0559236235080778,12.367,3.47,100.0,healthy,0.0,1.0,scenario_rapid_throttle_transition,scenario_rapid_throttle_transition.csv,0,rapid_throttle_transition,0
1780420245.0,245.0,580.0,0.0,579.88,0.0,23.40757304401256,24.304952636450736,27.11429882490562,-4.368302591102099,0.6430147229547394,27.11429882490562,0.9355189947464331,5957.26410697234,969.3864276667892,132.02919410734788,81.50207398782283,4.852683519342115,19.18759935930469,1.0772741931439316,12.486,3.353,100.0,healthy,0.0,1.0,scenario_rapid_throttle_transition,scenario_rapid_throttle_transition.csv,0,rapid_throttle_transition,0
1780420245.25,245.25,581.959106635785,1.9591066357850655,581.839106635785,0.0,23.457836658557266,23.209994685101687,30.14953123220196,-3.5034365800053804,1.5012564943337523,30.14953123220196,0.9381209296470842,4932.695833787675,893.4481260661207,131.22832837372667,82.32563641893184,4.952134322567093,21.151476076126308,0.911608218892209,12.511,3.617,100.0,healthy,0.0,1.0,scenario_rapid_throttle_transition,scenario_rapid_throttle_transition.csv,0,rapid_throttle_transition,0
1780420245.5,245.5,580.4563947154078,0.4563947154077943,580.3363947154078,0.0,23.56453949179559,22.54280093754517,27.041687728276106,-4.290757509711994,0.709971619898015,27.041687728276106,0.9394717536500944,5562.8985019068905,911.0620318899705,129.645082928141,97.93123068346986,5.191598540320312,19.905728240424263,1.1000025732498253,12.397,3.589,100.0,healthy,0.0,1.0,scenario_rapid_throttle_transition,scenario_rapid_throttle_transition.csv,0,rapid_throttle_transition,0
1780420245.75,245.75,581.6170750862648,1.6170750862648255,581.4970750862648,0.0,23.649913289902774,24.01354182861759,26.447001067080173,-2.958410798993724,1.0621237582541434,26.447001067080173,0.9419329377902054,6168.037323438668,945.2427687114069,133.84036796669167,68.43789173743122,4.513429348740001,21.063209406980185,0.9316664947740638,12.419,3.49,100.0,healthy,0.0,1.0,scenario_rapid_throttle_transition,scenario_rapid_throttle_transition.csv,0,rapid_throttle_transition,0
1780420246.0,246.0,580.1995800892121,0.1995800892121268,580.0795800892121,0.0,23.650778672016557,22.827228726050723,28.64601151714953,-2.957182657039121,1.2674711679170307,28.64601151714953,0.9419368124235592,5960.486704707143,930.957972376256,120.82671890936786,89.40636522521056,4.663097553195684,20.92183706635918,1.0822170749326412,12.446,3.495,100.0,healthy,0.0,1.0,scenario_rapid_throttle_transition,scenario_rapid_throttle_transition.csv,0,rapid_throttle_transition,0
1780420246.25,246.25,580.6906159699586,0.690615969958526,580.5706159699586,0.0,23.687155613705116,24.212230420535512,28.84567139605897,-3.2205572392292754,1.1071225360978898,28.84567139605897,0.9407659464453741,4968.193222666991,925.4483496750769,127.87832588400845,71.66991549244193,4.45061062864888,22.398557253319986,1.059038870879868,12.347,3.605,100.0,healthy,0.0,1.0,scenario_rapid_throttle_transition,scenario_rapid_throttle_transition.csv,0,rapid_throttle_transition,0
1780420246.5,246.5,580.0,0.0,579.88,0.0,23.778735735451974,24.159997370142158,32.24790384478498,-3.2557274536161156,0.523571477079404,32.24790384478498,0.9413431016035421,5606.962331673594,866.8366344467355,140.74530390222642,104.62095375023416,4.776708667658476,20.888512427235327,0.9612037444469508,12.451,3.618,100.0,healthy,0.0,1.0,scenario_rapid_throttle_transition,scenario_rapid_throttle_transition.csv,0,rapid_throttle_transition,0
1780420246.75,246.75,580.1217797775304,0.12177977753032568,580.0017797775304,0.0,23.84650096224078,24.995863776177444,33.95206423769732,-2.4331489533898005,1.317611745566165,33.95206423769732,0.9374469212911715,4900.154728076188,928.1452767082187,140.92893266497484,83.49144636332672,5.352781773970938,20.21160952289379,0.9349232511538528,12.447,3.61,100.0,healthy,0.0,1.0,scenario_rapid_throttle_transition,scenario_rapid_throttle_transition.csv,0,rapid_throttle_transition,0
1780420247.0,247.0,580.0,0.0,579.88,0.0,23.920852094665026,23.238194432064915,22.084843971094628,-2.371101927884814,0.2733080251850025,22.084843971094628,0.9341163110541073,5017.784759545627,907.4664109386424,102.63283531226782,112.68179011662869,4.670559111885929,17.275539072646943,1.1587362270452628,12.365,3.642,100.0,healthy,0.0,1.0,scenario_rapid_throttle_transition,scenario_rapid_throttle_transition.csv,0,rapid_throttle_transition,0
1780420247.25,247.25,583.1898806852339,3.1898806852339057,583.0698806852339,0.0,23.893416209307215,23.205315952518355,24.92225575129509,-3.2641377475084252,1.3763554967641847,24.92225575129509,0.934044722515224,5988.646338161078,990.0550056785773,159.6534168053924,95.86183768585512,4.9576957490210125,19.57545994551784,1.0721303358992287,12.541,3.575,100.0,healthy,0.0,1.0,scenario_rapid_throttle_transition,scenario_rapid_throttle_transition.csv,0,rapid_throttle_transition,0
1780420247.5,247.5,580.0,0.0,579.88,0.0,23.96279580175883,22.912071682409024,30.131692168215004,-1.9895903310276444,1.6071768305484386,30.131692168215004,0.9371509192245161,6750.39894991403,944.1719676879694,149.99685101334575,83.06200286666281,4.653069572340482,22.44243742514282,1.0486019552813746,12.296,3.362,100.0,healthy,0.0,1.0,scenario_rapid_throttle_transition,scenario_rapid_throttle_transition.csv,0,rapid_throttle_transition,0
1780420247.75,247.75,580.0,0.0,579.88,0.0,23.96351263506432,23.29693615671263,25.8642009882873,-1.9395814597157326,-0.009635990230820735,25.8642009882873,0.9331119565979731,5873.892042181835,946.3910703128415,143.6917950657708,72.9601649977352,4.204222047305132,20.467365783203782,1.0893690562567984,12.413,3.453,100.0,healthy,0.0,1.0,scenario_rapid_throttle_transition,scenario_rapid_throttle_transition.csv,0,rapid_throttle_transition,0
1780420248.0,248.0,580.0,0.0,579.88,0.0,23.954906195513207,23.817913520821833,29.556014705404277,-1.6887835750502738,0.7455731389337727,29.556014705404277,0.9312675762095793,4876.965699486024,890.5770955556595,116.76321573643939,97.05106427348937,5.174431333661243,19.759697424095023,0.9213006975074798,12.265,3.455,100.0,healthy,0.0,1.0,scenario_rapid_throttle_transition,scenario_rapid_throttle_transition.csv,0,rapid_throttle_transition,0
1780420248.25,248.25,580.0,0.0,579.88,0.0,23.96474255290068,22.859321812374354,29.622674649299125,-4.227984641435652,0.4618543343353345,29.622674649299125,0.9289986403482601,5834.16311511189,917.5502042874665,134.84339230789737,93.90824389184178,4.55321369223946,20.371655978737127,1.051980263384547,12.532,3.559,100.0,healthy,0.0,1.0,scenario_rapid_throttle_transition,scenario_rapid_throttle_transition.csv,0,rapid_throttle_transition,0
1780420248.5,248.5,580.2229097549408,0.22290975494078136,580.1029097549408,0.0,24.013845962703463,23.888400533753813,22.738082133829764,-3.210871124001858,1.1358856480295445,22.738082133829764,0.931918627445267,5855.272147566506,946.8082966905957,134.52785968642317,83.69049885530981,4.9735197126074455,23.622767722176576,0.942999328946979,12.433,3.479,100.0,healthy,0.0,1.0,scenario_rapid_throttle_transition,scenario_rapid_throttle_transition.csv,0,rapid_throttle_transition,0
1780420248.75,248.75,580.0,0.0,579.88,0.0,24.05116811093443,24.12499108907637,30.869167477904288,-2.7317042228602846,0.8700783913967807,30.869167477904288,0.9339289387268124,4456.016740516083,933.1853683274214,138.8326483394416,80.22104199828391,4.838219467228064,19.79690947718684,1.0502859487397096,12.417,3.618,100.0,healthy,0.0,1.0,scenario_rapid_throttle_transition,scenario_rapid_throttle_transition.csv,0,rapid_throttle_transition,0
1780420249.0,249.0,580.1141552470694,0.11415524706939967,579.9941552470694,0.0,24.053920366281915,22.922626115698403,29.61365405329217,-2.2921343374579743,0.3502865143069244,29.61365405329217,0.9365849726965622,5504.09355390695,924.6465991910521,123.98260342409338,86.18407191954645,4.374782374418906,20.833583794700537,0.984737299678462,12.427,3.588,100.0,healthy,0.0,1.0,scenario_rapid_throttle_transition,scenario_rapid_throttle_transition.csv,0,rapid_throttle_transition,0
1780420249.25,249.25,580.9468792193569,0.9468792193569389,580.8268792193569,0.0,24.062646716811535,24.12187912445199,32.996804375717716,-4.131139483210466,1.442289622377149,32.996804375717716,0.939628267776936,6105.234051014987,888.8548097300393,152.85515995480947,101.2127603464605,4.6028411527849435,21.33973212620695,1.1236230498178668,12.46,3.414,100.0,healthy,0.0,1.0,scenario_rapid_throttle_transition,scenario_rapid_throttle_transition.csv,0,rapid_throttle_transition,0
1780420249.5,249.5,580.8122854932642,0.8122854932641717,580.6922854932642,0.0,24.053609404359378,24.45418986486587,30.024065195459244,-4.391056811526752,1.4946876625556735,30.024065195459244,0.9392801029089973,5944.2177922055425,927.3382999385535,120.92641630279564,94.42998053581584,4.5656205003450125,24.016134774709965,1.0421221107503935,12.449,3.693,100.0,healthy,0.0,1.0,scenario_rapid_throttle_transition,scenario_rapid_throttle_transition.csv,0,rapid_throttle_transition,0
1780420249.75,249.75,585.1898111544488,5.189811154448763,585.0698111544488,0.0,24.109897655397877,23.06299484424063,28.44853895913268,-2.979575131779929,0.7664758313280469,28.44853895913268,0.9398849070880385,5613.539653441299,940.6493592560275,132.1084424811451,85.08916709283683,4.24136479258379,23.409998724950235,0.9491849491240034,12.426,3.521,100.0,healthy,0.0,1.0,scenario_rapid_throttle_transition,scenario_rapid_throttle_transition.csv,0,rapid_throttle_transition,0
1780420250.0,250.0,580.0,0.0,579.88,0.0,24.159607435370102,23.43159096220796,23.9872950908796,-4.472753878229906,0.14766104956436943,23.9872950908796,0.9406787269776248,5664.785110363043,909.5614615719355,150.18932811878582,69.47984382473244,5.08061964857982,20.506108377411177,0.846522320124419,12.382,3.59,100.0,healthy,0.0,1.0,scenario_rapid_throttle_transition,scenario_rapid_throttle_transition.csv,0,rapid_throttle_transition,0
1780420250.25,250.25,580.9229505139548,0.9229505139548027,580.8029505139548,0.0,24.183225583158436,23.753536920155668,28.70289709578387,-3.6045152461340413,0.7494034392626545,28.70289709578387,0.941013729746089,5182.54671598198,908.4589254211629,143.76571511989226,96.99014410980664,4.92021211418819,21.318235267782697,1.0628925296948046,12.456,3.702,100.0,healthy,0.0,1.0,scenario_rapid_throttle_transition,scenario_rapid_throttle_transition.csv,0,rapid_throttle_transition,0
1780420250.5,250.5,580.0,0.0,579.88,0.0,24.253286661238363,25.436956549583368,32.12909368532716,-4.692397523510023,0.9985090618799366,32.12909368532716,0.9446442721027459,5111.592706788038,911.0986807040641,183.73359731381063,68.38032406409528,4.737826885017037,21.638297676663715,0.9959618289945154,12.412,3.444,100.0,healthy,0.0,1.0,scenario_rapid_throttle_transition,scenario_rapid_throttle_transition.csv,0,rapid_throttle_transition,0
1780420250.75,250.75,581.9504805419571,1.9504805419570572,581.8304805419571,0.0,24.30516482725921,25.366116224795345,36.14589182252044,-2.6176069975794487,-0.13719582779312145,36.14589182252044,0.9468339177598882,5657.722769880774,937.4742587566349,141.5565366509448,97.05915037047662,4.86198012815325,21.28267197621435,1.0224389148555235,12.506,3.505,100.0,healthy,0.0,1.0,scenario_rapid_throttle_transition,scenario_rapid_throttle_transition.csv,0,rapid_throttle_transition,0
1780420251.0,251.0,580.0,0.0,579.88,0.0,24.373132562880503,24.936046467430053,26.989659136205184,-2.679354194566856,2.1645437995622405,26.989659136205184,0.9442037346392382,5564.199660521265,896.2126545287554,105.11881417722778,75.59808450834416,4.865964220978755,19.182148103180744,1.0625478377489972,12.406,3.784,100.0,healthy,0.0,1.0,scenario_rapid_throttle_transition,scenario_rapid_throttle_transition.csv,0,rapid_throttle_transition,0
1780420251.25,251.25,580.0,0.0,579.88,0.0,24.454310296497717,24.486456320083597,31.295951552334735,-2.9491818722711955,-0.027556133194430066,31.295951552334735,0.9440162532009462,5358.948785580796,975.6306696054351,97.9523413793681,114.20165599481226,4.496216602069993,21.165585790070743,1.0802101413010579,12.48,3.503,100.0,healthy,0.0,1.0,scenario_rapid_throttle_transition,scenario_rapid_throttle_transition.csv,0,rapid_throttle_transition,0
1780420251.5,251.5,580.0,0.0,579.88,0.0,24.49486396474255,25.332879222749792,32.85701739347556,-2.8488600086512856,1.5732376632818472,32.85701739347556,0.9433409496204271,5507.163518703097,933.9075530779465,150.14335241753875,110.67681167467596,4.794415409570624,22.25807351126007,0.9487853120323003,12.436,3.522,100.0,healthy,0.0,1.0,scenario_rapid_throttle_transition,scenario_rapid_throttle_transition.csv,0,rapid_throttle_transition,0
1780420251.75,251.75,581.9571582540256,1.9571582540255466,581.8371582540256,0.0,24.484457555672737,24.220281357831716,32.38420515048778,-4.531168564193285,1.1988386414781256,32.38420515048778,0.94442217418446,5465.65558991451,964.1473880181501,166.06468705234815,82.95368262316401,4.411688363365369,22.353776751968095,0.9335235136691808,12.492,3.509,100.0,healthy,0.0,1.0,scenario_rapid_throttle_transition,scenario_rapid_throttle_transition.csv,0,rapid_throttle_transition,0
1780420252.0,252.0,580.0,0.0,579.88,0.0,24.54774170734132,25.52863752232587,29.592773972792187,-3.8108515210521334,0.4729081941144004,29.592773972792187,0.9470526054144845,5683.04090037281,935.1787059662767,118.62061759796828,106.33951424167655,4.773431067213413,25.51894161588755,1.0601308794352433,12.397,3.523,100.0,healthy,0.0,1.0,scenario_rapid_throttle_transition,scenario_rapid_throttle_transition.csv,0,rapid_throttle_transition,0
1780420252.25,252.25,581.9498742684575,1.9498742684575343,581.8298742684575,0.0,24.596141934094078,25.54252146397422,31.049275422288037,-3.620830959622604,-0.15386533453368212,31.049275422288037,0.9482472842065344,6407.459232581498,919.4853632385987,150.26542194927086,113.41915041134631,5.281318759530064,17.786972578415096,0.9616373099166731,12.491,3.501,100.0,healthy,0.0,1.0,scenario_rapid_throttle_transition,scenario_rapid_throttle_transition.csv,0,rapid_throttle_transition,0
1780420252.5,252.5,582.647799722068,2.6477997220680036,582.527799722068,0.0,24.649862521536058,23.66931483968221,29.073579585960093,-2.7290161369740478,1.3196466523472832,29.073579585960093,0.9461187483978569,5347.048991797134,946.8884265273875,133.4379586737991,108.03261861236709,5.165201572088738,22.01852187149495,1.0280164016743276,12.532,3.461,100.0,healthy,0.0,1.0,scenario_rapid_throttle_transition,scenario_rapid_throttle_transition.csv,0,rapid_throttle_transition,0
1780420252.75,252.75,580.0,0.0,579.88,0.0,24.677880383228327,25.616464760669093,23.20839984947714,-3.963499860945256,0.37671864738387295,23.20839984947714,0.948546894764984,6114.143978541088,919.4877333190647,133.38983214390282,74.70596020302042,4.805043826929742,22.029705419737226,0.9841482213560774,12.447,3.63,100.0,healthy,0.0,1.0,scenario_rapid_throttle_transition,scenario_rapid_throttle_transition.csv,0,rapid_throttle_transition,0
1780420253.0,253.0,580.0,0.0,579.88,0.0,24.776796383244047,25.412788506368464,24.092991311136046,-2.471227274392728,0.903708880992376,24.092991311136046,0.9480441916042188,5587.163404154664,903.5054064299387,119.57718595709854,85.10588246323026,4.728482172762089,21.093190918844684,1.0222681088380565,12.375,3.575,100.0,healthy,0.0,1.0,scenario_rapid_throttle_transition,scenario_rapid_throttle_transition.csv,0,rapid_throttle_transition,0
1780420253.25,253.25,580.312349262902,0.3123492629020278,580.192349262902,0.0,24.8715846889357,25.011596226875792,31.735110994034205,-4.2272053287375275,1.9217976115974182,31.735110994034205,0.9503055641715528,5037.284454183284,964.0182071899455,116.22957478849918,97.97274435431734,4.959321429422083,20.784932945331224,0.8721165564486191,12.458,3.626,100.0,healthy,0.0,1.0,scenario_rapid_throttle_transition,scenario_rapid_throttle_transition.csv,0,rapid_throttle_transition,0
1780420253.5,253.5,581.9108420650958,1.9108420650958289,581.7908420650958,0.0,24.844433446642878,24.320593958105864,29.32958188839737,-2.597103390983855,0.875187377578297,29.32958188839737,0.9525395180119042,6031.520164123453,985.4778159007541,133.46154679845887,101.7678777837072,4.925018489025653,22.605928289290585,1.0977068437955282,12.432,3.552,100.0,healthy,0.0,1.0,scenario_rapid_throttle_transition,scenario_rapid_throttle_transition.csv,0,rapid_throttle_transition,0
1780420253.75,253.75,580.0,0.0,579.88,0.0,24.878179105397557,25.449097902078933,19.256280169914987,-2.9766077592967104,-0.37246119284905316,19.256280169914987,0.9540311483795557,5676.451939001562,972.8746244800809,120.94070230647291,92.35783600171415,4.656201171924986,21.581382567761597,1.1402967671508797,12.458,3.502,100.0,healthy,0.0,1.0,scenario_rapid_throttle_transition,scenario_rapid_throttle_transition.csv,0,rapid_throttle_transition,0
1780420254.0,254.0,580.0,0.0,579.88,0.0,24.865788899291204,24.979960214246585,21.942024349962818,-4.245496295935279,-0.5602729915274074,21.942024349962818,0.9538023214650636,5877.373777090629,944.8281127162655,79.58526923474548,87.19707916646743,4.974487951180854,17.62129626730177,0.9109256750861321,12.379,3.61,100.0,healthy,0.0,1.0,scenario_rapid_throttle_transition,scenario_rapid_throttle_transition.csv,0,rapid_throttle_transition,0
1780420254.25,254.25,581.2979357137286,1.2979357137286311,581.1779357137286,0.0,24.89345999625249,25.29152286064421,28.653936755778478,-2.379470428158473,0.7367240315342687,28.653936755778478,0.9570248519873478,5314.500816627524,912.8586424595975,123.68774916293879,102.74243857136989,4.697516620377061,19.99617164941942,1.1980397331087185,12.473,3.681,100.0,healthy,0.0,1.0,scenario_rapid_throttle_transition,scenario_rapid_throttle_transition.csv,0,rapid_throttle_transition,0
1780420254.5,254.5,582.6241273632817,2.6241273632817017,582.5041273632817,0.0,24.956025876976472,25.41213731809,29.619417604757068,-3.69259507447211,0.6463205228680045,29.619417604757068,0.9579953101370083,6181.036504205818,950.057230021945,120.18722440607478,93.41024566076581,4.7334532485365965,19.760502267275385,1.0157185631993495,12.456,3.428,100.0,healthy,0.0,1.0,scenario_rapid_throttle_transition,scenario_rapid_throttle_transition.csv,0,rapid_throttle_transition,0
1780420254.75,254.75,580.0433040874394,0.04330408743942837,579.9233040874394,0.0,24.959849404505714,25.194765000111342,27.69044110837511,-3.1788255270509804,0.5572467080959402,27.69044110837511,0.9596053409381881,5449.699958574582,924.146766835066,153.12771674206093,90.23195167956632,4.678957952676924,20.133827093956437,1.0357464532200797,12.395,3.53,100.0,healthy,0.0,1.0,scenario_rapid_throttle_transition,scenario_rapid_throttle_transition.csv,0,rapid_throttle_transition,0
1780420255.0,255.0,582.5172053460994,2.517205346099479,582.3972053460994,0.0,25.0052969138725,24.99905421049667,27.491715458524112,-4.269054429122379,-0.20540681469660538,27.491715458524112,0.9557477308777031,5392.276398765863,927.1106551966795,132.19411162367064,103.66318102499324,4.379133708022785,24.991846518962877,1.0706165047005864,12.448,3.588,100.0,healthy,0.0,1.0,scenario_rapid_throttle_transition,scenario_rapid_throttle_transition.csv,0,rapid_throttle_transition,0
1780420255.25,255.25,580.9615683643307,0.9615683643306496,580.8415683643307,0.0,25.023761089500525,25.727578132237856,27.826314383585437,-2.8449071896268205,-0.12516948614392776,27.826314383585437,0.9574879837738113,5684.697208416033,912.4614857740124,144.51156438498472,92.51687742710432,4.546798406088673,24.11615368376652,0.9758923493434644,12.424,3.571,100.0,healthy,0.0,1.0,scenario_rapid_throttle_transition,scenario_rapid_throttle_transition.csv,0,rapid_throttle_transition,0
1780420255.5,255.5,580.0,0.0,579.88,0.0,25.109399264271357,24.692588464454833,30.38288701143134,-2.373637229825318,0.9320202611244125,30.38288701143134,0.9538455040983279,5122.155213962682,971.7910294014491,158.61211322240683,76.79786911876293,4.971691477386284,20.727219170929832,0.9320708742339933,12.398,3.73,100.0,healthy,0.0,1.0,scenario_rapid_throttle_transition,scenario_rapid_throttle_transition.csv,0,rapid_throttle_transition,0
1780420255.75,255.75,580.2475655274364,0.2475655274364989,580.1275655274364,0.0,25.10744539334901,25.769802169624466,25.07173974814609,-2.0724213811414067,-0.27851410827202133,25.07173974814609,0.9549013237970285,5820.7258396835,942.4868484902507,146.99390261444785,83.46732477228308,5.655343340284189,22.547415757707434,0.9598358228661926,12.383,3.522,100.0,healthy,0.0,1.0,scenario_rapid_throttle_transition,scenario_rapid_throttle_transition.csv,0,rapid_throttle_transition,0
1780420256.0,256.0,580.2587361778182,0.25873617781812785,580.1387361778181,0.0,25.110805201148867,25.764923954726427,30.005820779550476,-3.173893386440914,0.17078974070571898,30.005820779550476,0.9513357341560921,5564.9598130035065,923.6718595273608,104.59791542130156,116.38833073978317,4.017996825435475,21.708122804363903,0.9457435856241037,12.42,3.459,100.0,healthy,0.0,1.0,scenario_rapid_throttle_transition,scenario_rapid_throttle_transition.csv,0,rapid_throttle_transition,0
1780420256.25,256.25,580.2307081060189,0.2307081060189321,580.1107081060189,0.0,25.181133020577956,25.04544541226369,36.297199126416785,-4.286395076255875,0.6783133546531039,36.297199126416785,0.9504461399003663,5686.025343820192,950.2222943099821,136.6958287551789,97.86106092040268,4.693302128300969,17.436131833222305,0.9320446942739469,12.472,3.572,100.0,healthy,0.0,1.0,scenario_rapid_throttle_transition,scenario_rapid_throttle_transition.csv,0,rapid_throttle_transition,0
1780420256.5,256.5,580.0,0.0,579.88,0.0,25.18313458634265,24.79460724909333,29.537611205320683,-1.6242393505822086,-0.12773254704179998,29.537611205320683,0.9486064742410201,5665.575412651715,925.6457345938461,132.44254806986743,64.67360052213645,5.212777251757888,22.674951710121004,1.058205476079515,12.395,3.572,100.0,healthy,0.0,1.0,scenario_rapid_throttle_transition,scenario_rapid_throttle_transition.csv,0,rapid_throttle_transition,0
1780420256.75,256.75,580.0,0.0,579.88,0.0,25.28527776265206,24.93641470796681,20.96916084779931,-4.206267903224417,-0.06962349564089482,20.96916084779931,0.9492874629660644,5475.346035681004,918.3491700834903,124.72652748995027,91.20636526769617,5.222786762319939,21.343485805040117,1.0784698042152563,12.423,3.328,100.0,healthy,0.0,1.0,scenario_rapid_throttle_transition,scenario_rapid_throttle_transition.csv,0,rapid_throttle_transition,0
1780420257.0,257.0,580.0,0.0,579.88,0.0,25.34632038512998,24.46975294729243,35.40666559346957,-1.3959989468245362,1.3715517858344923,35.40666559346957,0.9458954998375979,5286.044648030453,945.6819396937708,120.31146647968593,106.10640647837114,4.727910535631121,22.787722121064913,1.0940584194888363,12.369,3.582,100.0,healthy,0.0,1.0,scenario_rapid_throttle_transition,scenario_rapid_throttle_transition.csv,0,rapid_throttle_transition,0
1780420257.25,257.25,582.0689400993149,2.068940099314941,581.9489400993149,0.0,25.4415929606632,26.05794479004451,27.69377873627646,-2.8934435856901746,-0.1937186122424691,27.69377873627646,0.9483403051832036,5042.279173200045,919.681310892598,115.30719373038539,94.85487679200564,4.6969931824357225,18.178322870915384,1.09205136913432,12.409,3.573,100.0,healthy,0.0,1.0,scenario_rapid_throttle_transition,scenario_rapid_throttle_transition.csv,0,rapid_throttle_transition,0
1780420257.5,257.5,581.2940861842249,1.2940861842248306,581.1740861842248,0.0,25.48143600429949,24.836597622226233,26.808088257269066,-2.362670467791131,-0.2289477646645059,26.808088257269066,0.9516698892100659,5417.63157919715,947.0840514937421,155.22216315760775,99.08725907591896,4.718680776390024,18.57525899542996,1.18464446200472,12.433,3.562,100.0,healthy,0.0,1.0,scenario_rapid_throttle_transition,scenario_rapid_throttle_transition.csv,0,rapid_throttle_transition,0
1780420257.75,257.75,580.2197543019921,0.21975430199210472,580.0997543019921,0.0,25.54964452430102,26.477665880437183,37.1753412587169,-1.9818909190366236,-0.7917643924370644,37.1753412587169,0.952691641165967,5519.5997296013265,941.2481244128217,165.09317346244407,85.91972076783878,4.824203102671967,20.60708347217701,0.9993226468724085,12.44,3.422,100.0,healthy,0.0,1.0,scenario_rapid_throttle_transition,scenario_rapid_throttle_transition.csv,0,rapid_throttle_transition,0
1780420258.0,258.0,580.0,0.0,579.88,0.0,25.606005758102143,24.995693683643363,24.341225580293816,-2.3855719060828293,1.5010601422806586,24.341225580293816,0.9529142841911823,5236.427690415456,954.6055146298355,128.98726896506395,119.38444932717445,4.99560066808469,20.051234580482053,1.0692853024584366,12.462,3.613,100.0,healthy,0.0,1.0,scenario_rapid_throttle_transition,scenario_rapid_throttle_transition.csv,0,rapid_throttle_transition,0
1780420258.25,258.25,580.0,0.0,579.88,0.0,25.582923713749555,25.827896632345954,27.91428278811094,-2.868157042263918,-0.8885648796146518,27.91428278811094,0.9519332756491966,6084.3004470927035,920.3428279108978,130.32561486888733,88.6033666116706,4.430635076722701,25.125073804970047,1.0523401595084103,12.454,3.668,100.0,healthy,0.0,1.0,scenario_rapid_throttle_transition,scenario_rapid_throttle_transition.csv,0,rapid_throttle_transition,0
1780420258.5,258.5,581.3023636550911,1.3023636550911286,581.1823636550911,0.0,25.636335995001737,24.51069797583981,25.379581359921946,-2.953680469665507,0.8678571207560972,25.379581359921946,0.9521991431523223,6063.7279794403075,903.8759976737906,145.23336935708835,77.87334703467873,4.4413647003319685,23.09511128505394,0.9938710806232981,12.419,3.534,100.0,healthy,0.0,1.0,scenario_rapid_throttle_transition,scenario_rapid_throttle_transition.csv,0,rapid_throttle_transition,0
1780420258.75,258.75,580.7765729248762,0.7765729248762177,580.6565729248762,0.0,25.642034948958383,25.046625914956078,27.16704866190347,-3.986211548267552,-0.4203833011024786,27.16704866190347,0.9522983370810592,5499.587630246383,921.5874457276235,140.75341721111124,90.78067427669717,4.893850300019837,24.802955528998773,1.109799728481873,12.499,3.474,100.0,healthy,0.0,1.0,scenario_rapid_throttle_transition,scenario_rapid_throttle_transition.csv,0,rapid_throttle_transition,0
1780420259.0,259.0,580.0,0.0,579.88,0.0,25.68859448662429,26.82840117472354,34.068521870993706,-3.6888153944103377,-0.7204738320685911,34.068521870993706,0.953783580132436,5757.659071018286,953.0825529742492,130.4487571267013,90.8739334573656,5.776094079254421,20.80320322717431,0.9895427867630424,12.363,3.465,100.0,healthy,0.0,1.0,scenario_rapid_throttle_transition,scenario_rapid_throttle_transition.csv,0,rapid_throttle_transition,0
1780420259.25,259.25,580.0,0.0,579.88,0.0,25.732713054326968,25.562801291313395,28.05091011272485,-2.775253205078871,0.05383714846140075,28.05091011272485,0.9503899475559547,5550.1450931338195,950.6631521324231,133.054640280715,110.01473544341364,5.248183871365701,23.36768106765961,1.045802814017344,12.504,3.721,100.0,healthy,0.0,1.0,scenario_rapid_throttle_transition,scenario_rapid_throttle_transition.csv,0,rapid_throttle_transition,0
1780420259.5,259.5,580.9534483740325,0.9534483740325642,580.8334483740325,0.0,25.78270892861153,25.23808501117098,34.618307791965734,-2.5414780399630863,-0.6387562156273346,34.618307791965734,0.9509869599660458,5357.276049342339,904.8745536096455,144.36253159000196,79.88166264493397,4.793434848721827,21.983625283757917,1.098580383840738,12.403,3.36,100.0,healthy,0.0,1.0,scenario_rapid_throttle_transition,scenario_rapid_throttle_transition.csv,0,rapid_throttle_transition,0
1780420259.75,259.75,581.2141826220271,1.2141826220270997,581.0941826220271,0.0,25.832868634693607,26.77926758187324,30.689431993805087,-2.1586358834833934,-0.5835859449285603,30.689431993805087,0.952709306645873,5299.274417306787,964.1726135699362,148.61574665630215,107.21507781796318,4.94213061715556,18.515063477000822,1.1042272348062283,12.341,3.482,100.0,healthy,0.0,1.0,scenario_rapid_throttle_transition,scenario_rapid_throttle_transition.csv,0,rapid_throttle_transition,0
1780420260.0,260.0,580.0,0.0,579.88,0.0,25.80925152754908,26.037215078995963,26.117224256148504,-1.7861640664113367,1.4640068913009165,26.117224256148504,0.9554494288150066,5826.030152696848,980.9257245509842,170.98644341726225,96.09030425126787,4.66293810038428,22.588281006117683,0.9393184415436715,12.428,3.74,100.0,healthy,0.0,1.0,scenario_rapid_throttle_transition,scenario_rapid_throttle_transition.csv,0,rapid_throttle_transition,0
1780420260.25,260.25,581.5451475972236,1.5451475972235762,581.4251475972236,0.0,25.903268751818164,27.180604369979807,36.04635018146195,-2.9513768772275135,0.30246601818980445,36.04635018146195,0.9551671224975824,5683.09303530732,921.9700883798987,122.21911462221004,95.34189352846778,4.865892721314497,18.832774623819137,0.897633733522367,12.427,3.668,100.0,healthy,0.0,1.0,scenario_rapid_throttle_transition,scenario_rapid_throttle_transition.csv,0,rapid_throttle_transition,0
1780420260.5,260.5,580.0,0.0,579.88,0.0,25.9409136267984,25.759058760630506,22.9193492986702,-2.8575087668827694,0.1891598418583735,22.9193492986702,0.9579226169340141,6060.764546283751,958.6879315739527,158.79783583333588,85.88709536970423,4.8927091263742675,19.356039956520153,1.0272715373930896,12.408,3.673,100.0,healthy,0.0,1.0,scenario_rapid_throttle_transition,scenario_rapid_throttle_transition.csv,0,rapid_throttle_transition,0
1780420260.75,260.75,581.2459727744116,1.2459727744115552,581.1259727744116,0.0,25.98819982821038,26.461518223188687,33.25132450932176,-3.954122073611276,-0.08003908914884243,33.25132450932176,0.958565594027369,6001.278490931975,956.7156174092366,158.31519280867582,97.12526100597184,4.451690614393426,19.10541931709045,1.015838855215509,12.365,3.461,100.0,healthy,0.0,1.0,scenario_rapid_throttle_transition,scenario_rapid_throttle_transition.csv,0,rapid_throttle_transition,0
1780420261.0,261.0,581.8710597806465,1.8710597806465716,581.7510597806465,0.0,25.963759339568337,25.0101131851704,36.50500855858432,-2.658459960334091,1.0175563960553318,36.50500855858432,0.9552358937246286,5754.741559491789,908.9687437439745,116.4131769680067,112.12220841230243,4.209753185321811,19.85475072679001,1.1482673931809844,12.363,3.465,100.0,healthy,0.0,1.0,scenario_rapid_throttle_transition,scenario_rapid_throttle_transition.csv,0,rapid_throttle_transition,0
1780420261.25,261.25,580.6038148286834,0.6038148286834817,580.4838148286834,0.0,26.01011409176564,24.899065176018752,28.209383298930998,-1.2035126280538089,-0.4494421440299534,28.209383298930998,0.9566904292063112,6226.16754172404,945.2074341548575,128.58402739682126,128.2604631968332,4.928680789330846,21.631237852786843,1.0384176908671194,12.377,3.614,100.0,healthy,0.0,1.0,scenario_rapid_throttle_transition,scenario_rapid_throttle_transition.csv,0,rapid_throttle_transition,0
1780420261.5,261.5,580.0,0.0,579.88,0.0,26.101366161091256,26.97520252900661,33.132619124319625,-3.630975005440992,0.7155310526565671,33.132619124319625,0.9555295777854619,5185.017041960124,944.0899761523041,131.33871918347123,76.0718845221758,5.023281966350541,23.276758496060182,0.9282980404391639,12.408,3.485,100.0,healthy,0.0,1.0,scenario_rapid_throttle_transition,scenario_rapid_throttle_transition.csv,0,rapid_throttle_transition,0
1780420261.75,261.75,580.0,0.0,579.88,0.0,26.125579807724378,26.73015519668431,32.43248759019984,-2.160925907607497,-1.186686950288212,32.43248759019984,0.9595098160212627,5279.992965271424,943.508460526665,147.09918343626256,104.62406384758896,4.74452191514073,19.81224698333977,0.9954919280163579,12.417,3.652,100.0,healthy,0.0,1.0,scenario_rapid_throttle_transition,scenario_rapid_throttle_transition.csv,0,rapid_throttle_transition,0
1780420262.0,262.0,580.0,0.0,579.88,0.0,26.140237180499756,27.004183878171542,26.608538731494605,-3.1338165738171773,0.26765199801162765,26.608538731494605,0.962264570278718,5499.588975979765,967.580638142309,146.3322179045269,84.7132008119436,4.88466401823082,20.77548342328865,1.0668754776404228,12.41,3.602,100.0,healthy,0.0,1.0,scenario_rapid_throttle_transition,scenario_rapid_throttle_transition.csv,0,rapid_throttle_transition,0
1780420262.25,262.25,580.8037550982499,0.8037550982498682,580.6837550982499,0.0,26.22627787561425,26.38360933824648,30.855531069750036,-2.236513863783003,-0.6226495236725853,30.855531069750036,0.9614371548618417,5483.727711893162,959.9064048245392,127.95714609984064,107.40652968005949,4.745030849526829,22.21776720786015,1.0843056381067946,12.382,3.745,100.0,healthy,0.0,1.0,scenario_rapid_throttle_transition,scenario_rapid_throttle_transition.csv,0,rapid_throttle_transition,0
1780420262.5,262.5,583.1179613469756,3.117961346975523,582.9979613469756,0.0,26.1978716955445,25.908348730185356,32.987808122253,-3.322921009336393,0.32434684248393153,32.987808122253,0.9638241485708557,6048.003310448174,955.1146052887229,168.9281510010999,86.52754947883618,5.066147721584201,25.049566998744726,1.0300928092293276,12.374,3.636,100.0,healthy,0.0,1.0,scenario_rapid_throttle_transition,scenario_rapid_throttle_transition.csv,0,rapid_throttle_transition,0
1780420262.75,262.75,580.0,0.0,579.88,0.0,26.181453218851974,25.158301145255848,34.49878813256495,-1.6443255933093057,-0.23229943819970877,34.49878813256495,0.9636030746635332,5262.7264585556795,916.5910866635969,156.77057395313855,84.57898955509938,4.105388245112549,24.410559497649594,1.0997000321728356,12.428,3.57,100.0,healthy,0.0,1.0,scenario_rapid_throttle_transition,scenario_rapid_throttle_transition.csv,0,rapid_throttle_transition,0
1780420263.0,263.0,580.0,0.0,579.88,0.0,26.172194604578124,25.989481194210796,30.206985548563832,-2.9410868360958546,0.10707684567914177,30.206985548563832,0.9610755648520372,6123.3225686211845,906.6902817654227,143.3607917055064,117.21364099333066,4.893175279110089,21.269683207034312,0.9937086041474267,12.428,3.677,100.0,healthy,0.0,1.0,scenario_rapid_throttle_transition,scenario_rapid_throttle_transition.csv,0,rapid_throttle_transition,0
1780420263.25,263.25,580.0,0.0,579.88,0.0,26.275717204679044,26.52033908254284,25.823334315366367,-2.537091329928904,-0.4410486677217585,25.823334315366367,0.9629159967657637,5556.929185919791,965.7795704664227,149.57076629479727,98.00879668968692,4.4537643639840185,21.12455175684875,1.1017686417028765,12.33,3.519,100.0,healthy,0.0,1.0,scenario_rapid_throttle_transition,scenario_rapid_throttle_transition.csv,0,rapid_throttle_transition,0
1780420263.5,263.5,580.2327566577962,0.23275665779620602,580.1127566577962,0.0,26.270993868663187,27.07166409640089,33.46661391204885,-3.6138969315871914,0.2791786248883262,33.46661391204885,0.962334236628174,5595.9777950174175,1006.8527192071058,140.74517861992928,81.71189854968648,4.775834832840562,16.407479282932044,1.0683208137543716,12.4,3.737,100.0,healthy,0.0,1.0,scenario_rapid_throttle_transition,scenario_rapid_throttle_transition.csv,0,rapid_throttle_transition,0
1780420263.75,263.75,580.0,0.0,579.88,0.0,26.284978819123054,26.8852542232104,36.860121390886796,-3.3302420522230065,-0.0666742729378984,36.860121390886796,0.9591092078978921,5263.618835812407,962.6215683267503,143.55421331105887,78.71352529817612,4.693764351511296,22.22589829110416,1.0926039628890305,12.364,3.644,100.0,healthy,0.0,1.0,scenario_rapid_throttle_transition,scenario_rapid_throttle_transition.csv,0,rapid_throttle_transition,0
1780420264.0,264.0,583.1573268618995,3.1573268618995187,583.0373268618995,0.0,26.299052366340984,27.586986487566058,34.73557490303888,-2.4521307959299135,0.0792171233265902,34.73557490303888,0.962677082907755,5800.306747455873,926.7604616984931,121.57780707258647,92.29437990791406,4.805698356368717,24.74484400459463,1.1250591293605068,12.417,3.714,100.0,healthy,0.0,1.0,scenario_rapid_throttle_transition,scenario_rapid_throttle_transition.csv,0,rapid_throttle_transition,0
1780420264.25,264.25,580.3971210447153,0.3971210447153033,580.2771210447153,0.0,26.40219634021475,26.25834682039228,33.48240480807428,-3.0037792829205348,-0.01630060538746314,33.48240480807428,0.9633139287904233,5441.891105587819,930.0949790406659,150.51170080812986,114.39591606622471,4.587610676445545,19.050140894369587,0.9277880264375377,12.382,3.636,100.0,healthy,0.0,1.0,scenario_rapid_throttle_transition,scenario_rapid_throttle_transition.csv,0,rapid_throttle_transition,0
1780420264.5,264.5,581.3676681839128,1.3676681839128113,581.2476681839128,0.0,26.42699420359189,27.129053135088448,29.149144897689293,-3.5845810816037273,-0.7371374604176303,29.149144897689293,0.9599608376997334,5366.759904166797,920.7586023226805,127.61611377605975,104.26940711245251,4.92196626860633,23.34192810636371,1.0911369311558214,12.456,3.55,100.0,healthy,0.0,1.0,scenario_rapid_throttle_transition,scenario_rapid_throttle_transition.csv,0,rapid_throttle_transition,0
1780420264.75,264.75,580.1602508858039,0.1602508858039111,580.0402508858039,0.0,26.48168070872548,25.938626015985438,33.636154035152735,-0.6705357017110911,0.7549193225856916,33.636154035152735,0.9618543281801908,5020.479470648556,948.0595316968792,134.08403131616078,99.8312097496691,4.940788731910748,22.942752996310237,0.8537133478857444,12.491,3.551,100.0,healthy,0.0,1.0,scenario_rapid_throttle_transition,scenario_rapid_throttle_transition.csv,0,rapid_throttle_transition,0
1780420265.0,265.0,580.7018865119871,0.7018865119871652,580.5818865119871,0.0,26.5472803096399,25.221641953808845,31.366638406816328,-3.106466537287586,0.07807749087033089,31.366638406816328,0.9587327014141801,5682.742598093527,943.5987971397318,135.78974819351714,83.14165496539546,4.924440280301699,26.04503926977008,1.155603971855361,12.434,3.517,100.0,healthy,0.0,1.0,scenario_rapid_throttle_transition,scenario_rapid_throttle_transition.csv,0,rapid_throttle_transition,0
1780420265.25,265.25,582.3327112025869,2.332711202586941,582.2127112025869,0.0,26.594153702520362,25.75136576994967,31.555526433608136,-2.2363884608251627,-0.12407557843994904,31.555526433608136,0.9618298985767954,5773.503279824618,945.0882276079469,134.88281679325286,102.08056750664949,5.149650701501699,23.880421070429744,0.8754462158804817,12.514,3.424,100.0,healthy,0.0,1.0,scenario_rapid_throttle_transition,scenario_rapid_throttle_transition.csv,0,rapid_throttle_transition,0
1780420265.5,265.5,580.0,0.0,579.88,0.0,26.65473862657105,26.557970171044648,22.777020116437797,-2.495120600173136,-0.6072289734139775,22.777020116437797,0.9635947824916746,5607.658872725462,977.4341214000958,136.05020985435806,92.88762033680851,4.699569551157522,27.42094347674123,0.9055776620756386,12.383,3.574,100.0,healthy,0.0,1.0,scenario_rapid_throttle_transition,scenario_rapid_throttle_transition.csv,0,rapid_throttle_transition,0
1780420265.75,265.75,580.0,0.0,579.88,0.0,26.63443086506167,27.140563288779227,30.295156478559534,-4.068180843563098,-1.3961304902088296,30.295156478559534,0.9629439073177037,5123.285357143313,944.1740634312309,168.23241786450808,96.69146654898239,4.88550037984547,17.64311627034261,1.1687654746290905,12.416,3.604,100.0,healthy,0.0,1.0,scenario_rapid_throttle_transition,scenario_rapid_throttle_transition.csv,0,rapid_throttle_transition,0
1780420266.0,266.0,580.0,0.0,579.88,0.0,26.72812914990514,28.0391055317213,24.880648223942604,-2.8244691605004317,0.9523133145960188,24.880648223942604,0.9622431560194783,5951.4898185326365,918.5033159337637,112.45104497557186,94.35968856308295,4.875027245707367,21.191543866482185,0.9334932200467482,12.479,3.803,100.0,healthy,0.0,1.0,scenario_rapid_throttle_transition,scenario_rapid_throttle_transition.csv,0,rapid_throttle_transition,0
1780420266.25,266.25,580.0,0.0,579.88,0.0,26.795849797193217,27.182045840292663,25.502070814856186,-0.5893932850996628,0.23643646640222588,25.502070814856186,0.9617279812259527,5001.121303565549,939.7455013179556,156.3212116177914,88.78453730909604,4.791353894063867,21.450653031321018,1.065997913940545,12.377,3.668,100.0,healthy,0.0,1.0,scenario_rapid_throttle_transition,scenario_rapid_throttle_transition.csv,0,rapid_throttle_transition,0
1780420266.5,266.5,582.1276357076638,2.1276357076637757,582.0076357076638,0.0,26.868798221512296,27.450928053629546,36.29619184560055,-1.5782518016986875,-0.43920773737451385,36.29619184560055,0.9657338672978225,6119.920386925847,951.3205199181893,135.45089658536202,81.32640578335179,5.357215511836607,22.95480921470603,1.0475507887811888,12.399,3.54,100.0,healthy,0.0,1.0,scenario_rapid_throttle_transition,scenario_rapid_throttle_transition.csv,0,rapid_throttle_transition,0
1780420266.75,266.75,582.0806517446168,2.0806517446167896,581.9606517446168,0.0,26.955496743704334,27.84082919268151,31.451162739096524,-2.079286469142433,0.08843396723165536,31.451162739096524,0.9667817631221587,5507.927758934414,925.0999265823448,148.3810787721036,109.83399914946332,4.880273012750578,18.95607950212196,1.1521078160116192,12.45,3.648,100.0,healthy,0.0,1.0,scenario_rapid_throttle_transition,scenario_rapid_throttle_transition.csv,0,rapid_throttle_transition,0
1780420267.0,267.0,580.0,0.0,579.88,0.0,26.953158486339614,27.732850897540555,28.172340193415124,-0.6653883045053188,-0.4745077657575879,28.172340193415124,0.9661692381486967,5859.257466957531,928.7117858280883,156.6636047832068,104.943028053437,4.922753758435131,22.77434630080817,1.1185898042259055,12.511,3.763,100.0,healthy,0.0,1.0,scenario_rapid_throttle_transition,scenario_rapid_throttle_transition.csv,0,rapid_throttle_transition,0
1780420267.25,267.25,580.0,0.0,579.88,0.0,26.92833992850021,25.989797902433722,27.397781642241178,-4.14632315498941,-0.7282090513234807,27.397781642241178,0.962866945385379,5931.244046993261,961.8905858897338,128.49174969839993,90.22213985769257,4.598156378317701,25.815337489961443,1.0477049950661275,12.437,3.583,100.0,healthy,0.0,1.0,scenario_rapid_throttle_transition,scenario_rapid_throttle_transition.csv,0,rapid_throttle_transition,0
1780420267.5,267.5,580.0,0.0,579.88,0.0,26.930360062839124,28.228461477974918,30.27686959972484,-2.053997780505449,0.35918487718489744,30.27686959972484,0.9627643795819838,6256.860796264526,986.7098544447551,134.53245225068417,113.93027671378671,5.591401002421346,20.714695379172348,0.9128726347367682,12.449,3.634,100.0,healthy,0.0,1.0,scenario_rapid_throttle_transition,scenario_rapid_throttle_transition.csv,0,rapid_throttle_transition,0
1780420267.75,267.75,580.0,0.0,579.88,0.0,26.98020742112803,26.62958342578014,32.08759709228288,-1.3399355743399608,-1.1439235132270573,32.08759709228288,0.9643165226551264,5518.462374423141,924.440479967675,144.63109488094017,125.1520961480132,5.107281966687226,22.242457241964228,1.1626073251663385,12.4,3.606,100.0,healthy,0.0,1.0,scenario_rapid_throttle_transition,scenario_rapid_throttle_transition.csv,0,rapid_throttle_transition,0
1780420268.0,268.0,580.6604887472351,0.6604887472351528,580.5404887472351,0.0,27.013430556330764,26.828251013389256,29.66917758526043,-1.2990576038800536,-0.7971951393962792,29.66917758526043,0.9647269833720133,6188.329558992805,944.9904929485962,158.7052644860889,95.67811201084793,5.128140444828333,23.146523326841013,1.1096495100630064,12.413,3.657,100.0,healthy,0.0,1.0,scenario_rapid_throttle_transition,scenario_rapid_throttle_transition.csv,0,rapid_throttle_transition,0
1780420268.25,268.25,580.0,0.0,579.88,0.0,27.03374686959027,26.25365025638481,31.16507318445158,-3.1380264742125936,-0.7090663507897024,31.16507318445158,0.9628144890150725,5028.4721968173235,980.1085332612133,123.49948085576771,68.48926025624877,4.77282255145725,21.462721514069443,0.9219270918223537,12.376,3.698,100.0,healthy,0.0,1.0,scenario_rapid_throttle_transition,scenario_rapid_throttle_transition.csv,0,rapid_throttle_transition,0
1780420268.5,268.5,580.1591991353299,0.15919913532989627,580.0391991353299,0.0,27.08384376204157,26.64960680495818,34.40590882464095,-2.4190173663403454,1.3131303081136105,34.40590882464095,0.960385924776971,5389.538150511289,981.4592031082436,132.65116008130812,82.569872723852,4.8285983061795505,21.072524979586955,1.0196709322766326,12.482,3.65,100.0,healthy,0.0,1.0,scenario_rapid_throttle_transition,scenario_rapid_throttle_transition.csv,0,rapid_throttle_transition,0
1780420268.75,268.75,580.4609892282997,0.4609892282996527,580.3409892282997,0.0,27.127996881050258,26.03195658335761,30.050805908617395,-2.648658601210161,1.0261891289644942,30.050805908617395,0.9592743600813234,5132.475955167102,892.4849638899207,169.26203380606842,79.24378272755162,4.843846869410102,25.226902923317454,0.9562453026212846,12.39,3.593,100.0,healthy,0.0,1.0,scenario_rapid_throttle_transition,scenario_rapid_throttle_transition.csv,0,rapid_throttle_transition,0
1780420269.0,269.0,580.0,0.0,579.88,0.0,27.12543078606838,26.521684632600973,33.10090398109156,-1.1258845639503863,-0.24410766966486785,33.10090398109156,0.9625992556453585,6126.669355254489,950.7152484603893,123.69630162172905,85.51485725327562,4.424857838078789,18.998634987915242,1.0582147005332228,12.423,3.619,100.0,healthy,0.0,1.0,scenario_rapid_throttle_transition,scenario_rapid_throttle_transition.csv,0,rapid_throttle_transition,0
1780420269.25,269.25,580.0,0.0,579.88,0.0,27.16972222971322,25.90936142001564,30.15154243979905,-1.8579568599302103,-0.49552172282079043,30.15154243979905,0.9656490487741413,5856.121562469527,961.4395507389185,151.5483071554459,107.11900905986127,4.781260661540798,20.84753309895184,1.010730840728805,12.424,3.645,100.0,healthy,0.0,1.0,scenario_rapid_throttle_transition,scenario_rapid_throttle_transition.csv,0,rapid_throttle_transition,0
1780420269.5,269.5,580.4531075417028,0.453107541702769,580.3331075417028,0.0,27.233997321679826,27.9879599002751,29.491706664945607,-2.6724634364131084,-0.5661084876206232,29.491706664945607,0.9699865464645053,5695.40214267132,953.7600173305161,135.78405775529626,81.51620568823621,4.97778254269309,21.12563184277159,1.085982462664295,12.435,3.609,100.0,healthy,0.0,1.0,scenario_rapid_throttle_transition,scenario_rapid_throttle_transition.csv,0,rapid_throttle_transition,0
1780420269.75,269.75,580.0,0.0,579.88,0.0,27.236212955198766,27.337719794493268,32.13384589574289,-2.953145945603015,-0.39614772460694225,32.13384589574289,0.9685329399535934,5765.067933622249,918.371917570078,110.42481890653484,83.52126110969213,5.36313960069199,22.582328710759786,1.1934134601116098,12.432,3.65,100.0,healthy,0.0,1.0,scenario_rapid_throttle_transition,scenario_rapid_throttle_transition.csv,0,rapid_throttle_transition,0
1780420270.0,270.0,580.0,0.0,579.88,0.0,27.23718412476103,27.915592063274936,28.879628332870002,-1.4492199088410715,-0.33592986025905264,28.879628332870002,0.9653955497932591,5316.583423325142,923.1415458143264,159.8119895837173,83.25779806673138,4.861821543440491,19.582598812115528,0.9638532879026426,12.414,3.631,100.0,healthy,0.0,1.0,scenario_rapid_throttle_transition,scenario_rapid_throttle_transition.csv,0,rapid_throttle_transition,0
1780420270.25,270.25,580.1460095163199,0.14600951631986012,580.0260095163198,0.0,27.310828605530187,26.94730096590657,26.015964027506026,-2.0691053178983214,-0.28924075899557233,26.015964027506026,0.9691129072405964,5352.920045215162,944.2217070899519,134.2874838540032,90.37849131864984,5.00999014287032,18.461373350976885,0.9839465103884334,12.374,3.589,100.0,healthy,0.0,1.0,scenario_rapid_throttle_transition,scenario_rapid_throttle_transition.csv,0,rapid_throttle_transition,0
1780420270.5,270.5,580.0,0.0,579.88,0.0,27.393440563944395,27.0145084757207,30.440246923760604,-2.3065848043956523,-1.191502807310577,30.440246923760604,0.972552684164929,6040.64714166241,923.2363804401639,140.91611733787332,69.7749372440305,4.509579069005602,24.441537272829887,1.074445666991579,12.457,3.638,100.0,healthy,0.0,1.0,scenario_rapid_throttle_transition,scenario_rapid_throttle_transition.csv,0,rapid_throttle_transition,0
1780420270.75,270.75,580.0,0.0,579.88,0.0,27.42427032354093,27.29706377539421,28.432150810461298,-2.2315895497972336,-0.569177996589044,28.432150810461298,0.974263586851346,5363.880669459799,870.4982442493268,160.55881924872526,89.35377601320688,4.483177745808473,22.76413177861544,1.0975207236484512,12.439,3.68,100.0,healthy,0.0,1.0,scenario_rapid_throttle_transition,scenario_rapid_throttle_transition.csv,0,rapid_throttle_transition,0
1780420271.0,271.0,581.3144191708548,1.3144191708548192,581.1944191708548,0.0,27.508618859124326,26.866444053457844,25.71070416601902,-2.7637882916628382,-1.1459456328683748,25.71070416601902,0.9717006803211451,5924.236874582129,955.9488147588733,147.651225357398,103.13704521145789,4.7440729700881965,22.820539273775722,1.0793935922121198,12.48,3.713,100.0,healthy,0.0,1.0,scenario_rapid_throttle_transition,scenario_rapid_throttle_transition.csv,0,rapid_throttle_transition,0
1780420271.25,271.25,582.5782054391119,2.5782054391118763,582.4582054391119,0.0,27.547304010401593,26.403086489744396,28.051594997475583,-1.738733658833795,-0.28344701571809033,28.051594997475583,0.9759529761583676,5216.362143279223,860.1989258557218,142.61318079771794,112.72690548561158,4.7608068560620405,21.887878352294216,0.8592574409217874,12.357,3.55,100.0,healthy,0.0,1.0,scenario_rapid_throttle_transition,scenario_rapid_throttle_transition.csv,0,rapid_throttle_transition,0
1780420271.5,271.5,580.1830285988857,0.18302859888564543,580.0630285988857,0.0,27.545988120716235,27.633112643462976,31.88889378141044,-2.1544496672210167,-0.7915969785368451,31.88889378141044,0.9743600591343501,5525.054651641546,958.1869895054242,170.57433666204042,120.49098207469169,5.69753446328702,21.867355704630686,1.0958260197703245,12.457,3.69,100.0,healthy,0.0,1.0,scenario_rapid_throttle_transition,scenario_rapid_throttle_transition.csv,0,rapid_throttle_transition,0
1780420271.75,271.75,580.4995442878912,0.49954428789128813,580.3795442878912,0.0,27.552723831764055,28.699296278549404,24.573891818751576,-2.1973384148286477,-1.2350236060477506,24.573891818751576,0.9773013276059195,6396.141321132784,987.1145398583042,156.17051841224136,105.22580023941804,4.578945535680215,20.475052016664414,1.0885671463205961,12.381,3.612,100.0,healthy,0.0,1.0,scenario_rapid_throttle_transition,scenario_rapid_throttle_transition.csv,0,rapid_throttle_transition,0
1780420272.0,272.0,580.0,0.0,579.88,0.0,27.5875729782004,27.230917596199088,33.19292915049128,-3.4838017840293802,-0.9690531896850259,33.19292915049128,0.9762122228793482,4959.113098877643,911.0935821841582,144.5927840049104,86.95770427501512,5.007477920209869,17.538999517057505,0.9167733957356473,12.435,3.459,100.0,healthy,0.0,1.0,scenario_rapid_throttle_transition,scenario_rapid_throttle_transition.csv,0,rapid_throttle_transition,0
1780420272.25,272.25,580.0,0.0,579.88,0.0,27.628586281512998,28.803610811661258,35.31746783024819,-2.6771934828358326,-0.15800068039861548,35.31746783024819,0.9773639190288371,6275.270456764513,951.307956537301,139.1201086690587,99.05610822561391,5.1698349893931566,24.078468340581388,1.080462136582184,12.521,3.557,100.0,healthy,0.0,1.0,scenario_rapid_throttle_transition,scenario_rapid_throttle_transition.csv,0,rapid_throttle_transition,0
1780420272.5,272.5,580.0,0.0,579.88,0.0,27.619508893509224,26.900101130015607,38.10143554589483,-1.0452788827667967,-0.225807644399331,38.10143554589483,0.9761527242414962,5324.460455652936,980.7781152568209,127.9746242581264,90.24346055014269,5.313164959809093,21.225044820509588,0.9213629264071946,12.459,3.703,100.0,healthy,0.0,1.0,scenario_rapid_throttle_transition,scenario_rapid_throttle_transition.csv,0,rapid_throttle_transition,0
1780420272.75,272.75,583.1997007055255,3.1997007055254745,583.0797007055255,0.0,27.722316498080186,28.944755988144617,31.118338489400525,-2.569001124647896,-1.3743758720575538,31.118338489400525,0.978370367748125,5991.5372967463945,939.3223685815154,157.81659194099672,105.91789100121238,4.806269137727163,27.813732701809197,1.042542148540398,12.435,3.569,100.0,healthy,0.0,1.0,scenario_rapid_throttle_transition,scenario_rapid_throttle_transition.csv,0,rapid_throttle_transition,0
1780420273.0,273.0,582.5643542301694,2.564354230169496,582.4443542301694,0.0,27.738311710008038,28.254961178669113,31.589670022194955,-2.2181905139990183,-0.008094989410822984,31.589670022194955,0.9772373166289942,5673.588025554798,933.0094135821982,129.5462785755245,93.02890271405691,4.947144077890922,20.7439331467508,1.1634469467366135,12.5,3.741,100.0,healthy,0.0,1.0,scenario_rapid_throttle_transition,scenario_rapid_throttle_transition.csv,0,rapid_throttle_transition,0
1780420273.25,273.25,583.1390087462811,3.1390087462811396,583.0190087462811,0.0,27.73348735691511,27.54752204106465,29.495935859942783,-3.2751073561510493,0.443667175099971,29.495935859942783,0.9748409829655852,4884.8417767510755,918.7236740226967,157.00867462289443,120.91706294683274,5.333985633494645,22.06191310361699,1.0913152801541977,12.492,3.537,100.0,healthy,0.0,1.0,scenario_rapid_throttle_transition,scenario_rapid_throttle_transition.csv,0,rapid_throttle_transition,0
1780420273.5,273.5,581.9692376199786,1.9692376199785413,581.8492376199786,0.0,27.81908959803542,28.64429458354905,31.86377920254991,-3.05508926392062,-0.047778600775489344,31.86377920254991,0.9736251921398258,5342.305230055794,908.6461996856326,160.35522765071718,101.10518617519064,4.791447352269994,21.26109868983396,0.9565612563405448,12.353,3.653,100.0,healthy,0.0,1.0,scenario_rapid_throttle_transition,scenario_rapid_throttle_transition.csv,0,rapid_throttle_transition,0
1780420273.75,273.75,580.0,0.0,579.88,0.0,27.868695152253306,28.747370287578594,31.628801629681824,-1.9999609437572914,-0.936664651843947,31.628801629681824,0.9740958209321354,6128.057661206139,922.5823194083387,149.94337131095878,102.05114498521118,5.2542260941157295,26.02379012582137,1.159074108870482,12.463,3.421,100.0,healthy,0.0,1.0,scenario_rapid_throttle_transition,scenario_rapid_throttle_transition.csv,0,rapid_throttle_transition,0
1780420274.0,274.0,580.0,0.0,579.88,0.0,27.95935618408162,27.45549673553479,33.62163892738036,-2.2169149594608157,-0.44651121988346043,33.62163892738036,0.9714460199528986,5301.29754246225,971.7125334567189,138.03148935889675,93.58286041414922,5.095697334458894,22.472511531025187,1.0759117067751283,12.316,3.646,100.0,healthy,0.0,1.0,scenario_rapid_throttle_transition,scenario_rapid_throttle_transition.csv,0,rapid_throttle_transition,0
1780420274.25,274.25,580.0,0.0,579.88,0.0,28.05042993872631,27.20363123143912,33.40385355910347,0.371218892884851,0.16838695060668707,33.40385355910347,0.9709624382703373,5755.192726061666,937.2080326502443,132.5986673532006,115.30731978338761,4.63366749836926,19.185276722264007,1.023908492793981,12.385,3.563,100.0,healthy,0.0,1.0,scenario_rapid_throttle_transition,scenario_rapid_throttle_transition.csv,0,rapid_throttle_transition,0
1780420274.5,274.5,581.7243188270331,1.724318827033173,581.6043188270331,0.0,28.11402017251815,27.69863240634592,20.976723839456263,-2.4890543116540673,-1.1350117202688226,20.976723839456263,0.9693830269248567,5976.563931300169,981.4094354307551,131.96596260854818,92.10492010072404,4.8072081566651415,17.90981238645094,1.0599357751317366,12.373,3.64,100.0,healthy,0.0,1.0,scenario_rapid_throttle_transition,scenario_rapid_throttle_transition.csv,0,rapid_throttle_transition,0
1780420274.75,274.75,580.379726227822,0.37972622782195176,580.259726227822,0.0,10.156828740830225,10.557416047963775,25.160828331215264,-0.9843313952545869,-0.8433808614198188,25.160828331215264,0.38809310891963644,5475.518580045939,929.1148937955999,120.48309020092016,93.62774768525657,4.189557423716716,15.947890738208969,0.98031341780877,12.534,2.018,100.0,healthy,0.0,1.0,scenario_rapid_throttle_transition,scenario_rapid_throttle_transition.csv,0,rapid_throttle_transition,0
1780420275.0,275.0,581.2918934794288,1.2918934794287795,581.1718934794288,0.0,10.149430555977862,10.441645041056681,36.30758414968463,-1.754746009915543,-0.5488983096401463,36.30758414968463,0.3874023568082602,4362.552283598943,924.4584202435154,156.72377578835727,93.02257943484847,4.095260450441639,16.878478681064973,0.9915468840286606,12.532,2.275,100.0,healthy,0.0,1.0,scenario_rapid_throttle_transition,scenario_rapid_throttle_transition.csv,0,rapid_throttle_transition,0
1780420275.25,275.25,580.0,0.0,579.88,0.0,10.130252783435141,9.809007276224094,28.805182530433417,-1.3355498760413207,0.6381875241833591,28.805182530433417,0.38805368212598323,5142.885523944284,880.1317049758155,136.22985549748017,109.37421958507423,3.997680689089842,20.60256391447485,0.8838366265653881,12.575,2.276,100.0,healthy,0.0,1.0,scenario_rapid_throttle_transition,scenario_rapid_throttle_transition.csv,0,rapid_throttle_transition,0
1780420275.5,275.5,580.4775240625744,0.47752406257439994,580.3575240625744,0.0,10.204810388714451,10.684298272560826,33.32679373989348,-0.4683963743581121,-0.6121093665452919,33.32679373989348,0.3909708972385017,3654.6454185281355,900.9301286030096,131.38847502407575,118.84277454712469,3.5762109086795704,10.799938174195175,0.8806737694954804,12.566,2.319,100.0,healthy,0.0,1.0,scenario_rapid_throttle_transition,scenario_rapid_throttle_transition.csv,0,rapid_throttle_transition,0
1780420275.75,275.75,580.0,0.0,579.88,0.0,10.236100033767565,10.425803708830262,30.13710802131169,-0.9879366069661201,-1.5098129431501932,30.13710802131169,0.39571185278204973,4859.424680020944,842.1301935260249,110.54227978366039,82.35480306431081,4.436551753275708,8.451430615933575,1.1382237146155276,12.511,2.141,100.0,healthy,0.0,1.0,scenario_rapid_throttle_transition,scenario_rapid_throttle_transition.csv,0,rapid_throttle_transition,0
1780420276.0,276.0,580.1679791203409,0.1679791203409035,580.0479791203409,0.0,10.255342423965857,10.233589260081489,27.110454873682247,-1.9593019995817766,-0.0743005313229429,27.110454873682247,0.400406887651655,3362.3554756079343,898.4310598110827,90.33362748746654,66.30282096402304,3.355457910687383,14.71755866343904,0.9822402420876349,12.472,2.127,100.0,healthy,0.0,1.0,scenario_rapid_throttle_transition,scenario_rapid_throttle_transition.csv,0,rapid_throttle_transition,0
1780420276.25,276.25,580.0,0.0,579.88,0.0,10.30937882448162,9.807881209040957,29.37641047951581,-0.27406737214180166,-1.255361752419184,29.37641047951581,0.3992557489422396,3383.490644359968,840.9477218099299,129.79986730258486,93.51718382819412,3.5309503526913892,9.279554478781272,1.077635071005986,12.471,2.139,100.0,healthy,0.0,1.0,scenario_rapid_throttle_transition,scenario_rapid_throttle_transition.csv,0,rapid_throttle_transition,0
1780420276.5,276.5,580.0,0.0,579.88,0.0,10.327986325850448,9.858096956634641,24.405312600519366,-1.3378183415804026,-1.0790364395111869,24.405312600519366,0.3991504901870201,4349.8121230784645,862.7570201095862,121.44377661236808,83.94340316766248,3.265017183337269,8.39565634384122,0.9118495952377911,12.549,2.269,100.0,healthy,0.0,1.0,scenario_rapid_throttle_transition,scenario_rapid_throttle_transition.csv,0,rapid_throttle_transition,0
1780420276.75,276.75,580.0,0.0,579.88,0.0,10.344042501413185,10.57253880315116,33.054981702529545,-1.659308809417364,-0.915216582880952,33.054981702529545,0.4012880402421678,2714.3166274982577,799.0001167973769,138.64789346950909,105.60574240903152,3.228868833603238,12.085887389347644,0.8945969634664042,12.461,2.165,100.0,healthy,0.0,1.0,scenario_rapid_throttle_transition,scenario_rapid_throttle_transition.csv,0,rapid_throttle_transition,0
1780420277.0,277.0,581.9952596156995,1.9952596156994828,581.8752596156995,0.0,10.383180703078922,10.541035134114788,32.006545643682436,-1.3105495058841932,-0.14347155827003066,32.006545643682436,0.4005777453009128,3398.225469032871,845.6493391617419,124.56672626079059,90.55579037425149,3.1715917723640565,11.377893745521817,0.8871761686995404,12.536,2.274,100.0,healthy,0.0,1.0,scenario_rapid_throttle_transition,scenario_rapid_throttle_transition.csv,0,rapid_throttle_transition,0
1780420277.25,277.25,580.0,0.0,579.88,0.0,10.424951535583395,10.075688227791142,28.754390081329795,-2.328777150708686,-0.5596128378602061,28.754390081329795,0.40492418895173365,3703.069967343298,826.4703956846796,105.32367062189192,101.92341632673265,2.875483977847303,6.804804360878469,0.9075077975282945,12.432,2.219,100.0,healthy,0.0,1.0,scenario_rapid_throttle_transition,scenario_rapid_throttle_transition.csv,0,rapid_throttle_transition,0
1780420277.5,277.5,580.0,0.0,579.88,0.0,10.469845608049745,10.5166422840608,30.55669638412775,-3.38277445621786,-1.6706956029240403,30.55669638412775,0.40206071186791464,3510.342250516359,806.2739061462712,107.41912928443688,74.07052074764783,3.7829711029869593,10.812857340703411,0.8608750296734613,12.566,2.424,100.0,healthy,0.0,1.0,scenario_rapid_throttle_transition,scenario_rapid_throttle_transition.csv,0,rapid_throttle_transition,0
1780420277.75,277.75,580.0,0.0,579.88,0.0,10.549738482960148,10.694200476022774,28.26934962845221,-0.6635035792978792,0.35830493657540585,28.26934962845221,0.40431560248360376,3081.3549087688507,808.4722875011611,107.05840945801535,92.9170824147525,3.048537006350671,9.986205468658715,0.8593783048239332,12.5,2.258,100.0,healthy,0.0,1.0,scenario_rapid_throttle_transition,scenario_rapid_throttle_transition.csv,0,rapid_throttle_transition,0
1780420278.0,278.0,581.5677532122829,1.5677532122829778,581.4477532122829,0.0,10.532446600403953,10.754645882972357,29.436156188235785,-1.7244130214418465,-0.4286964356209676,29.436156188235785,0.4013079943372809,4136.274703624518,833.9120137857225,123.12249295102771,74.01644015644634,2.193340261902074,14.51935774418322,0.8485543654657578,12.49,2.11,100.0,healthy,0.0,1.0,scenario_rapid_throttle_transition,scenario_rapid_throttle_transition.csv,0,rapid_throttle_transition,0
1780420278.25,278.25,580.9124353684039,0.9124353684038362,580.7924353684039,0.0,10.584875218773645,10.786650684877403,28.84323313663424,-0.10667501966991333,-0.46107875050526104,28.84323313663424,0.4006985349604066,3262.637326051338,782.067408680092,125.81107603503308,72.67570543648026,2.737909921876149,13.688448311151618,0.8528434141527113,12.586,2.243,100.0,healthy,0.0,1.0,scenario_rapid_throttle_transition,scenario_rapid_throttle_transition.csv,0,rapid_throttle_transition,0
1780420278.5,278.5,580.0,0.0,579.88,0.0,10.604853680212436,10.191168898740319,30.657092033239596,-1.7657416412168276,-0.4308691388908439,30.657092033239596,0.39797004486980436,3020.487967798429,837.971328906529,112.91509333640734,87.83745221944375,2.8607725135134765,3.5210265260827347,0.8277736536415004,12.436,2.295,100.0,healthy,0.0,1.0,scenario_rapid_throttle_transition,scenario_rapid_throttle_transition.csv,0,rapid_throttle_transition,0
1780420278.75,278.75,581.2188850718022,1.2188850718022706,581.0988850718022,0.0,10.602029105704233,11.118823044141111,32.59706527437858,-0.8582625986837227,-0.5488314406307256,32.59706527437858,0.3970261058925179,3855.681638419132,788.0398893518594,94.52491836611418,85.1492801043759,2.7112342626850494,8.712979413312139,0.968473284652218,12.532,2.083,100.0,healthy,0.0,1.0,scenario_rapid_throttle_transition,scenario_rapid_throttle_transition.csv,0,rapid_throttle_transition,0
1780420279.0,279.0,582.1987004848123,2.198700484812283,582.0787004848123,0.0,10.652184988165146,11.079472431501223,34.438233091470934,-0.9977602572350657,-1.3142690291142065,34.438233091470934,0.40174769396725174,2887.76766112166,784.6388724591438,106.51219560554206,96.89609682605294,3.2118644222164536,8.401275691172637,0.8678630193482928,12.451,2.177,100.0,healthy,0.0,1.0,scenario_rapid_throttle_transition,scenario_rapid_throttle_transition.csv,0,rapid_throttle_transition,0
1780420279.25,279.25,581.6209114138011,1.620911413801124,581.5009114138011,0.0,10.734231888041927,10.440559354466311,31.03328647071317,-1.6713584077843464,-2.2408114972121247,31.03328647071317,0.39936991235179903,3658.5967163086384,773.9754821271373,103.03511108898715,100.6391992636786,2.716904335037296,9.482158091620546,0.8699765020585465,12.565,2.059,100.0,healthy,0.0,1.0,scenario_rapid_throttle_transition,scenario_rapid_throttle_transition.csv,0,rapid_throttle_transition,0
1780420279.5,279.5,580.0,0.0,579.88,0.0,10.7678978714216,11.293723583248788,33.11415949651729,-0.6825204905775187,-2.5039429094644796,33.11415949651729,0.3987561482248168,3096.0591980838244,756.5838007013782,104.2287409835272,82.51119878095673,3.184900500352329,10.015911048014216,0.8336217875084253,12.436,2.213,100.0,healthy,0.0,1.0,scenario_rapid_throttle_transition,scenario_rapid_throttle_transition.csv,0,rapid_throttle_transition,0
1780420279.75,279.75,580.0594855306038,0.0594855306037477,579.9394855306037,0.0,10.770972381270553,10.584444432748706,30.616396543871755,-1.3201656627095586,-1.4051220508955165,30.616396543871755,0.4029877106359386,2872.683740234479,790.5551414663752,120.45656164272442,111.11773306864188,2.94132841262812,8.386714959477574,0.9119108991117203,12.538,2.136,100.0,healthy,0.0,1.0,scenario_rapid_throttle_transition,scenario_rapid_throttle_transition.csv,0,rapid_throttle_transition,0
1780420280.0,280.0,580.7667305212132,0.7667305212131779,580.6467305212132,0.0,10.820033229066674,10.608378956812954,36.01867665868978,-0.9105890099847381,-1.2539839749545572,36.01867665868978,0.4015827708922137,3439.451883174842,762.7056060369374,88.53163563745446,87.02655698823108,3.013985404836527,8.547737126478754,0.9310668158886299,12.478,2.105,100.0,healthy,0.0,1.0,scenario_rapid_throttle_transition,scenario_rapid_throttle_transition.csv,0,rapid_throttle_transition,0
1780420280.25,280.25,580.0,0.0,579.88,0.0,10.809302142554483,10.474553821587973,26.56370554444159,-0.10983391432895906,-2.0861305616821575,26.56370554444159,0.4053763280521891,3022.7009039749755,784.8706226203192,94.09340472213839,87.76117384046917,3.0319147502367643,9.207774135345096,0.8414829356230937,12.428,2.144,100.0,healthy,0.0,1.0,scenario_rapid_throttle_transition,scenario_rapid_throttle_transition.csv,0,rapid_throttle_transition,0
1780420280.5,280.5,580.0,0.0,579.88,0.0,10.901114102212455,10.712803982875714,34.83974645354249,-0.33222601991388556,-1.3070110262751886,34.83974645354249,0.4090262000906263,2959.386945235013,775.6077935029007,123.11592126722245,56.73453722864278,2.305192048801646,6.106131996051687,0.9257924305130615,12.502,2.244,100.0,healthy,0.0,1.0,scenario_rapid_throttle_transition,scenario_rapid_throttle_transition.csv,0,rapid_throttle_transition,0
1780420280.75,280.75,580.2516263060668,0.25162630606675046,580.1316263060668,0.0,10.97877606563623,10.87620956141605,29.456393055472986,-0.7258086937786588,-1.4885882002155957,29.456393055472986,0.4086626115628232,3861.1489043600864,779.2486355095568,119.23527476958392,86.29464379606384,2.7496105053150086,8.945706985371448,0.89315881770631,12.484,2.206,100.0,healthy,0.0,1.0,scenario_rapid_throttle_transition,scenario_rapid_throttle_transition.csv,0,rapid_throttle_transition,0
1780420281.0,281.0,580.0,0.0,579.88,0.0,11.000815430530446,11.167065369863444,20.37982185038466,-1.205753306662735,-0.7316885951673125,20.37982185038466,0.4072568204300212,2945.9482466565532,767.5338246127096,96.79777379276574,61.34007753615997,2.435882200431582,12.028963367829864,0.941529441511262,12.386,2.145,100.0,healthy,0.0,1.0,scenario_rapid_throttle_transition,scenario_rapid_throttle_transition.csv,0,rapid_throttle_transition,0
1780420281.25,281.25,580.0,0.0,579.88,0.0,11.084998230399327,11.463520313940531,35.35696795929208,-0.41997709176981946,-1.022099954196419,35.35696795929208,0.41017782451377216,3231.246779746922,810.6300465905838,132.75439739037364,97.51669332315856,3.182735563254953,4.911700292870123,0.9451301670591724,12.522,2.251,100.0,healthy,0.0,1.0,scenario_rapid_throttle_transition,scenario_rapid_throttle_transition.csv,0,rapid_throttle_transition,0
1780420281.5,281.5,580.2530543948418,0.2530543948418248,580.1330543948418,0.0,11.150179946415252,11.438719812911339,25.351265008457624,0.24797588998458697,-1.3466637984406657,25.351265008457624,0.41322028504560615,3601.9287338719655,776.0277740007473,115.63490501155631,65.79931847057127,2.8678192487070033,11.758397285893853,0.9883783121984624,12.514,2.373,100.0,healthy,0.0,1.0,scenario_rapid_throttle_transition,scenario_rapid_throttle_transition.csv,0,rapid_throttle_transition,0
1780420281.75,281.75,580.1106423555107,0.1106423555106959,579.9906423555107,0.0,11.129079014739878,11.34304447178802,30.555365802476345,-0.8166534363726156,-0.7819124614076157,30.555365802476345,0.41156734406691586,3355.7123992479683,799.1116596892962,118.55892244234101,89.80001242998512,2.920225135485901,10.759506134136025,0.8917801241463091,12.463,2.136,100.0,healthy,0.0,1.0,scenario_rapid_throttle_transition,scenario_rapid_throttle_transition.csv,0,rapid_throttle_transition,0
1780420282.0,282.0,583.355380554202,3.355380554202029,583.235380554202,0.0,11.208279117494817,11.062790170608931,33.17775102492626,0.6678443949665634,-0.7911979054703623,33.17775102492626,0.4118717828407152,4171.40648361432,783.5708928351708,117.08718023101382,91.79436334984011,2.512842590075518,7.262219175736121,0.8636627170103737,12.53,2.263,100.0,healthy,0.0,1.0,scenario_rapid_throttle_transition,scenario_rapid_throttle_transition.csv,0,rapid_throttle_transition,0
1780420282.25,282.25,580.9370073148621,0.9370073148620015,580.817007314862,0.0,11.264251270173531,11.60167745737105,22.72755931507485,0.0835062362321316,-1.0415068614384109,22.72755931507485,0.41319373301180473,3641.0946010104526,786.1402644559945,94.1201881951724,90.06295059600414,2.984933228733538,13.062233766102324,0.8620035932249127,12.521,2.067,100.0,healthy,0.0,1.0,scenario_rapid_throttle_transition,scenario_rapid_throttle_transition.csv,0,rapid_throttle_transition,0
1780420282.5,282.5,581.24059737779,1.2405973777899573,581.12059737779,0.0,11.228135365045532,10.957473867214578,23.335515980466898,-0.31245495241531307,-1.502321377781473,23.335515980466898,0.41712938729668037,3157.4485452334443,783.6027940287737,119.29536021868621,99.00061914076457,2.763672385475173,14.09112349998365,1.070696565306758,12.451,2.25,100.0,healthy,0.0,1.0,scenario_rapid_throttle_transition,scenario_rapid_throttle_transition.csv,0,rapid_throttle_transition,0
1780420282.75,282.75,580.4381306919187,0.43813069191866605,580.3181306919187,0.0,11.273085953026385,11.32000903354238,35.72989974175239,0.3739714290784022,-2.32412008288728,35.72989974175239,0.4207771196022437,3211.7197939411726,769.9096766155342,88.2194277888802,79.14058565007758,3.105546364523415,10.40850742699561,0.8271848896477572,12.378,2.2,100.0,healthy,0.0,1.0,scenario_rapid_throttle_transition,scenario_rapid_throttle_transition.csv,0,rapid_throttle_transition,0
1780420283.0,283.0,580.0,0.0,579.88,0.0,11.321503999044612,11.613881217959875,28.514875156277185,-1.780457807130205,-1.519402475035132,28.514875156277185,0.41805427495819364,3146.3998052024867,760.2195652558507,106.2693164364197,75.88095925415247,3.2018534791056474,12.228890575566934,0.9681635498000225,12.525,2.081,100.0,healthy,0.0,1.0,scenario_rapid_throttle_transition,scenario_rapid_throttle_transition.csv,0,rapid_throttle_transition,0
1780420283.25,283.25,580.0,0.0,579.88,0.0,11.345786674150379,10.826108381187776,21.987525158687973,-0.5323198559193465,-1.2113003114122551,21.987525158687973,0.42194234488695054,3376.309407308632,757.1752453825937,87.54850073698603,79.39364277947149,2.8296427028842928,10.235391015823986,0.9729841967856302,12.441,1.986,100.0,healthy,0.0,1.0,scenario_rapid_throttle_transition,scenario_rapid_throttle_transition.csv,0,rapid_throttle_transition,0
1780420283.5,283.5,580.0,0.0,579.88,0.0,11.409630671680077,11.903134167228552,25.5140318916878,-1.4127591947323483,-1.6917796126967457,25.5140318916878,0.4223910314267393,3405.43565021099,769.2478442881937,141.8097779716691,61.30391051760934,3.5411082596980576,11.763622013198603,0.9945226174972677,12.46,2.138,100.0,healthy,0.0,1.0,scenario_rapid_throttle_transition,scenario_rapid_throttle_transition.csv,0,rapid_throttle_transition,0
1780420283.75,283.75,580.0,0.0,579.88,0.0,11.416828326502268,11.482539380041972,32.22156457439432,0.9152787503605773,-2.142195939217614,32.22156457439432,0.42043395497154884,3120.2166787114,741.2806659908272,83.6014528670312,82.8814583505158,2.8710660757226916,10.926146846057344,0.9640122284752415,12.492,2.27,100.0,healthy,0.0,1.0,scenario_rapid_throttle_transition,scenario_rapid_throttle_transition.csv,0,rapid_throttle_transition,0
1780420284.0,284.0,580.0,0.0,579.88,0.0,11.40174936437239,10.833380968689921,28.71886946635942,0.7058529288248243,-0.5159486698445014,28.71886946635942,0.4235221207279201,3608.993753287938,788.9455020790849,88.05771097068991,60.58602313197564,2.9248850129747366,14.399023666124073,0.7843692336842087,12.479,2.341,100.0,healthy,0.0,1.0,scenario_rapid_throttle_transition,scenario_rapid_throttle_transition.csv,0,rapid_throttle_transition,0
1780420284.25,284.25,582.5725427026815,2.572542702681557,582.4525427026815,0.0,11.48150971135998,11.612226317472947,36.295122339000216,-0.6401025229504269,-1.2333385075496037,36.295122339000216,0.423077713826578,3371.648372951469,809.9728468742807,101.3074820419093,62.59496846325998,2.927226394114472,8.122244716639475,0.8996732126337823,12.444,2.341,100.0,healthy,0.0,1.0,scenario_rapid_throttle_transition,scenario_rapid_throttle_transition.csv,0,rapid_throttle_transition,0
1780420284.5,284.5,580.0,0.0,579.88,0.0,11.52245134989652,11.6350633333232,41.734108027812496,0.09639799170609242,-0.9976729067854336,41.734108027812496,0.42196214447700287,3608.3836318270937,764.9783083294152,89.894776880498,63.72825359437279,2.4680354426847266,6.498029163030866,0.8431824870394772,12.521,2.344,100.0,healthy,0.0,1.0,scenario_rapid_throttle_transition,scenario_rapid_throttle_transition.csv,0,rapid_throttle_transition,0
1780420284.75,284.75,581.6288012366643,1.628801236664322,581.5088012366643,0.0,11.584866664315712,11.669093995565003,36.2518160326663,0.7053503541513955,-0.8302665290175765,36.2518160326663,0.4219774403318836,4259.453666103755,791.3845199545444,111.72092247403131,84.12573522606134,3.2555881598724614,11.426119360788022,0.8853567162733231,12.513,2.23,100.0,healthy,0.0,1.0,scenario_rapid_throttle_transition,scenario_rapid_throttle_transition.csv,0,rapid_throttle_transition,0
1780420285.0,285.0,580.0,0.0,579.88,0.0,11.558226081435192,11.515775436718828,34.86063288692493,-1.7645089360314952,-1.9151402617240088,34.86063288692493,0.42052430502407623,4317.134788586591,745.893079714324,98.75814326738124,67.68197416918792,3.1402554752163936,11.453188402636277,0.9401423789721122,12.459,2.094,100.0,healthy,0.0,1.0,scenario_rapid_throttle_transition,scenario_rapid_throttle_transition.csv,0,rapid_throttle_transition,0
1780420285.25,285.25,580.5817440196129,0.5817440196129142,580.4617440196129,0.0,11.607894802376249,11.151668725802594,34.64106570085337,-1.1044830443116198,-2.00600220604883,34.64106570085337,0.4227267886312562,3836.649745639213,785.1015411488567,95.365751728184,67.99056020196781,3.182467483146532,9.726114771139686,1.0309879623415772,12.44,2.117,100.0,healthy,0.0,1.0,scenario_rapid_throttle_transition,scenario_rapid_throttle_transition.csv,0,rapid_throttle_transition,0
1780420285.5,285.5,580.0,0.0,579.88,0.0,11.609408112081885,11.46093910230436,26.306636809303253,-0.7456758738520761,-0.9156320657065173,26.306636809303253,0.4193270186248775,2656.3542740759513,765.6374555750748,93.46207810083915,68.74961322230781,3.030999900971949,9.025725588784873,0.9553327363843958,12.558,2.366,100.0,healthy,0.0,1.0,scenario_rapid_throttle_transition,scenario_rapid_throttle_transition.csv,0,rapid_throttle_transition,0
1780420285.75,285.75,580.0,0.0,579.88,0.0,11.68540949713706,11.4625732802682,31.17581521338352,0.12311106109623987,-1.085370867527535,31.17581521338352,0.4202330597047019,2999.495795163586,744.2336716057746,90.04612791662588,85.93756682605111,2.957890043153303,13.628098056202251,0.941364283446636,12.478,2.301,100.0,healthy,0.0,1.0,scenario_rapid_throttle_transition,scenario_rapid_throttle_transition.csv,0,rapid_throttle_transition,0
1780420286.0,286.0,580.0,0.0,579.88,0.0,11.65378493151509,12.189582523348905,31.60625921445758,-0.20842984516758092,-2.46509703651701,31.60625921445758,0.4234910130945154,3496.7619550699515,760.5161883716149,130.2775057701799,63.00662993403411,2.506939393326326,9.922356769924061,0.7834825232234306,12.456,2.373,100.0,healthy,0.0,1.0,scenario_rapid_throttle_transition,scenario_rapid_throttle_transition.csv,0,rapid_throttle_transition,0
1780420286.25,286.25,580.4335479605102,0.43354796051021266,580.3135479605102,0.0,11.641890704801433,11.415616907360798,34.80085122832102,-0.7732178273353572,-1.3161963413328814,34.80085122832102,0.4260229410014857,2942.9081997004405,763.8238524996117,98.6071369619828,72.5896667984816,3.1774746293415514,7.202849577536776,0.8531081869408202,12.524,2.297,100.0,healthy,0.0,1.0,scenario_rapid_throttle_transition,scenario_rapid_throttle_transition.csv,0,rapid_throttle_transition,0
1780420286.5,286.5,580.6986153128962,0.6986153128962583,580.5786153128962,0.0,11.68352505669716,11.62103397616614,36.83704860541188,-1.5522839006775528,-0.449061330746545,36.83704860541188,0.42707664810497936,3491.2477269651245,764.3138822934731,90.12128403634699,45.29134041762947,3.352085162713012,8.497082848764787,1.0393099387697928,12.441,2.056,100.0,healthy,0.0,1.0,scenario_rapid_throttle_transition,scenario_rapid_throttle_transition.csv,0,rapid_throttle_transition,0
1780420286.75,286.75,580.3003807628861,0.3003807628861265,580.1803807628861,0.0,11.743700660532904,11.353917257665165,38.64621332531602,0.2967753547622067,-1.9132942371818342,38.64621332531602,0.4254096186795715,2735.0626074569377,790.6418230673067,100.04068290439656,72.33591827461693,2.833636780070967,9.215343249054804,0.9265875172600411,12.492,2.264,100.0,healthy,0.0,1.0,scenario_rapid_throttle_transition,scenario_rapid_throttle_transition.csv,0,rapid_throttle_transition,0
1780420287.0,287.0,580.0,0.0,579.88,0.0,11.808702479845497,11.49570492299567,37.52915590731839,0.18196222229449138,-1.4537801251446014,37.52915590731839,0.4291894629335123,3185.3424270485434,772.9954258675588,65.6516973198491,89.4190692436556,3.4528973383814616,10.043434198815167,0.9119220083765588,12.373,2.217,100.0,healthy,0.0,1.0,scenario_rapid_throttle_transition,scenario_rapid_throttle_transition.csv,0,rapid_throttle_transition,0
1780420287.25,287.25,580.0,0.0,579.88,0.0,11.878725920655206,12.303740283514422,33.01697167700441,-1.586384658635348,-1.0299275320109675,33.01697167700441,0.42854725503731994,3366.3761097138163,800.2729712445544,119.98836606319801,74.20560521308408,2.874456262799885,7.3708840451393485,0.9655964313405657,12.515,2.386,100.0,healthy,0.0,1.0,scenario_rapid_throttle_transition,scenario_rapid_throttle_transition.csv,0,rapid_throttle_transition,0
1780420287.5,287.5,583.2283400919418,3.2283400919418703,583.1083400919418,0.0,11.954477687597167,12.412660329782302,32.4756944255737,0.5291474655499788,-2.3531060206856753,32.4756944255737,0.43177087444166057,2597.6429175154904,777.1164611756213,76.28134455078568,50.53831099082599,3.168891210509264,13.920812132906118,0.824311664009685,12.461,2.279,100.0,healthy,0.0,1.0,scenario_rapid_throttle_transition,scenario_rapid_throttle_transition.csv,0,rapid_throttle_transition,0
1780420287.75,287.75,581.0224567286051,1.0224567286051298,580.9024567286051,0.0,11.975620130148467,12.10588349970518,33.570614358754305,-0.8960802510576757,-2.4223235982198075,33.570614358754305,0.4290653064386809,2762.6753919462367,778.2731922848029,114.76791120031024,79.03952398641292,2.9636187690706395,11.44463332592915,0.9270700182315411,12.537,2.345,100.0,healthy,0.0,1.0,scenario_rapid_throttle_transition,scenario_rapid_throttle_transition.csv,0,rapid_throttle_transition,0
1780420288.0,288.0,580.0,0.0,579.88,0.0,12.059873504610197,12.605784886961855,32.44456237658259,-1.4473180060695927,-1.411102262820068,32.44456237658259,0.42927321753290465,3302.1175083289218,792.2493280730328,90.06625383993011,52.82363151105145,3.3435680978743414,11.010756347642484,0.9003563213174026,12.492,2.212,100.0,healthy,0.0,1.0,scenario_rapid_throttle_transition,scenario_rapid_throttle_transition.csv,0,rapid_throttle_transition,0
1780420288.25,288.25,580.0,0.0,579.88,0.0,12.06799580111542,12.001132685336701,29.513962467931304,-0.24242487767160234,-0.509595874410474,29.513962467931304,0.4304716511770944,3113.1143869079715,775.3247431598403,91.03590045931594,85.17647414628601,2.7586384619986415,12.655751915155648,1.0051737159260754,12.439,2.336,100.0,healthy,0.0,1.0,scenario_rapid_throttle_transition,scenario_rapid_throttle_transition.csv,0,rapid_throttle_transition,0
1780420288.5,288.5,580.8726478198589,0.8726478198588679,580.7526478198589,0.0,12.047253353689719,12.435064851988733,21.873689333025244,-0.493095441669532,-2.3708160378805805,21.873689333025244,0.4306018274807948,3870.7878514378353,772.7387014140946,106.79426436654042,58.129729476285306,2.734904701998418,9.577576259629428,0.9091961607587896,12.527,2.109,100.0,healthy,0.0,1.0,scenario_rapid_throttle_transition,scenario_rapid_throttle_transition.csv,0,rapid_throttle_transition,0
1780420288.75,288.75,580.0,0.0,579.88,0.0,12.064055752293955,11.854322495712886,34.66569678127342,-0.8330748328888192,-2.0925523435423714,34.66569678127342,0.42992930777907556,4192.649907897194,804.7184333580709,122.29423987383623,67.22379240537539,2.9369362429457584,9.388238830055117,0.9846809390523402,12.427,2.185,100.0,healthy,0.0,1.0,scenario_rapid_throttle_transition,scenario_rapid_throttle_transition.csv,0,rapid_throttle_transition,0
1780420289.0,289.0,581.4857855865087,1.485785586508606,581.3657855865087,0.0,12.03736510420141,12.635641257242904,35.65409337322422,0.20795538986165138,-2.24601354204454,35.65409337322422,0.43118446346484,3142.1468370662465,786.2399741315731,113.73771979099389,90.73560124889465,3.2613867114035173,10.314602758054143,0.8007984160901225,12.507,2.193,100.0,healthy,0.0,1.0,scenario_rapid_throttle_transition,scenario_rapid_throttle_transition.csv,0,rapid_throttle_transition,0
1780420289.25,289.25,580.8149887298487,0.8149887298486996,580.6949887298487,0.0,12.081164199634326,12.44689450938706,37.12410880559243,-0.7070755523609864,-1.8379105153394502,37.12410880559243,0.43184777876951946,3147.718781894736,758.969199128716,82.35314166906554,67.60640434255969,2.778583543062738,8.239159970732189,1.0257327077437637,12.517,2.096,100.0,healthy,0.0,1.0,scenario_rapid_throttle_transition,scenario_rapid_throttle_transition.csv,0,rapid_throttle_transition,0
1780420289.5,289.5,580.0,0.0,579.88,0.0,12.113328997704935,12.154155993916298,37.618181001428084,-0.2931659991046676,-2.3445184955453233,37.618181001428084,0.42889615301095274,3353.6151758729475,808.0066796742813,105.46988361431124,67.49871677621331,2.6565425830739144,11.81237057030916,0.9497661173198352,12.53,2.288,100.0,healthy,0.0,1.0,scenario_rapid_throttle_transition,scenario_rapid_throttle_transition.csv,0,rapid_throttle_transition,0
1780420289.75,289.75,580.7501388626091,0.7501388626091334,580.6301388626091,0.0,12.187072543832935,12.311172665087895,30.296487748338553,0.6612913338205822,-1.0826414792666537,30.296487748338553,0.4304496830882414,3227.519930298901,795.908790775618,79.28777605793289,82.55909963188529,3.553889449969248,11.396985085309717,0.9319997828314979,12.575,2.348,100.0,healthy,0.0,1.0,scenario_rapid_throttle_transition,scenario_rapid_throttle_transition.csv,0,rapid_throttle_transition,0
1780420290.0,290.0,580.0,0.0,579.88,0.0,12.22504324709936,12.428904757337595,34.13552666011652,1.22796392958008,-0.9375423293299443,34.13552666011652,0.4282262720355353,3452.892496503184,811.8407390182768,89.98452446561065,70.59826018764396,3.310938448459577,8.044004607606599,0.9797874944781967,12.477,2.177,100.0,healthy,0.0,1.0,scenario_rapid_throttle_transition,scenario_rapid_throttle_transition.csv,0,rapid_throttle_transition,0
1780420290.25,290.25,580.3035559589119,0.30355595891190895,580.1835559589119,0.0,12.287874233413502,12.508634550328141,35.636562148681016,0.5830914155454772,-2.9073647037322212,35.636562148681016,0.4314617393867805,3205.834513567928,798.5931270199802,99.6027448055021,79.9215255158842,2.9814998952978256,13.402351558320198,1.100910094737086,12.47,2.113,100.0,healthy,0.0,1.0,scenario_rapid_throttle_transition,scenario_rapid_throttle_transition.csv,0,rapid_throttle_transition,0
1780420290.5,290.5,580.0,0.0,579.88,0.0,12.330268552203277,12.254159870711046,30.425087921105323,1.1775660575471214,-1.5800469081988007,30.425087921105323,0.4310261661189453,3834.155910951731,751.560547972237,87.39976916393051,68.72299011175163,3.3088141951140915,9.664172302284136,0.9087984448633475,12.461,2.384,100.0,healthy,0.0,1.0,scenario_rapid_throttle_transition,scenario_rapid_throttle_transition.csv,0,rapid_throttle_transition,0
1780420290.75,290.75,581.6283270573731,1.6283270573730786,581.5083270573731,0.0,12.361347502663804,12.272008080080829,38.098884638821524,0.09147814684206948,-1.7567637741939632,38.098884638821524,0.43199583756369686,3439.670610397777,735.1488654056735,92.66458964960465,76.57684685865728,3.027751430238334,7.826205485223335,0.9507580397121277,12.506,2.247,100.0,healthy,0.0,1.0,scenario_rapid_throttle_transition,scenario_rapid_throttle_transition.csv,0,rapid_throttle_transition,0
1780420291.0,291.0,580.0,0.0,579.88,0.0,12.44275010890232,12.839051955261615,29.761428617401123,-1.4575915183480541,-2.928916875098712,29.761428617401123,0.43021572047614537,3117.4182509004595,847.2858907117195,104.78816567012099,82.50222953269045,3.3709296673260836,10.769852666838226,0.8345025699938918,12.516,2.329,100.0,healthy,0.0,1.0,scenario_rapid_throttle_transition,scenario_rapid_throttle_transition.csv,0,rapid_throttle_transition,0
1780420291.25,291.25,581.8643584241265,1.8643584241265052,581.7443584241265,0.0,12.424076507029703,12.215085175762878,35.41279312043933,1.1137009281729888,-0.37309583515067235,35.41279312043933,0.4330009526388923,3520.6357529091724,810.8408167914422,75.8563762507847,56.823611940921026,3.1552781685056517,9.163966516074655,1.01403076408419,12.501,2.421,100.0,healthy,0.0,1.0,scenario_rapid_throttle_transition,scenario_rapid_throttle_transition.csv,0,rapid_throttle_transition,0
1780420291.5,291.5,580.4889435589199,0.48894355891994246,580.3689435589199,0.0,12.448648682446768,11.946207409982874,31.028588390718973,1.2812831436121417,-2.089109293645731,31.028588390718973,0.43464784980779453,3936.2014224504956,784.9732587153734,71.29271896096563,71.25781173762313,2.5299913489262535,9.254045777551983,0.8868819680224539,12.453,2.288,100.0,healthy,0.0,1.0,scenario_rapid_throttle_transition,scenario_rapid_throttle_transition.csv,0,rapid_throttle_transition,0
1780420291.75,291.75,581.3542011944136,1.354201194413573,581.2342011944136,0.0,12.537717779218656,13.097532964303845,28.54194976580522,1.587848622056707,-1.326229770115186,28.54194976580522,0.43756121265364034,3519.2124983736267,768.8831973470178,115.63091455595944,71.03852184096957,3.211069679089732,12.410843366426153,0.7851920874659929,12.502,2.278,100.0,healthy,0.0,1.0,scenario_rapid_throttle_transition,scenario_rapid_throttle_transition.csv,0,rapid_throttle_transition,0
1780420292.0,292.0,580.0,0.0,579.88,0.0,12.562666646537519,12.337776091001407,36.877711892424635,0.16098241571835703,-1.6644725664965867,36.877711892424635,0.439364816513101,3991.202289491502,761.2293752270455,75.05042729848282,58.99531336709125,3.3336959751849338,13.366845124336955,0.8388275672715252,12.428,2.362,100.0,healthy,0.0,1.0,scenario_rapid_throttle_transition,scenario_rapid_throttle_transition.csv,0,rapid_throttle_transition,0
1780420292.25,292.25,580.5512761769306,0.5512761769306656,580.4312761769306,0.0,12.613572335379509,12.048768651637868,36.525228556694806,0.19233554547926004,-1.5006448640896297,36.525228556694806,0.4377627271985509,3953.460749623311,754.9568363755155,110.52102325251877,64.27576148790013,3.334247920088578,12.15497411796108,0.9273246564579523,12.495,2.269,100.0,healthy,0.0,1.0,scenario_rapid_throttle_transition,scenario_rapid_throttle_transition.csv,0,rapid_throttle_transition,0
1780420292.5,292.5,582.0174482944842,2.017448294484171,581.8974482944842,0.0,12.592573201440596,12.885034043710641,32.05350975484169,1.11738402582945,-2.6676777444648394,32.05350975484169,0.4363595308466476,3157.2121910280125,787.3198441777691,58.5048479730915,72.75111972218998,2.8267618659497113,8.60634125391211,0.9920018556839479,12.543,2.2,100.0,healthy,0.0,1.0,scenario_rapid_throttle_transition,scenario_rapid_throttle_transition.csv,0,rapid_throttle_transition,0
1780420292.75,292.75,580.7627997453866,0.7627997453865947,580.6427997453866,0.0,12.661847699905369,12.304496474042496,33.63263523836302,-0.5028487172212314,-1.6485864075833108,33.63263523836302,0.4350468646132693,3575.7403628347724,763.3072958135307,82.47477105068407,62.20951910012695,3.709720941973794,10.776294901679652,1.0065986624615977,12.562,2.375,100.0,healthy,0.0,1.0,scenario_rapid_throttle_transition,scenario_rapid_throttle_transition.csv,0,rapid_throttle_transition,0
1780420293.0,293.0,580.0,0.0,579.88,0.0,12.66037343921791,13.033099757624825,32.52538721726124,0.40758822949991796,-1.5180559231369237,32.52538721726124,0.4369878575370037,2929.39938742375,731.4709526267129,105.57741422050337,66.99721429974707,3.3880223451407305,10.791004968869318,0.8885463793854477,12.493,2.48,100.0,healthy,0.0,1.0,scenario_rapid_throttle_transition,scenario_rapid_throttle_transition.csv,0,rapid_throttle_transition,0
1780420293.25,293.25,580.2957716882648,0.2957716882648239,580.1757716882648,0.0,12.671140808826683,12.686166089289669,26.132638221748188,1.7053271347177446,-2.151148707266701,26.132638221748188,0.43677787945027285,3532.6890849390566,796.1601610221758,91.3737838812172,58.393718448271116,3.121311340023084,8.695726806260907,1.042219188434378,12.537,2.369,100.0,healthy,0.0,1.0,scenario_rapid_throttle_transition,scenario_rapid_throttle_transition.csv,0,rapid_throttle_transition,0
1780420293.5,293.5,580.0,0.0,579.88,0.0,12.697037150856781,12.145102540083856,28.389600684100216,0.9084521933947088,-1.437658174348022,28.389600684100216,0.43400554515228223,3152.9155562330006,783.1890157671384,100.88730596050527,57.551981819402194,2.9917738475798057,7.807081162378508,0.9023732883953813,12.518,2.179,100.0,healthy,0.0,1.0,scenario_rapid_throttle_transition,scenario_rapid_throttle_transition.csv,0,rapid_throttle_transition,0
1780420293.75,293.75,581.1979681948437,1.1979681948436758,581.0779681948437,0.0,12.77939175074054,12.848532842332634,37.14426200358584,0.9182714641842875,-2.6242600487575807,37.14426200358584,0.4352493989833956,3811.378286064026,760.0465421729257,73.39967568209264,79.33138632094638,2.971225991245834,7.952352016182744,0.8701527025776948,12.42,2.305,100.0,healthy,0.0,1.0,scenario_rapid_throttle_transition,scenario_rapid_throttle_transition.csv,0,rapid_throttle_transition,0
1780420294.0,294.0,582.4012930365421,2.4012930365421834,582.2812930365421,0.0,12.779278638335388,12.494218109103828,36.34807292471567,0.40398257961883244,-1.5027872941420615,36.34807292471567,0.43607466361047503,4060.8921899461707,762.0745281500084,100.6767754375403,84.63047987544606,2.698534390924733,9.626834870698628,0.7643028245396164,12.453,2.241,100.0,healthy,0.0,1.0,scenario_rapid_throttle_transition,scenario_rapid_throttle_transition.csv,0,rapid_throttle_transition,0
1780420294.25,294.25,580.0,0.0,579.88,0.0,12.834459603105987,12.859999262967829,32.523366351125745,1.225220147336513,-2.093481777231635,32.523366351125745,0.43982784016986876,4132.177184792448,774.4950806314849,63.749418260532295,52.92669817916819,3.1883845913313,13.17951961407131,0.8326331564750798,12.563,2.244,100.0,healthy,0.0,1.0,scenario_rapid_throttle_transition,scenario_rapid_throttle_transition.csv,0,rapid_throttle_transition,0
1780420294.5,294.5,580.0,0.0,579.88,0.0,12.813764099456465,12.865593093390842,30.420977997094056,-0.5525432317664635,-1.5439472352450967,30.420977997094056,0.44284086175721443,3764.7816322350245,803.8764930706648,61.9408080745411,57.42780242117804,2.492011409597003,7.2559469881471905,1.0249332718242237,12.401,2.268,100.0,healthy,0.0,1.0,scenario_rapid_throttle_transition,scenario_rapid_throttle_transition.csv,0,rapid_throttle_transition,0
1780420294.75,294.75,580.0701896509321,0.07018965093208968,579.9501896509321,0.0,12.830972032335163,12.860576019773386,25.364412307559135,0.8898632534526578,-2.1586134738033955,25.364412307559135,0.43901667736203603,3545.566684871993,760.4229287927492,79.09534229435931,95.25380359988803,2.873554434171188,11.723265541819957,0.8059581362067786,12.438,2.374,100.0,healthy,0.0,1.0,scenario_rapid_throttle_transition,scenario_rapid_throttle_transition.csv,0,rapid_throttle_transition,0
1780420295.0,295.0,580.0,0.0,579.88,0.0,12.897460284133363,12.947464494538105,33.123294860772845,1.066198299604509,-1.0791834684223955,33.123294860772845,0.4360995323777612,3315.3415392463335,766.3081296879514,56.97873268669656,66.92622597788825,3.1265744757825913,9.358510648999015,0.9902323459654181,12.596,2.105,100.0,healthy,0.0,1.0,scenario_rapid_throttle_transition,scenario_rapid_throttle_transition.csv,0,rapid_throttle_transition,0
1780420295.25,295.25,580.6169532508087,0.616953250808737,580.4969532508087,0.0,12.969624655226987,13.438402738539954,32.00554173967967,-0.18627658858718954,-1.5166134729328304,32.00554173967967,0.43298225838561893,3100.7372396216674,750.0988214197893,56.79419837617489,76.18166156473438,2.672092196337621,12.601318119970276,0.8116336626884706,12.545,2.222,100.0,healthy,0.0,1.0,scenario_rapid_throttle_transition,scenario_rapid_throttle_transition.csv,0,rapid_throttle_transition,0
1780420295.5,295.5,580.0,0.0,579.88,0.0,13.038062270037543,12.64060850645869,27.680673149281326,1.126044505126245,-1.683999924068129,27.680673149281326,0.4317510007962838,4127.5468655263785,808.0826603153499,77.80439746322925,80.63314250714251,3.0269128284151,6.471937641095087,0.8062709907698717,12.477,2.278,100.0,healthy,0.0,1.0,scenario_rapid_throttle_transition,scenario_rapid_throttle_transition.csv,0,rapid_throttle_transition,0
1780420295.75,295.75,581.6603407742758,1.6603407742758365,581.5403407742758,0.0,13.079177599793969,12.480494641342537,38.255813739483926,0.44246673015708476,-2.2114547172032415,38.255813739483926,0.4308227733044879,3276.4595491859454,849.665715164707,88.51183850640598,42.866395907338294,2.8890450447314793,12.059735380939381,0.9299600141943278,12.543,2.322,100.0,healthy,0.0,1.0,scenario_rapid_throttle_transition,scenario_rapid_throttle_transition.csv,0,rapid_throttle_transition,0
1780420296.0,296.0,580.4048507443364,0.4048507443364422,580.2848507443364,0.0,13.145399543479868,13.40457423639925,35.198742030139215,0.36484940003531097,-1.3050211300198797,35.198742030139215,0.4346931290461139,3876.7038207838673,745.9589701779329,100.4752590083241,69.61757595297095,3.2213653832388713,8.88126777418262,0.9246463875214426,12.429,2.213,100.0,healthy,0.0,1.0,scenario_rapid_throttle_transition,scenario_rapid_throttle_transition.csv,0,rapid_throttle_transition,0
1780420296.25,296.25,580.0,0.0,579.88,0.0,13.12281469055149,13.746709701505033,30.16129190424157,0.00935830293127815,-2.445746333504481,30.16129190424157,0.43898970740664495,3767.3389735845135,768.4800717072482,66.02493163371959,53.394241264740984,2.7750912481375654,10.615583708881543,0.9951120702414277,12.58,2.269,100.0,healthy,0.0,1.0,scenario_rapid_throttle_transition,scenario_rapid_throttle_transition.csv,0,rapid_throttle_transition,0
1780420296.5,296.5,580.9989032886718,0.9989032886718445,580.8789032886718,0.0,13.13961409042092,13.63526758976317,37.096552519796155,1.8804779403810774,-1.6001608572044468,37.096552519796155,0.4390892167943072,3912.9199423992586,772.3619735292302,85.8567308506349,84.49969039795349,3.417562597303127,7.058092910345028,0.9436260719856199,12.51,2.18,100.0,healthy,0.0,1.0,scenario_rapid_throttle_transition,scenario_rapid_throttle_transition.csv,0,rapid_throttle_transition,0
1780420296.75,296.75,580.1007075935935,0.10070759359342862,579.9807075935935,0.0,13.130050168251877,13.67378207922454,33.449302049970626,-0.21319207451438404,-1.3415867729186965,33.449302049970626,0.43611898361690654,3867.4729304044977,760.3086321826362,84.49908868444925,52.48667148202016,3.058710862150196,11.922868789888877,0.857658655835412,12.469,2.407,100.0,healthy,0.0,1.0,scenario_rapid_throttle_transition,scenario_rapid_throttle_transition.csv,0,rapid_throttle_transition,0
1780420297.0,297.0,581.3963110104625,1.3963110104624517,581.2763110104625,0.0,13.138746781714348,13.185275304394112,31.730827430609587,1.4826281459575188,-2.0996204157519673,31.730827430609587,0.4361167247251253,4060.6880363606274,798.6547215894003,81.07730814341838,67.8496920086037,4.005422913386569,15.331675900398814,0.7466590010253449,12.383,2.224,100.0,healthy,0.0,1.0,scenario_rapid_throttle_transition,scenario_rapid_throttle_transition.csv,0,rapid_throttle_transition,0
1780420297.25,297.25,581.6402326375386,1.6402326375386251,581.5202326375386,0.0,13.234692257449355,13.246749233377544,25.559726760540208,1.5708979375888847,-1.347696100678354,25.559726760540208,0.4409349349913446,3662.9557585155167,820.6271530122576,90.99006660742104,59.522917122454764,2.979678403708536,10.52144984133746,0.9363754364984571,12.542,2.387,100.0,healthy,0.0,1.0,scenario_rapid_throttle_transition,scenario_rapid_throttle_transition.csv,0,rapid_throttle_transition,0
1780420297.5,297.5,582.5844472107826,2.584447210782643,582.4644472107826,0.0,13.264396569231996,13.604192557896036,33.90589606713926,0.9701297453483477,-2.3085985361047836,33.90589606713926,0.44300004785804553,2975.613137711194,774.5031722207855,58.892689188200926,53.70838948530612,3.420696703906509,8.975437897513974,0.9163232168958576,12.435,2.2,100.0,healthy,0.0,1.0,scenario_rapid_throttle_transition,scenario_rapid_throttle_transition.csv,0,rapid_throttle_transition,0
1780420297.75,297.75,581.5193327534021,1.5193327534020518,581.3993327534021,0.0,13.261034976034015,13.700184960266892,38.62357211552545,0.24454560580599072,-0.46642872333037366,38.62357211552545,0.4395498262262274,3056.051973892464,734.4228581951953,83.70664997442378,62.67846654518782,3.482261001407597,8.585187846375105,0.9560506094218377,12.492,2.175,100.0,healthy,0.0,1.0,scenario_rapid_throttle_transition,scenario_rapid_throttle_transition.csv,0,rapid_throttle_transition,0
1780420298.0,298.0,581.1154171912075,1.1154171912074864,580.9954171912075,0.0,13.256363564209451,13.70594481214256,27.33668603838224,0.5617993917052381,-1.6113081249490786,27.33668603838224,0.4435398916424622,3059.923822870329,783.0151731312487,87.43778549835822,63.923531725412694,3.62304424641988,9.491194321128548,1.164427449603741,12.407,2.311,100.0,healthy,0.0,1.0,scenario_rapid_throttle_transition,scenario_rapid_throttle_transition.csv,0,rapid_throttle_transition,0
1780420298.25,298.25,581.078974606998,1.0789746069980015,580.958974606998,0.0,13.263738936263087,13.137339454754365,34.40259931250519,1.1378457609493293,-3.3943173638980433,34.40259931250519,0.4425353990387219,3397.701459872416,747.9893389381406,84.08027856155934,78.84998364070387,3.194683556886871,8.019732424853679,0.9123086543631673,12.488,2.197,100.0,healthy,0.0,1.0,scenario_rapid_throttle_transition,scenario_rapid_throttle_transition.csv,0,rapid_throttle_transition,0
1780420298.5,298.5,580.7872634459399,0.7872634459398904,580.6672634459399,0.0,13.259783037328996,12.766142916255985,33.43584367694073,-0.24380382201782957,-1.4890139175792163,33.43584367694073,0.44584874553963455,3398.1696418884876,744.9445716743348,78.41347094375975,61.10425594678035,3.2521782855417434,9.904093690461801,1.0138319410697747,12.513,2.329,100.0,healthy,0.0,1.0,scenario_rapid_throttle_transition,scenario_rapid_throttle_transition.csv,0,rapid_throttle_transition,0
1780420298.75,298.75,580.0,0.0,579.88,0.0,13.326426602498744,12.73552898758118,34.030316440722174,1.1366201559035376,-1.8555824708450643,34.030316440722174,0.4443859732980493,3611.562730473423,808.4683410842791,115.34501651846404,78.78165194822155,2.7712788860574635,10.016721739256742,0.8642391618629257,12.456,2.169,100.0,healthy,0.0,1.0,scenario_rapid_throttle_transition,scenario_rapid_throttle_transition.csv,0,rapid_throttle_transition,0
1780420299.0,299.0,581.539184578302,1.5391845783019005,581.419184578302,0.0,13.344504773888072,13.523710507029085,32.76848143918353,1.5959438534670256,-2.0824563923788064,32.76848143918353,0.4476997610660089,3298.911334180435,775.6158142353247,63.43940088392428,80.89272035635713,3.306647138005108,7.693289018722506,1.0251423195406875,12.55,2.212,100.0,healthy,0.0,1.0,scenario_rapid_throttle_transition,scenario_rapid_throttle_transition.csv,0,rapid_throttle_transition,0
1780420299.25,299.25,580.0316739263693,0.03167392636935818,579.9116739263693,0.0,13.419628431745991,12.942095080286178,30.64555670010791,1.432059727803564,-1.666630216016774,30.64555670010791,0.4487649939181053,3398.671103473574,737.4417325672866,88.90682748031563,89.92185697055817,2.987593691754885,9.067993789179583,0.914838772827117,12.474,2.398,100.0,healthy,0.0,1.0,scenario_rapid_throttle_transition,scenario_rapid_throttle_transition.csv,0,rapid_throttle_transition,0
1780420299.5,299.5,580.895544919042,0.8955449190419407,580.775544919042,0.0,13.480688603890506,13.446840133150085,31.469083831463315,1.891416711858442,-2.0489992401867294,31.469083831463315,0.45220246052175617,3622.8841798494213,810.578095265618,109.79491565512366,79.64790441001884,3.2675321407815026,10.911419973676573,0.8764996718018958,12.524,2.31,100.0,healthy,0.0,1.0,scenario_rapid_throttle_transition,scenario_rapid_throttle_transition.csv,0,rapid_throttle_transition,0
1780420299.75,299.75,583.5721654814545,3.572165481454478,583.4521654814545,0.0,13.480311581714613,13.592727120914073,37.39200878051365,2.0344451046755467,-1.3070357542420208,37.39200878051365,0.4557463469362774,3305.6341963180193,819.0929440131351,89.40373647512838,66.52936863871167,2.8347835001692627,12.296693045064881,0.8886383197921962,12.539,2.346,100.0,healthy,0.0,1.0,scenario_rapid_throttle_transition,scenario_rapid_throttle_transition.csv,0,rapid_throttle_transition,0
1780420300.0,300.0,580.0,0.0,579.88,0.0,13.46835533723975,12.841547896452461,37.6621352176764,1.6432498148662988,-1.0511043867605392,37.6621352176764,0.4563996957682304,3792.3148804637076,795.0328641384523,68.62646928151604,84.0887569177119,3.151839153380942,10.430709185192999,0.8327319586800092,12.492,2.438,100.0,healthy,0.0,1.0,scenario_rapid_throttle_transition,scenario_rapid_throttle_transition.csv,0,rapid_throttle_transition,0
1780420300.25,300.25,580.0,0.0,579.88,0.0,13.461703135375366,13.78947071929537,40.20957174856753,1.717818184990037,-2.3727667917141155,40.20957174856753,0.4552441409024384,3867.237996422048,726.6349042825576,82.09899742284583,56.44956743638461,2.764189233126278,10.760208997032063,0.9575115228406915,12.531,1.984,100.0,healthy,0.0,1.0,scenario_rapid_throttle_transition,scenario_rapid_throttle_transition.csv,0,rapid_throttle_transition,0
1780420300.5,300.5,580.7359696080715,0.7359696080714765,580.6159696080715,0.0,13.47367649756837,13.194954314247546,28.13864358683788,2.169794272344764,-1.4492622431996367,28.13864358683788,0.4520666246672003,3919.3694944419967,717.4604500316392,82.24794513183325,64.79522708178955,3.071498821532447,12.226235087298706,1.1509760457650637,12.378,2.353,100.0,healthy,0.0,1.0,scenario_rapid_throttle_transition,scenario_rapid_throttle_transition.csv,0,rapid_throttle_transition,0
1780420300.75,300.75,580.0,0.0,579.88,0.0,13.469397548130232,13.90485352659812,31.228073054152084,2.657470669377622,-2.2915167173571183,31.228073054152084,0.45348925872343165,3757.4779671428514,773.6172788038822,94.28212881178226,46.61426824531618,2.794867006692437,12.836641928290813,1.0424233114120915,12.5,2.225,100.0,healthy,0.0,1.0,scenario_rapid_throttle_transition,scenario_rapid_throttle_transition.csv,0,rapid_throttle_transition,0
1780420301.0,301.0,583.9395779404061,3.939577940406182,583.8195779404061,0.0,13.540630379076298,13.838795189677553,35.795538862266376,1.5522924052289189,-3.001235511754204,35.795538862266376,0.45109159541728105,3617.6148344478456,801.0913924713385,73.8599708217422,55.326639166255106,3.698694563904391,13.373536840628397,0.9084207626676023,12.504,2.49,100.0,healthy,0.0,1.0,scenario_rapid_throttle_transition,scenario_rapid_throttle_transition.csv,0,rapid_throttle_transition,0
1780420301.25,301.25,580.0,0.0,579.88,0.0,13.57793501057981,13.992636641021619,35.782278448613056,2.4739136169064464,-2.1306753329693486,35.782278448613056,0.4541081367766045,4284.719822645831,771.4296001237595,81.96363774323723,70.04730212915469,3.1198276458854837,9.61987508790475,0.922954943827824,12.434,2.31,100.0,healthy,0.0,1.0,scenario_rapid_throttle_transition,scenario_rapid_throttle_transition.csv,0,rapid_throttle_transition,0
1780420301.5,301.5,581.4787149899258,1.4787149899258296,581.3587149899258,0.0,13.606264303095934,14.285390057697432,37.46323941887487,1.4031360637141577,-1.4598165210644876,37.46323941887487,0.4563550598675565,3165.409465725188,763.4843121348258,67.01438887188225,71.58518324305359,2.480727458261714,12.592115364461028,1.0606122039092332,12.451,2.328,100.0,healthy,0.0,1.0,scenario_rapid_throttle_transition,scenario_rapid_throttle_transition.csv,0,rapid_throttle_transition,0
1780420301.75,301.75,581.1767401988459,1.1767401988459034,581.0567401988459,0.0,13.690832623457437,13.065999578995322,37.220703006522754,1.1763073264814652,-0.8099606603670608,37.220703006522754,0.45258370538481174,3998.638031606855,747.4845113526541,93.66571040401632,98.02088718953297,2.9535996666413427,11.033527407242365,0.9538883193408725,12.416,2.424,100.0,healthy,0.0,1.0,scenario_rapid_throttle_transition,scenario_rapid_throttle_transition.csv,0,rapid_throttle_transition,0
1780420302.0,302.0,580.0,0.0,579.88,0.0,13.793404130664708,13.807006509635283,39.27528898264863,2.2760620133956158,-1.8444036357835867,39.27528898264863,0.45508974157928944,3670.5780415095137,719.6523248137277,91.14394109137787,80.36383000896055,3.0669411380552694,9.450636639636413,0.9640696406241043,12.602,2.395,100.0,healthy,0.0,1.0,scenario_rapid_throttle_transition,scenario_rapid_throttle_transition.csv,0,rapid_throttle_transition,0
1780420302.25,302.25,580.1855331468893,0.18553314688922876,580.0655331468893,0.0,13.894248843422167,13.405705377274318,24.91207464315297,2.292366338326182,-1.0833707134529367,24.91207464315297,0.45310568824160374,3615.8468636133366,766.412505632022,91.43555943397232,71.53862666901762,3.567736071183341,11.41736481561852,0.9425735649545562,12.591,2.352,100.0,healthy,0.0,1.0,scenario_rapid_throttle_transition,scenario_rapid_throttle_transition.csv,0,rapid_throttle_transition,0
1780420302.5,302.5,580.0,0.0,579.88,0.0,13.89877052785928,13.210544065641992,36.32056150582637,0.8659783016772541,-1.9242294352653135,36.32056150582637,0.44954634753090106,3583.9564599961636,794.5720815435799,104.8835980104235,65.604620112843,3.0862812545950233,12.419888830784313,0.9222164257038925,12.477,2.391,100.0,healthy,0.0,1.0,scenario_rapid_throttle_transition,scenario_rapid_throttle_transition.csv,0,rapid_throttle_transition,0
1780420302.75,302.75,581.341971167193,1.3419711671929946,581.221971167193,0.0,13.89519216361072,14.497991730467053,37.414638404069315,0.6558383294271577,-2.7473877228017147,37.414638404069315,0.4472817080940172,2041.501327853473,786.7142764828967,80.28806145395016,87.18156389823322,2.9006103707853104,7.7708646496923865,1.0293608678324084,12.481,2.186,100.0,healthy,0.0,1.0,scenario_rapid_throttle_transition,scenario_rapid_throttle_transition.csv,0,rapid_throttle_transition,0
1780420303.0,303.0,580.0,0.0,579.88,0.0,13.973378729869657,14.485643885436879,31.537057541792976,3.996462244176044,-0.5834980394879241,31.537057541792976,0.4485301699171164,3451.9408683572497,740.2241109781223,71.0873120308951,55.359288295893144,2.5616678092477123,9.595716517938099,0.8648884771122665,12.467,2.318,100.0,healthy,0.0,1.0,scenario_rapid_throttle_transition,scenario_rapid_throttle_transition.csv,0,rapid_throttle_transition,0
1780420303.25,303.25,580.0,0.0,579.88,0.0,14.065772669969144,13.497686061706897,36.05586074687044,2.985714348436153,-1.3039223448451682,36.05586074687044,0.4458638961546413,3845.988933866491,814.4678961077952,41.037232425847854,44.73644336524346,3.0257995041579897,10.512105269660163,0.980061581167394,12.517,2.256,100.0,healthy,0.0,1.0,scenario_rapid_throttle_transition,scenario_rapid_throttle_transition.csv,0,rapid_throttle_transition,0
1780420303.5,303.5,580.0,0.0,579.88,0.0,14.109499430832722,13.421009885306976,42.24393164780902,1.6775261801323806,-2.029482083626115,42.24393164780902,0.4483512023450533,3329.8792333762913,800.3511803989821,54.34764694731412,63.37883440768642,3.3466181496181187,10.058136946346753,0.9909846199310894,12.518,2.328,100.0,healthy,0.0,1.0,scenario_rapid_throttle_transition,scenario_rapid_throttle_transition.csv,0,rapid_throttle_transition,0
1780420303.75,303.75,580.1724105421144,0.17241054211445833,580.0524105421144,0.0,14.124504899095152,13.613124628202156,35.83589765235021,1.37952652740126,-1.8202741870489738,35.83589765235021,0.44561324686514775,3954.7606775941854,819.9184189063687,75.42495943211978,63.42106584567747,3.502534691621906,9.21939026478187,0.7854836630366681,12.543,2.206,100.0,healthy,0.0,1.0,scenario_rapid_throttle_transition,scenario_rapid_throttle_transition.csv,0,rapid_throttle_transition,0
1780420304.0,304.0,581.1697816753147,1.1697816753146848,581.0497816753146,0.0,14.18738243401613,14.74165922838165,34.100734334975634,1.0400505972399094,-1.6299551277001463,34.100734334975634,0.4493840558584004,3368.627364354462,781.7432286796247,44.48160895486714,62.14738648679894,2.84354113580203,8.305682514882918,0.826668107482807,12.531,2.285,100.0,healthy,0.0,1.0,scenario_rapid_throttle_transition,scenario_rapid_throttle_transition.csv,0,rapid_throttle_transition,0
1780420304.25,304.25,580.0,0.0,579.88,0.0,14.202190701876974,13.9105618424494,35.330502957570964,2.3844316524761386,-2.0961383168837884,35.330502957570964,0.448495829528258,3539.0595960864275,797.6426881075946,93.08747619968214,78.49075682180751,2.826171811650112,11.162141648755064,1.0047394397771487,12.496,2.359,100.0,healthy,0.0,1.0,scenario_rapid_throttle_transition,scenario_rapid_throttle_transition.csv,0,rapid_throttle_transition,0
1780420304.5,304.5,580.5763912371962,0.5763912371961502,580.4563912371962,0.0,14.293803601473924,14.530449852420743,35.23599466350528,-0.2421494917074809,-2.034807617649549,35.23599466350528,0.4517971643176183,3199.0462593437724,776.8659483510606,58.31716065836624,57.47155042857352,3.5003233526104207,9.323185781065131,0.9892655888990728,12.468,2.439,100.0,healthy,0.0,1.0,scenario_rapid_throttle_transition,scenario_rapid_throttle_transition.csv,0,rapid_throttle_transition,0
1780420304.75,304.75,580.0,0.0,579.88,0.0,14.273337651502255,14.963609379465495,34.5700373909637,3.1552779393764205,-1.7948370909676425,34.5700373909637,0.45007328161247295,3632.2329947178737,779.4001020190859,85.29078995019206,76.9593940190725,3.288536150781326,8.07505368556787,0.927484838714666,12.541,2.442,100.0,healthy,0.0,1.0,scenario_rapid_throttle_transition,scenario_rapid_throttle_transition.csv,0,rapid_throttle_transition,0
1780420305.0,305.0,582.5727819846504,2.5727819846504154,582.4527819846504,0.0,14.302157236208288,14.752527492014345,31.81518820637431,1.9319361538014241,-1.9716005512134505,31.81518820637431,0.4545512191423472,3423.840910231605,796.3895998783679,75.89313525600264,54.99959398369215,2.766364242933377,10.102671852396151,0.8550997587379974,12.413,2.339,100.0,healthy,0.0,1.0,scenario_rapid_throttle_transition,scenario_rapid_throttle_transition.csv,0,rapid_throttle_transition,0
1780420305.25,305.25,580.3293204837228,0.3293204837228081,580.2093204837228,0.0,14.396746633930626,14.156171662203631,40.205356246645934,1.4845918724472527,-0.9117727003216176,40.205356246645934,0.45709686758130147,3204.13651829462,779.2646767623545,93.82520254010666,71.32279743119541,3.361624637453221,14.898303868361726,0.9285290294592476,12.542,2.348,100.0,healthy,0.0,1.0,scenario_rapid_throttle_transition,scenario_rapid_throttle_transition.csv,0,rapid_throttle_transition,0
1780420305.5,305.5,580.1075737767914,0.1075737767913613,579.9875737767914,0.0,14.445046682186327,15.080919450086407,36.03010435421685,2.408132841567261,-2.2883521619636342,36.03010435421685,0.459614769035016,3742.152315558849,828.2670297395399,73.69600462069681,63.3403680849603,3.1294300914540565,13.437284596628682,0.8587477975612499,12.399,2.427,100.0,healthy,0.0,1.0,scenario_rapid_throttle_transition,scenario_rapid_throttle_transition.csv,0,rapid_throttle_transition,0
1780420305.75,305.75,580.6481394074895,0.6481394074894138,580.5281394074894,0.0,14.464479997257074,15.16393173671482,35.96426900789144,1.7383405512078827,-2.557938747401507,35.96426900789144,0.46363584995334,3886.4880596095463,818.4806624887331,81.88182365114001,74.10896185327476,2.6786219342724458,9.096657245433446,0.9905241349959499,12.549,2.321,100.0,healthy,0.0,1.0,scenario_rapid_throttle_transition,scenario_rapid_throttle_transition.csv,0,rapid_throttle_transition,0
1780420306.0,306.0,583.9669277668316,3.9669277668316063,583.8469277668316,0.0,14.557679636107759,14.356209534251755,32.08641987061266,0.9847949574670853,-2.7398311357295544,32.08641987061266,0.46327503232942013,3835.69649919899,762.2878084881912,92.16432864616631,55.09565743147759,2.838502117033822,8.9425176891501,0.9992669272625613,12.513,2.451,100.0,healthy,0.0,1.0,scenario_rapid_throttle_transition,scenario_rapid_throttle_transition.csv,0,rapid_throttle_transition,0
1780420306.25,306.25,580.0,0.0,579.88,0.0,14.584342502193765,14.07733297263824,34.53737815202172,1.7488466993011458,-1.4009093100388967,34.53737815202172,0.4634530985013743,3884.372230819189,781.4680752273005,92.89828253778462,65.12596904781634,3.761509203320644,11.452051247007326,0.8785035108752361,12.498,2.386,100.0,healthy,0.0,1.0,scenario_rapid_throttle_transition,scenario_rapid_throttle_transition.csv,0,rapid_throttle_transition,0
1780420306.5,306.5,580.0712925426678,0.07129254266788365,579.9512925426678,0.0,14.605677506439237,15.070664336542327,38.05543479648363,1.8452268124339037,-2.069101539374354,38.05543479648363,0.4659760423382866,3574.7155353390444,831.7271407196697,73.50532054120008,71.99530045061597,2.934129434062502,10.15087098762917,1.0588586940988753,12.459,2.336,100.0,healthy,0.0,1.0,scenario_rapid_throttle_transition,scenario_rapid_throttle_transition.csv,0,rapid_throttle_transition,0
1780420306.75,306.75,580.0,0.0,579.88,0.0,14.642307428961262,15.090788935293414,26.87535960384418,1.4662174285334313,-2.9393752941708375,26.87535960384418,0.4635676854949567,3133.6921723384407,756.8053183999126,79.87245089324577,81.29797573170845,3.1238512502159272,10.94652652879072,0.9999437253156456,12.472,2.238,100.0,healthy,0.0,1.0,scenario_rapid_throttle_transition,scenario_rapid_throttle_transition.csv,0,rapid_throttle_transition,0
1780420307.0,307.0,580.0,0.0,579.88,0.0,14.70895752250163,15.265195365428411,37.049399125544326,-0.18881384075746377,-1.843642917287852,37.049399125544326,0.46205279199579674,2352.38742497728,767.1843310434384,54.73871628091665,76.74396049376011,3.748089890599357,11.276941254731781,1.045527312875739,12.55,2.323,100.0,healthy,0.0,1.0,scenario_rapid_throttle_transition,scenario_rapid_throttle_transition.csv,0,rapid_throttle_transition,0
1780420307.25,307.25,581.4326356845934,1.4326356845933306,581.3126356845934,0.0,14.780431656958871,15.330699819477461,40.14741251721665,3.019868401557243,-2.2270243053306222,40.14741251721665,0.4599776905837697,4303.365865762586,807.6759927277877,95.6357255567241,54.91857857797477,3.617476364857437,10.573449374139493,0.9410584353525616,12.371,2.546,100.0,healthy,0.0,1.0,scenario_rapid_throttle_transition,scenario_rapid_throttle_transition.csv,0,rapid_throttle_transition,0
1780420307.5,307.5,581.4865828057627,1.486582805762781,581.3665828057627,0.0,14.75282459128297,14.324781125269235,44.267574594335336,2.264727643945308,-2.224751925234293,44.267574594335336,0.4582441611301899,3527.1418393366316,774.9079097905549,52.775952081844636,70.27702187714917,2.59297153199695,7.3387754422202836,0.975235384777621,12.455,2.381,100.0,healthy,0.0,1.0,scenario_rapid_throttle_transition,scenario_rapid_throttle_transition.csv,0,rapid_throttle_transition,0
1780420307.75,307.75,580.0,0.0,579.88,0.0,14.812684824638072,15.464304826847332,41.049325812725435,1.6398319575540068,-2.429631272088452,41.049325812725435,0.4605923428337584,3715.8366157589976,761.2253896929756,73.2324086098038,55.06767865870611,2.834251351295089,10.956533017060696,0.9048730909034277,12.454,2.225,100.0,healthy,0.0,1.0,scenario_rapid_throttle_transition,scenario_rapid_throttle_transition.csv,0,rapid_throttle_transition,0
1780420308.0,308.0,580.0,0.0,579.88,0.0,14.786923428292098,14.352236718269738,35.127566550891366,2.87430240392032,-1.6928950601113832,35.127566550891366,0.463275484406891,3406.387872406397,786.8866714257073,63.54917701307866,43.12525128394906,2.7146107048540826,7.661498219876723,0.9059511668470761,12.496,2.204,100.0,healthy,0.0,1.0,scenario_rapid_throttle_transition,scenario_rapid_throttle_transition.csv,0,rapid_throttle_transition,0
1780420308.25,308.25,580.0,0.0,579.88,0.0,14.870872190723858,15.533359747872332,34.05738936102311,0.9003300159614831,-1.7946079421393508,34.05738936102311,0.45994552018407053,3470.3065338817228,748.9356760944395,74.34191456384012,70.33962926961561,2.7723430624642535,11.971456248636587,0.9431354068100744,12.492,2.364,100.0,healthy,0.0,1.0,scenario_rapid_throttle_transition,scenario_rapid_throttle_transition.csv,0,rapid_throttle_transition,0
1780420308.5,308.5,580.4382209380764,0.4382209380763451,580.3182209380764,0.0,14.853398451917093,14.28988200096912,39.708921825858816,0.9984989976285883,-2.003820574851249,39.708921825858816,0.4622735234106022,2766.907119886195,737.75388836466,104.51156755202463,84.23573934331868,2.8150179297645592,6.68252873703419,0.7389095760484158,12.525,2.372,100.0,healthy,0.0,1.0,scenario_rapid_throttle_transition,scenario_rapid_throttle_transition.csv,0,rapid_throttle_transition,0
1780420308.75,308.75,580.0,0.0,579.88,0.0,14.930607536791243,14.206070657203766,38.25670828290246,1.7713043892662623,-1.5826594080447611,38.25670828290246,0.46227871927696706,4025.89693945451,790.3605746121243,82.48737995866846,67.03933109871133,2.720978846135646,9.152880343412717,0.8289695530653501,12.439,2.235,100.0,healthy,0.0,1.0,scenario_rapid_throttle_transition,scenario_rapid_throttle_transition.csv,0,rapid_throttle_transition,0
1780420309.0,309.0,580.6652004184159,0.665200418415903,580.5452004184159,0.0,14.996555821445583,15.073767138006547,31.044606466178053,2.889472009781473,-2.814039733009401,31.044606466178053,0.46131442699024616,4136.829734707683,829.9773831528786,93.8162301996659,60.63138724778545,3.2621205942192906,8.802776076499697,1.1898353944940454,12.451,2.343,100.0,healthy,0.0,1.0,scenario_rapid_throttle_transition,scenario_rapid_throttle_transition.csv,0,rapid_throttle_transition,0
1780420309.25,309.25,580.0,0.0,579.88,0.0,15.046028863483425,14.777989972162391,36.73940832247379,1.4337591799355343,-1.2504086951883626,36.73940832247379,0.4645314523988779,3524.0742236938727,769.6575187990751,98.37519078539837,58.80817946492965,2.8884138292593775,13.678403195127592,0.797974010611233,12.473,2.171,100.0,healthy,0.0,1.0,scenario_rapid_throttle_transition,scenario_rapid_throttle_transition.csv,0,rapid_throttle_transition,0
1780420309.5,309.5,581.3560333655751,1.3560333655750543,581.236033365575,0.0,15.11128441543584,14.592273368368621,26.77232200567738,2.0085664962131586,-1.8659221353469195,26.77232200567738,0.46827027480302846,3570.459715406446,789.8632385400398,94.72333534296013,58.385791561093654,2.5231469269118625,15.487452838078818,1.0548448814408484,12.418,2.323,100.0,healthy,0.0,1.0,scenario_rapid_throttle_transition,scenario_rapid_throttle_transition.csv,0,rapid_throttle_transition,0
1780420309.75,309.75,580.0,0.0,579.88,0.0,15.144594232627611,14.866528613236609,37.885566744095776,2.274237787715754,-2.81089726081534,37.885566744095776,0.47150542162089787,3078.767564006381,775.5332562981797,117.05600114563337,53.3799465086617,3.124959175863003,15.763966608656144,0.9549641232751982,12.485,2.435,100.0,healthy,0.0,1.0,scenario_rapid_throttle_transition,scenario_rapid_throttle_transition.csv,0,rapid_throttle_transition,0
1780420310.0,310.0,580.2059549966056,0.2059549966055959,580.0859549966056,0.0,15.117293868769707,15.665298440117128,27.08743825129511,1.7883290826589109,-2.6945594195318745,27.08743825129511,0.47053122590954827,3231.2464222268923,792.6593737281731,91.61022601387387,47.39397247922081,2.92646565475087,12.087167633846084,0.9298454771054115,12.544,2.45,100.0,healthy,0.0,1.0,scenario_rapid_throttle_transition,scenario_rapid_throttle_transition.csv,0,rapid_throttle_transition,0
1780420310.25,310.25,580.0,0.0,579.88,0.0,15.192332002123008,14.807634664752092,38.66166667496238,1.6685336736107326,-2.3216097676074607,38.66166667496238,0.47329275417584193,3815.7148150709486,783.7936999317008,104.06541654209154,59.74871143060566,4.181815959859567,6.828766117974866,0.9529666588663983,12.438,2.524,100.0,healthy,0.0,1.0,scenario_rapid_throttle_transition,scenario_rapid_throttle_transition.csv,0,rapid_throttle_transition,0
1780420310.5,310.5,581.6578064607294,1.6578064607293532,581.5378064607294,0.0,15.171761196740718,14.962816591827133,35.31749365071528,1.6653866130548947,-2.2727361047047765,35.31749365071528,0.4766172903901784,3470.841144994712,786.3315976964594,64.63358385238686,66.69774182151932,3.208756637251249,9.864682606124362,0.8300132175066022,12.561,2.283,100.0,healthy,0.0,1.0,scenario_rapid_throttle_transition,scenario_rapid_throttle_transition.csv,0,rapid_throttle_transition,0
1780420310.75,310.75,580.7789420663115,0.778942066311479,580.6589420663115,0.0,15.197947670858772,14.652867844515908,31.37602113677506,3.8033252985511705,-2.058920610887464,31.37602113677506,0.4788858803008961,3107.453604131193,793.746747949557,100.92450217802791,74.6143307098752,3.628486554151779,7.6902465950544485,0.9973496524454608,12.446,2.481,100.0,healthy,0.0,1.0,scenario_rapid_throttle_transition,scenario_rapid_throttle_transition.csv,0,rapid_throttle_transition,0
1780420311.0,311.0,580.0,0.0,579.88,0.0,15.19391759272428,14.763189828102174,36.105380681008434,2.406804764347353,-2.952866982403946,36.105380681008434,0.4747266330092205,3844.944237516672,762.9142319869533,63.64617535676493,79.34533499650207,3.167096061624425,8.498174232544672,1.0795272798832323,12.484,2.389,100.0,healthy,0.0,1.0,scenario_rapid_throttle_transition,scenario_rapid_throttle_transition.csv,0,rapid_throttle_transition,0
1780420311.25,311.25,582.2371083521047,2.237108352104671,582.1171083521047,0.0,15.221830432181195,15.061129363353814,31.982669478761803,3.4471203780188957,-1.7604254556457464,31.982669478761803,0.47222062271297754,3707.412448474662,813.1100264214346,53.93419911543353,50.98571628674574,3.149249153473848,9.676079954080011,0.9577506854974974,12.342,2.331,100.0,healthy,0.0,1.0,scenario_rapid_throttle_transition,scenario_rapid_throttle_transition.csv,0,rapid_throttle_transition,0
1780420311.5,311.5,580.5184633794582,0.5184633794582315,580.3984633794582,0.0,15.219613444542448,14.56151400777696,39.801525788399616,1.8490691899760137,-1.8140265616242293,39.801525788399616,0.47562523665010936,3299.686812617556,788.1391514892043,101.43070513232824,65.6990652149989,3.157368496656261,11.367061040002287,0.8999636407182621,12.451,2.304,100.0,healthy,0.0,1.0,scenario_rapid_throttle_transition,scenario_rapid_throttle_transition.csv,0,rapid_throttle_transition,0
1780420311.75,311.75,581.2418297266966,1.241829726696503,581.1218297266965,0.0,15.246335157707495,14.530076888073081,30.46512488631509,3.0668909948317733,-2.700130553079495,30.46512488631509,0.4793727358874259,4196.477061909313,777.7774377453777,88.8372283539862,55.04512034763643,3.022990545604844,7.5876009644816715,0.9219717925877398,12.471,2.622,100.0,healthy,0.0,1.0,scenario_rapid_throttle_transition,scenario_rapid_throttle_transition.csv,0,rapid_throttle_transition,0
1780420312.0,312.0,580.0,0.0,579.88,0.0,15.27288969569189,15.688316655109839,34.28407767007198,2.6714340874004265,-3.118983487630844,34.28407767007198,0.4792987724906488,3540.8052877281466,775.630714731503,73.70789885944293,41.57957219617643,3.210007800310569,9.408434945887564,0.9351085154125516,12.491,2.386,100.0,healthy,0.0,1.0,scenario_rapid_throttle_transition,scenario_rapid_throttle_transition.csv,0,rapid_throttle_transition,0
1780420312.25,312.25,580.0,0.0,579.88,0.0,15.355435689580908,15.355146168141387,27.223757291219247,1.2963950928330834,-1.6925101802898,27.223757291219247,0.4777028890378635,2640.1651980204506,772.17567721504,90.01857737741989,70.11743025365745,3.1796467567362217,10.026645773446251,0.8865764510147971,12.46,2.459,100.0,healthy,0.0,1.0,scenario_rapid_throttle_transition,scenario_rapid_throttle_transition.csv,0,rapid_throttle_transition,0
1780420312.5,312.5,580.8687578413369,0.8687578413369141,580.7487578413369,0.0,15.340849176199352,14.89019953351545,31.755859952373882,3.343646208217371,-1.6478594514418154,31.755859952373882,0.4771511599666501,3624.879724875335,785.2561433774366,94.67497561457787,48.61286122531157,3.2932226554748567,12.236402498535456,0.9657838673991095,12.492,2.446,100.0,healthy,0.0,1.0,scenario_rapid_throttle_transition,scenario_rapid_throttle_transition.csv,0,rapid_throttle_transition,0
1780420312.75,312.75,580.0,0.0,579.88,0.0,15.41259040295597,16.00295562089291,35.97835038926203,2.9499892000556933,-1.7680818086241183,35.97835038926203,0.4740204999789735,3571.2065117222887,818.1974123709873,56.14022992076472,53.50189185790518,2.8559812698073093,6.525180217642434,0.8135024945484529,12.452,2.445,100.0,healthy,0.0,1.0,scenario_rapid_throttle_transition,scenario_rapid_throttle_transition.csv,0,rapid_throttle_transition,0
1780420313.0,313.0,580.0,0.0,579.88,0.0,15.438421707572102,14.944674492914281,36.46077628349773,4.110754527639343,-1.9264627357404311,36.46077628349773,0.47706109211730446,3553.5729636549327,789.3976698832498,87.99876611704435,67.1335846901876,2.7825674127125497,12.435352479962862,0.9873114236778804,12.546,2.278,100.0,healthy,0.0,1.0,scenario_rapid_throttle_transition,scenario_rapid_throttle_transition.csv,0,rapid_throttle_transition,0
1780420313.25,313.25,580.0,0.0,579.88,0.0,15.534078327379547,16.188981321055007,40.62828704892108,3.1997324395846154,-2.471385574358055,40.62828704892108,0.4739558123827998,3436.6414388237044,787.5747859379197,110.4863493813362,59.151104265084044,3.777559173813181,13.686121037683636,0.9826694593239318,12.488,2.346,100.0,healthy,0.0,1.0,scenario_rapid_throttle_transition,scenario_rapid_throttle_transition.csv,0,rapid_throttle_transition,0
1780420313.5,313.5,580.1201046741074,0.12010467410748768,580.0001046741074,0.0,15.56068547313908,15.368876867059516,43.78675798384958,4.016114989911104,-1.4435892885512107,43.78675798384958,0.4777743359475882,3802.0292521105744,735.2625503360886,67.9712285642391,34.54650301578213,3.1108552917999703,12.533068005308046,1.0062042145074237,12.504,2.416,100.0,healthy,0.0,1.0,scenario_rapid_throttle_transition,scenario_rapid_throttle_transition.csv,0,rapid_throttle_transition,0
1780420313.75,313.75,581.154914139521,1.1549141395210372,581.034914139521,0.0,15.587789644399585,15.768268547529598,43.31784067615768,2.6664477794252806,-2.5159545246528365,43.31784067615768,0.4761524040912057,3429.360464646276,852.6900353789877,79.30162989748236,70.71434666659103,3.1744813648602057,7.736509848157171,0.8943442163749653,12.369,2.199,100.0,healthy,0.0,1.0,scenario_rapid_throttle_transition,scenario_rapid_throttle_transition.csv,0,rapid_throttle_transition,0
1780420314.0,314.0,580.0,0.0,579.88,0.0,15.646228604550885,15.47039111739873,34.459787494232714,2.5672405166685714,-1.744994494492793,34.459787494232714,0.4750764023209963,3757.2210871868706,828.8386487786623,103.33490067301486,75.75382811471073,3.5479494488275276,10.958756726081228,0.9119391542568025,12.493,2.515,100.0,healthy,0.0,1.0,scenario_rapid_throttle_transition,scenario_rapid_throttle_transition.csv,0,rapid_throttle_transition,0
1780420314.25,314.25,580.0,0.0,579.88,0.0,15.633944513407743,15.266195038357932,40.99122882996647,2.0257147858693143,-2.1467854182554693,40.99122882996647,0.4749630367843438,3568.6767200289623,766.1037352278245,92.18435587722345,52.9605111701069,3.3451498208509434,13.186500678811505,1.0865376319452498,12.48,2.255,100.0,healthy,0.0,1.0,scenario_rapid_throttle_transition,scenario_rapid_throttle_transition.csv,0,rapid_throttle_transition,0
1780420314.5,314.5,580.0,0.0,579.88,0.0,15.69732569704651,14.928517089950839,35.91062777353623,1.135422903623902,-1.7981121198861596,35.91062777353623,0.4716518397040387,3140.0501163824106,790.8228694685648,84.09019451641352,62.68343654838267,3.149419178294749,4.004989540599732,0.9482363639271691,12.458,2.566,100.0,healthy,0.0,1.0,scenario_rapid_throttle_transition,scenario_rapid_throttle_transition.csv,0,rapid_throttle_transition,0
1780420314.75,314.75,580.0,0.0,579.88,0.0,15.691559197445596,15.260308945369315,34.82139100252768,3.3047831340359504,-1.8807660049407213,34.82139100252768,0.47322905684014205,3451.0144737320825,800.1255160668927,47.128330738778324,66.78103864872395,2.3816001068596355,12.272333747661918,0.9046500107774293,12.518,2.328,100.0,healthy,0.0,1.0,scenario_rapid_throttle_transition,scenario_rapid_throttle_transition.csv,0,rapid_throttle_transition,0
1780420315.0,315.0,580.2024902665106,0.20249026651061744,580.0824902665106,0.0,15.694079484969878,16.297887594795377,35.47687122772136,2.0216429953561654,-1.6821480759056986,35.47687122772136,0.4714935580512255,3886.9632628878767,792.6795805743049,81.39499182534219,64.56671013702066,3.4186530158315187,6.557393640560022,0.9697436470436037,12.526,2.303,100.0,healthy,0.0,1.0,scenario_rapid_throttle_transition,scenario_rapid_throttle_transition.csv,0,rapid_throttle_transition,0
1780420315.25,315.25,580.8352915363753,0.8352915363753199,580.7152915363753,0.0,15.701719233901812,16.25096833237801,36.66935863236408,3.205781656242604,-0.9967321125548061,36.66935863236408,0.47558241865044254,4209.25548536416,765.1257875293019,96.19180292605047,46.646814902147426,3.01832464875453,10.546958404879707,0.8930195077571723,12.457,2.426,100.0,healthy,0.0,1.0,scenario_rapid_throttle_transition,scenario_rapid_throttle_transition.csv,0,rapid_throttle_transition,0
1780420315.5,315.5,582.4418640485087,2.4418640485087417,582.3218640485087,0.0,15.685426996629207,16.281008657910643,34.11836946918304,1.5106427143811678,-1.9626589106587657,34.11836946918304,0.47560434747759006,3283.4063021086613,786.2109705337776,84.13215479603235,46.18849316314549,3.0579070851058976,10.170914330468039,1.0145876094476038,12.511,2.39,100.0,healthy,0.0,1.0,scenario_rapid_throttle_transition,scenario_rapid_throttle_transition.csv,0,rapid_throttle_transition,0
1780420315.75,315.75,580.6393200119059,0.6393200119058889,580.5193200119058,0.0,15.745990697043226,16.385930499134435,34.25299033662208,2.0696869182846953,-1.9029980309083643,34.25299033662208,0.4795112648260314,3246.8099642917696,741.4872218378814,56.32743524670403,68.5848859683014,3.3303042434654757,9.621578852211675,0.9465368403541861,12.43,2.488,100.0,healthy,0.0,1.0,scenario_rapid_throttle_transition,scenario_rapid_throttle_transition.csv,0,rapid_throttle_transition,0
1780420316.0,316.0,580.0,0.0,579.88,0.0,15.80796998983168,15.384504719969904,40.462674749176166,2.9596160689249427,-1.8707867616441247,40.462674749176166,0.4828063969771548,2861.6107539990817,768.5458502612879,56.88201497563264,92.28800712414542,3.314261876826459,11.817660151064194,0.9204867630239417,12.55,2.456,100.0,healthy,0.0,1.0,scenario_rapid_throttle_transition,scenario_rapid_throttle_transition.csv,0,rapid_throttle_transition,0
1780420316.25,316.25,580.8123898362769,0.8123898362768743,580.6923898362769,0.0,15.870967771711122,15.119397621059626,29.47640443694574,3.428368489508088,-2.359418722320375,29.47640443694574,0.48147870200299014,3404.5431068917437,731.3205069022025,82.59189088976231,61.62480473433852,3.3277213915371284,14.01985823521704,0.876159995650225,12.453,2.378,100.0,healthy,0.0,1.0,scenario_rapid_throttle_transition,scenario_rapid_throttle_transition.csv,0,rapid_throttle_transition,0
1780420316.5,316.5,580.0,0.0,579.88,0.0,15.915507618427496,15.550892537059214,38.742897214007314,1.3110080518799052,-2.274972151298792,38.742897214007314,0.48368771212943884,3568.794092473216,848.6324476805856,83.31093136222405,69.75679597655042,3.1463997007799134,10.419178073344023,0.8885675070733254,12.453,2.368,100.0,healthy,0.0,1.0,scenario_rapid_throttle_transition,scenario_rapid_throttle_transition.csv,0,rapid_throttle_transition,0
1780420316.75,316.75,580.0,0.0,579.88,0.0,16.99599161579998,16.406783796036112,35.5662479108324,3.5662472089903297,-2.0459826120268074,35.5662479108324,0.8217225577311539,3863.5622695339307,773.4289299570268,83.8285290266534,74.16520208700813,3.2972676417135145,14.692681416638141,1.044035812826767,12.49,3.324,100.0,healthy,0.0,1.0,scenario_rapid_throttle_transition,scenario_rapid_throttle_transition.csv,0,rapid_throttle_transition,0
1780420317.0,317.0,580.0,0.0,579.88,0.0,16.998620528308052,16.882047487786544,34.79443835394079,2.682497469853871,-2.621142925928216,34.79443835394079,0.8237608448613711,4295.6917872271215,788.9042277794606,115.03625765967342,53.32680788738061,3.253517719466987,12.598033107908932,1.058419625883905,12.367,3.281,100.0,healthy,0.0,1.0,scenario_rapid_throttle_transition,scenario_rapid_throttle_transition.csv,0,rapid_throttle_transition,0
1780420317.25,317.25,580.0,0.0,579.88,0.0,16.993555390084207,16.61109353159611,30.9200984882249,2.1420378261357063,-1.1401535820637463,30.9200984882249,0.8218822865809531,4635.264237469834,790.4581464148015,76.14647622566667,55.75741469198491,4.117692531549661,15.065180273483413,0.9823658677508965,12.471,3.194,100.0,healthy,0.0,1.0,scenario_rapid_throttle_transition,scenario_rapid_throttle_transition.csv,0,rapid_throttle_transition,0
1780420317.5,317.5,580.0,0.0,579.88,0.0,17.065251282336988,16.2426881874472,41.37579887178974,3.3814700264457787,-1.2400419253502584,41.37579887178974,0.8223548534447412,4473.038145507311,793.9081053843254,99.49242331166428,49.62929580493138,4.283481409020621,16.104476856584686,0.8745273193293371,12.435,3.349,100.0,healthy,0.0,1.0,scenario_rapid_throttle_transition,scenario_rapid_throttle_transition.csv,0,rapid_throttle_transition,0
1780420317.75,317.75,581.2735919802792,1.2735919802792448,581.1535919802792,0.0,17.07609423072509,17.51150387609684,37.62193353873208,3.075861821566785,-1.627489581867299,37.62193353873208,0.8201493987426851,5010.915155412202,844.1460096330478,119.73021550071975,78.147836507067,3.712161364329484,19.61327967445799,1.0612544219458322,12.392,3.231,100.0,healthy,0.0,1.0,scenario_rapid_throttle_transition,scenario_rapid_throttle_transition.csv,0,rapid_throttle_transition,0
1780420318.0,318.0,580.3000817925298,0.30008179252981027,580.1800817925298,0.0,17.164106560535313,17.929220638498226,34.75894802434622,1.2095475012003787,-2.090344165616535,34.75894802434622,0.8231907476809677,4161.612798863107,866.099556331849,109.96067124632091,63.150506508458605,3.9633254096979815,17.03153786402228,1.0226748202293416,12.401,3.246,100.0,healthy,0.0,1.0,scenario_rapid_throttle_transition,scenario_rapid_throttle_transition.csv,0,rapid_throttle_transition,0
1780420318.25,318.25,582.8202869990299,2.8202869990299284,582.7002869990299,0.0,17.20663902441359,16.9359633553168,35.59136929777237,3.401619432231584,-1.475009304536658,35.59136929777237,0.8242420713986351,5126.738902662994,854.67078187782,68.88341166402516,57.45876709182314,3.9472605660104003,19.026460576400574,0.9370728676497992,12.505,3.043,100.0,healthy,0.0,1.0,scenario_rapid_throttle_transition,scenario_rapid_throttle_transition.csv,0,rapid_throttle_transition,0
1780420318.5,318.5,580.0,0.0,579.88,0.0,17.200280198090677,16.685634393919155,39.98105255619297,2.540403226907535,-1.8132555089268068,39.98105255619297,0.8235518099025576,5556.595195593738,872.048103697226,90.85667421589874,62.920165385851334,4.275082665785431,18.980459515308233,1.0110471249822552,12.419,3.226,100.0,healthy,0.0,1.0,scenario_rapid_throttle_transition,scenario_rapid_throttle_transition.csv,0,rapid_throttle_transition,0
1780420318.75,318.75,580.8917091271112,0.8917091271111796,580.7717091271112,0.0,17.24480402832687,17.97506780966307,32.95768417161487,2.66480182170941,-1.9036938541432593,32.95768417161487,0.8207661205691121,5329.682112965388,852.9626071762619,95.05538053363355,96.20527525485763,4.534652268882336,19.414736846620116,0.9952786908922872,12.436,3.063,100.0,healthy,0.0,1.0,scenario_rapid_throttle_transition,scenario_rapid_throttle_transition.csv,0,rapid_throttle_transition,0
1780420319.0,319.0,581.0132657976726,1.0132657976726285,580.8932657976726,0.0,17.334296208342707,16.623818388122515,39.07982345566824,2.640043416769982,-1.6929013559721808,39.07982345566824,0.8179997216840003,5207.248724596697,839.1218281662645,98.84508867976827,80.54510988247907,4.3508670614333225,18.29172230680785,0.9617302577277242,12.373,3.338,100.0,healthy,0.0,1.0,scenario_rapid_throttle_transition,scenario_rapid_throttle_transition.csv,0,rapid_throttle_transition,0
1780420319.25,319.25,580.7609275851712,0.7609275851712285,580.6409275851712,0.0,17.40596937602528,16.708236784941736,38.025588962242885,3.6145433249041323,-1.554651588154772,38.025588962242885,0.8167121552822734,4484.972466193785,871.5818492397688,112.44709094901783,95.21209129064218,4.380053423214086,17.151561739428818,0.9694814251034005,12.375,3.416,100.0,healthy,0.0,1.0,scenario_rapid_throttle_transition,scenario_rapid_throttle_transition.csv,0,rapid_throttle_transition,0
1780420319.5,319.5,580.0,0.0,579.88,0.0,17.480066403081768,16.97039703003523,37.87768250798445,3.7707813250019275,-0.7406270002869098,37.87768250798445,0.8162315959524586,5058.125457152436,881.9845304642813,59.94704422900394,71.26553040808801,3.9594992447287574,18.18294880396021,0.8553327859915746,12.48,3.219,100.0,healthy,0.0,1.0,scenario_rapid_throttle_transition,scenario_rapid_throttle_transition.csv,0,rapid_throttle_transition,0
1780420319.75,319.75,580.0,0.0,579.88,0.0,17.49220056360577,17.141971257317746,34.407548756945936,3.3976774507405287,-2.5002986439001376,34.407548756945936,0.8157517398934475,4903.507841419825,890.7304597875672,103.61845331512252,58.58292352361746,4.6672242256437,11.292336324712055,1.11553098046946,12.48,3.428,100.0,healthy,0.0,1.0,scenario_rapid_throttle_transition,scenario_rapid_throttle_transition.csv,0,rapid_throttle_transition,0
1780420320.0,320.0,580.0,0.0,579.88,0.0,17.48082968277894,17.053473083762977,36.34701744614147,1.5250536677425233,-2.489307853241134,36.34701744614147,0.8154313296923782,4754.946502181198,915.2549726458459,115.82895019146036,73.8119857836626,4.398647377131759,20.62796711447871,1.040928734826082,12.364,3.342,100.0,healthy,0.0,1.0,scenario_rapid_throttle_transition,scenario_rapid_throttle_transition.csv,0,rapid_throttle_transition,0
1780420320.25,320.25,580.0,0.0,579.88,0.0,17.49110107137126,17.75842973615899,36.082943315768844,3.380394644037101,-1.2492513939819812,36.082943315768844,0.8190658126885926,5720.5901482570625,881.5961672090789,131.64144024608456,77.7160196018004,4.665301557835347,21.940209215781568,1.0451275300998832,12.442,3.247,100.0,healthy,0.0,1.0,scenario_rapid_throttle_transition,scenario_rapid_throttle_transition.csv,0,rapid_throttle_transition,0
1780420320.5,320.5,580.0,0.0,579.88,0.0,17.518883955939938,18.041092391943568,36.04349684564064,3.6318110054674966,-1.9744193606428062,36.04349684564064,0.8189697179590869,4584.314161378169,924.5280962125697,57.75601705301866,71.03493510273125,4.501255553647522,20.662335544444776,1.0009700213868418,12.42,3.171,100.0,healthy,0.0,1.0,scenario_rapid_throttle_transition,scenario_rapid_throttle_transition.csv,0,rapid_throttle_transition,0
1780420320.75,320.75,580.4018093913944,0.4018093913944071,580.2818093913944,0.0,17.523446429975955,17.30471260779308,32.58441550865187,2.3088992629495007,-1.9459890510381443,32.58441550865187,0.8196318855965284,4963.95435875622,899.8541802195624,79.64208089759552,67.0718569569181,4.08313832071566,13.387822349320093,1.0691687780876966,12.385,3.22,100.0,healthy,0.0,1.0,scenario_rapid_throttle_transition,scenario_rapid_throttle_transition.csv,0,rapid_throttle_transition,0
1780420321.0,321.0,580.0,0.0,579.88,0.0,17.596429467503317,16.83475668976563,26.847778818117185,3.961800723869011,-1.309019946105476,26.847778818117185,0.8220775002003221,5262.5423946553,864.8258397257325,83.89917577095282,75.44529934530385,4.221792248448802,16.772805634260457,1.0243821191547833,12.35,3.338,100.0,healthy,0.0,1.0,scenario_rapid_throttle_transition,scenario_rapid_throttle_transition.csv,0,rapid_throttle_transition,0
1780420321.25,321.25,582.0001279930527,2.0001279930526943,581.8801279930527,0.0,17.63629638831914,17.900509410716467,33.38088909700251,3.919701781638273,-1.8161666081279102,33.38088909700251,0.8232877000170538,5248.743794866445,890.6343576118994,102.64238240098717,41.38841991263043,4.584402220052721,20.92068583830597,1.1486003972590964,12.463,3.174,100.0,healthy,0.0,1.0,scenario_rapid_throttle_transition,scenario_rapid_throttle_transition.csv,0,rapid_throttle_transition,0
1780420321.5,321.5,580.0,0.0,579.88,0.0,17.630743203520403,17.448014736889306,36.38287861609498,3.798771106310133,-2.273415968758743,36.38287861609498,0.8226200182338285,4341.819236564053,912.637250020314,138.56453410513532,74.41814516866422,4.403871959375639,20.471059802780125,1.0053545041115992,12.379,3.357,100.0,healthy,0.0,1.0,scenario_rapid_throttle_transition,scenario_rapid_throttle_transition.csv,0,rapid_throttle_transition,0
1780420321.75,321.75,580.0,0.0,579.88,0.0,17.706460961935473,18.186478441283406,37.47191613825342,3.9405427885109967,-2.310194487415873,37.47191613825342,0.8253370278755247,5115.4445661150985,930.7459085676733,130.45776484364168,72.41725467446341,4.565109397757165,15.137433389526324,1.0995726752651231,12.368,3.306,100.0,healthy,0.0,1.0,scenario_rapid_throttle_transition,scenario_rapid_throttle_transition.csv,0,rapid_throttle_transition,0
1780420322.0,322.0,581.202877813293,1.202877813292953,581.082877813293,0.0,17.69814386591441,18.0407790671643,30.903532937699616,3.3200595641906805,-1.4903453018794026,30.903532937699616,0.825710893413791,5101.587496366755,844.2813020455133,105.23320226833434,65.86393538903447,4.159458370844846,19.142374183145815,0.9558603000912462,12.393,3.164,100.0,healthy,0.0,1.0,scenario_rapid_throttle_transition,scenario_rapid_throttle_transition.csv,0,rapid_throttle_transition,0
1780420322.25,322.25,580.7811505552888,0.7811505552888734,580.6611505552888,0.0,17.704776818406284,17.812836913202457,42.01844612621391,3.5589635334109455,-2.6564539398226557,42.01844612621391,0.8285842225776029,5117.797816650752,911.072973065395,103.3701516991439,88.22146982194405,4.450848203315697,18.508943714463484,1.0567179296523725,12.444,3.102,100.0,healthy,0.0,1.0,scenario_rapid_throttle_transition,scenario_rapid_throttle_transition.csv,0,rapid_throttle_transition,0
1780420322.5,322.5,580.9791785893516,0.9791785893515363,580.8591785893516,0.0,17.723875281216795,16.863966084524197,34.64981265799983,1.9328493979778405,-0.5946311251511607,34.64981265799983,0.8296862545374076,5060.584237882409,881.337804110834,95.86429420061972,75.16356609641689,4.504464422544917,19.25101509075888,1.0241495484874747,12.521,3.125,100.0,healthy,0.0,1.0,scenario_rapid_throttle_transition,scenario_rapid_throttle_transition.csv,0,rapid_throttle_transition,0
1780420322.75,322.75,580.0,0.0,579.88,0.0,17.769721683629946,17.295946106875373,37.5239600538128,2.3715822873160874,-3.319339775461091,37.5239600538128,0.8304504460679856,4746.236324298036,872.5391140788124,85.1831075666113,63.18614699764733,4.349161293660437,19.89850462940988,1.0476173058909515,12.505,3.364,100.0,healthy,0.0,1.0,scenario_rapid_throttle_transition,scenario_rapid_throttle_transition.csv,0,rapid_throttle_transition,0
1780420323.0,323.0,582.1996275615438,2.1996275615438665,582.0796275615438,0.0,17.804560648303056,18.6457836683869,31.25572987446963,1.9381759690935874,-2.1653616132199063,31.25572987446963,0.8344983877446946,5242.81670991366,869.0146072949315,104.33782296327395,83.3579076738791,4.378910282990797,19.53790135651828,0.9947007634454847,12.48,3.368,100.0,healthy,0.0,1.0,scenario_rapid_throttle_transition,scenario_rapid_throttle_transition.csv,0,rapid_throttle_transition,0
1780420323.25,323.25,580.0,0.0,579.88,0.0,17.84724067979614,17.738710189470762,31.24839361718559,2.6219069153763392,-1.5585834347445364,31.24839361718559,0.8387918523675775,5010.805743550355,913.5948214763099,108.02654205853426,73.64805789210341,3.9637412427802032,18.61336810621691,1.026055205385179,12.474,3.298,100.0,healthy,0.0,1.0,scenario_rapid_throttle_transition,scenario_rapid_throttle_transition.csv,0,rapid_throttle_transition,0
1780420323.5,323.5,582.1442275773535,2.144227577353436,582.0242275773535,0.0,17.836303327492413,18.410678744288404,30.746103398558212,1.8471904108859023,-1.6206412498497549,30.746103398558212,0.839711811326566,5402.57358296092,892.3198510713657,131.3639597815196,60.487663950269685,4.31577399317452,22.951907450954128,1.0643842731580921,12.472,3.386,100.0,healthy,0.0,1.0,scenario_rapid_throttle_transition,scenario_rapid_throttle_transition.csv,0,rapid_throttle_transition,0
1780420323.75,323.75,580.0,0.0,579.88,0.0,17.810089380364165,17.102950732638273,37.28601741455778,1.4213926295565376,-2.0101120494542664,37.28601741455778,0.842620055235362,5412.8389432362455,847.998243115968,75.20456380169243,70.36802292918723,4.655147280301592,22.63458294489987,1.1272348006920927,12.412,3.245,100.0,healthy,0.0,1.0,scenario_rapid_throttle_transition,scenario_rapid_throttle_transition.csv,0,rapid_throttle_transition,0
1780420324.0,324.0,580.0,0.0,579.88,0.0,17.89854229394191,17.282968325221564,38.63888552859909,2.6065506941093215,-1.0313196737070918,38.63888552859909,0.8446276311483281,4654.628300799639,844.813769926595,103.64402019348681,67.2733989885342,5.21013526607767,19.263738974444156,1.0244175342790716,12.424,3.361,100.0,healthy,0.0,1.0,scenario_rapid_throttle_transition,scenario_rapid_throttle_transition.csv,0,rapid_throttle_transition,0
1780420324.25,324.25,580.0,0.0,579.88,0.0,17.936464753232706,18.421456385175972,31.335613584484022,3.974864555966584,-0.5383882346985331,31.335613584484022,0.8444368929912016,4948.61548160008,836.8632880847603,104.44966528364694,76.57290440293978,4.408913765207109,19.934932452021503,1.05721132981645,12.482,3.144,100.0,healthy,0.0,1.0,scenario_rapid_throttle_transition,scenario_rapid_throttle_transition.csv,0,rapid_throttle_transition,0
1780420324.5,324.5,580.0,0.0,579.88,0.0,18.022710669747422,17.25721760455897,37.545708380276665,2.5439951406516905,-2.2526188598537953,37.545708380276665,0.8428093761049751,5096.926227236545,891.4881150738494,121.55895747715493,84.26893359055899,4.1789465831720625,18.30369785840355,0.9126958973580965,12.422,3.266,100.0,healthy,0.0,1.0,scenario_rapid_throttle_transition,scenario_rapid_throttle_transition.csv,0,rapid_throttle_transition,0
1780420324.75,324.75,580.0,0.0,579.88,0.0,18.098138852561615,18.343554373163077,33.78706574290565,3.0978125531951752,-1.6917740672498867,33.78706574290565,0.8435489746080761,5035.342068073152,907.4223217077149,101.29276783000452,60.384452392748415,4.500805061336319,19.861436508542525,1.0206517997310427,12.488,3.006,100.0,healthy,0.0,1.0,scenario_rapid_throttle_transition,scenario_rapid_throttle_transition.csv,0,rapid_throttle_transition,0
1780420325.0,325.0,580.9404163030778,0.9404163030777843,580.8204163030778,0.0,18.1432929857607,18.11526698896642,35.9206102231114,2.4386311031301733,-2.869254062271735,35.9206102231114,0.8428412018178387,5387.707530410457,882.3599294447473,116.2944220996817,95.0072193070555,4.095197869811264,21.480341988522067,0.973009069131646,12.436,3.3,100.0,healthy,0.0,1.0,scenario_rapid_throttle_transition,scenario_rapid_throttle_transition.csv,0,rapid_throttle_transition,0
1780420325.25,325.25,580.2922065923595,0.29220659235950286,580.1722065923595,0.0,18.18554313896792,17.60840603340936,34.04578177631812,4.792839597970941,-2.432812336661791,34.04578177631812,0.8441603222463738,4812.895019497878,885.9710991812207,134.92607333366732,64.20800434457135,4.686986695882404,20.26997042569466,1.0227636941228357,12.489,3.24,100.0,healthy,0.0,1.0,scenario_rapid_throttle_transition,scenario_rapid_throttle_transition.csv,0,rapid_throttle_transition,0
1780420325.5,325.5,581.3557005671172,1.355700567117204,581.2357005671172,0.0,18.245937014104932,18.592073006189842,42.04375181622011,3.7468629497326242,-1.0659992546150652,42.04375181622011,0.8433574312747596,5063.939169655241,878.5075830032603,89.9602964101293,88.23862268257801,5.183560832844085,19.34285756594215,0.997533531776184,12.447,3.275,100.0,healthy,0.0,1.0,scenario_rapid_throttle_transition,scenario_rapid_throttle_transition.csv,0,rapid_throttle_transition,0
1780420325.75,325.75,583.0426798290155,3.042679829015438,582.9226798290155,0.0,18.21546472437114,18.233718070992637,35.89749425110449,4.050100541730214,-2.544325751768812,35.89749425110449,0.8434335071944127,4750.070569220553,870.0016194800088,107.65741306084635,53.701838045918635,5.029345495833889,16.79956787427652,0.8251483598855992,12.463,3.383,100.0,healthy,0.0,1.0,scenario_rapid_throttle_transition,scenario_rapid_throttle_transition.csv,0,rapid_throttle_transition,0
1780420326.0,326.0,580.6332886313148,0.6332886313148625,580.5132886313148,0.0,18.23487606485395,18.168487827518614,38.02564706651846,2.8564163283917146,-1.1431244514459056,38.02564706651846,0.8452709375303213,4667.876894347059,899.790715521764,107.39315808136615,93.41350605274329,3.412027209483157,23.730316376140657,1.0753929563602662,12.304,3.202,100.0,healthy,0.0,1.0,scenario_rapid_throttle_transition,scenario_rapid_throttle_transition.csv,0,rapid_throttle_transition,0
1780420326.25,326.25,580.0,0.0,579.88,0.0,18.270865722281805,17.66022701709745,33.952704766738776,3.5818857429015027,-1.5828610813213297,33.952704766738776,0.8422979883326449,5447.656854445628,870.8916279535943,104.17611676535026,96.37923739542907,4.088140488183148,20.320850516077027,0.9943408721924549,12.376,3.38,100.0,healthy,0.0,1.0,scenario_rapid_throttle_transition,scenario_rapid_throttle_transition.csv,0,rapid_throttle_transition,0
1780420326.5,326.5,581.8829953733444,1.8829953733444385,581.7629953733444,0.0,18.28674441099524,18.57440273759133,31.830929447340594,4.617515070597745,-0.4935294547742006,31.830929447340594,0.8386693942872728,5549.243052902057,913.3490742487671,133.73226807524068,67.53873918770391,4.754322926306194,23.50986611996651,0.8509456201439147,12.527,3.101,100.0,healthy,0.0,1.0,scenario_rapid_throttle_transition,scenario_rapid_throttle_transition.csv,0,rapid_throttle_transition,0
1780420326.75,326.75,580.0,0.0,579.88,0.0,18.27973692172803,17.916167353134405,40.829630353019446,2.5018550282503105,-1.5932793993880017,40.829630353019446,0.8396825932282818,4550.448985897988,900.64873501509,84.7733765407102,83.04012605195506,4.196321273827594,15.816715018403908,1.0064025861646102,12.436,3.421,100.0,healthy,0.0,1.0,scenario_rapid_throttle_transition,scenario_rapid_throttle_transition.csv,0,rapid_throttle_transition,0
1780420327.0,327.0,583.142753677689,3.1427536776890586,583.022753677689,0.0,18.3638073373952,18.184670112229547,43.395949112846814,4.2539204372468555,-0.11401834642697728,43.395949112846814,0.8366596664502008,5448.049367728571,845.6720801673002,116.56388480443206,69.74031004834872,4.564751860724952,21.854798899785344,1.068515138319069,12.455,3.284,100.0,healthy,0.0,1.0,scenario_rapid_throttle_transition,scenario_rapid_throttle_transition.csv,0,rapid_throttle_transition,0
1780420327.25,327.25,580.0,0.0,579.88,0.0,18.41360709185036,18.839125645105756,42.07008367857026,2.9224374669907585,-2.5751612669283723,42.07008367857026,0.8413716686744465,5270.965871763176,914.5932862451996,109.74077806963555,59.76748904184214,4.076875470149776,22.862943966719413,1.0766098549847867,12.403,3.276,100.0,healthy,0.0,1.0,scenario_rapid_throttle_transition,scenario_rapid_throttle_transition.csv,0,rapid_throttle_transition,0
1780420327.5,327.5,581.4143956407759,1.4143956407758438,581.2943956407759,0.0,18.402575520552674,18.188635340447327,31.26270550158048,2.442525506896151,-2.3837175104505284,31.26270550158048,0.8388483188169635,5322.629216305257,870.8934353037271,128.55176046736162,89.87398400649411,4.271873135967168,18.94521104136321,0.9336719578801208,12.509,3.347,100.0,healthy,0.0,1.0,scenario_rapid_throttle_transition,scenario_rapid_throttle_transition.csv,0,rapid_throttle_transition,0
1780420327.75,327.75,580.9140257900898,0.9140257900897721,580.7940257900898,0.0,18.410140042715103,18.96317993099953,32.34542883224328,2.148208936754155,-1.9711753219623631,32.34542883224328,0.84290105806256,5066.66127955692,940.0336904885305,109.86586025899825,83.04212463274004,4.514179418669095,18.443570609620632,1.0682001878319711,12.407,3.253,100.0,healthy,0.0,1.0,scenario_rapid_throttle_transition,scenario_rapid_throttle_transition.csv,0,rapid_throttle_transition,0
1780420328.0,328.0,581.8923735767979,1.8923735767979597,581.7723735767979,0.0,18.428245900500098,19.127315420861798,40.88346458143008,3.4796235454712763,-2.174949755122725,40.88346458143008,0.8466360503702194,5602.611016592597,883.1963468828686,144.88130532027202,72.66343281102004,5.250954710630153,16.38273962862076,1.252080535042437,12.472,3.322,100.0,healthy,0.0,1.0,scenario_rapid_throttle_transition,scenario_rapid_throttle_transition.csv,0,rapid_throttle_transition,0
1780420328.25,328.25,580.0,0.0,579.88,0.0,18.448411468965197,17.53840218177801,38.34538984572245,3.961088876242407,-2.09449560402632,38.34538984572245,0.8464451544251815,6099.091211089558,928.7075484753112,127.94805413841158,44.939804658445254,4.055313184152988,21.49873408511001,1.1311388554770312,12.436,3.553,100.0,healthy,0.0,1.0,scenario_rapid_throttle_transition,scenario_rapid_throttle_transition.csv,0,rapid_throttle_transition,0
1780420328.5,328.5,584.1046198493307,4.104619849330723,583.9846198493307,0.0,18.43497059146199,18.69741744504811,37.44940114736208,3.0405100609996465,-2.3513545212148146,37.44940114736208,0.8466503818321915,5308.272458738929,918.6619313959686,126.0009928551325,79.86534626934382,4.301965135348393,17.720067098398946,1.0084471960317931,12.502,3.275,100.0,healthy,0.0,1.0,scenario_rapid_throttle_transition,scenario_rapid_throttle_transition.csv,0,rapid_throttle_transition,0
1780420328.75,328.75,581.6358633397542,1.6358633397542635,581.5158633397542,0.0,18.47989076087813,17.943913313684632,38.83589538346794,2.7123932779567324,-1.7726718536126986,38.83589538346794,0.8436445291834453,5392.720484975096,864.8960821242807,77.28632997722605,83.27073870920943,4.689581936487705,16.313994557730343,0.9127836749546575,12.475,3.33,100.0,healthy,0.0,1.0,scenario_rapid_throttle_transition,scenario_rapid_throttle_transition.csv,0,rapid_throttle_transition,0
1780420329.0,329.0,580.6747605727435,0.6747605727434964,580.5547605727435,0.0,18.489897562559413,17.803313666448183,36.331734394665325,3.321020339872571,-1.0293389594997688,36.331734394665325,0.8417134186833093,5480.607484285971,901.5639744721743,95.47060523464583,81.68293555708695,4.7130483722668615,19.34089174857596,0.9394896996776146,12.58,3.488,100.0,healthy,0.0,1.0,scenario_rapid_throttle_transition,scenario_rapid_throttle_transition.csv,0,rapid_throttle_transition,0
1780420329.25,329.25,580.0,0.0,579.88,0.0,18.52288304504699,18.8842210006756,39.136996446150015,2.3578246458607137,-2.709183709852419,39.136996446150015,0.8440498263288745,4767.83558099856,881.5504127319234,143.89279878850118,59.80692334330694,4.089608917319049,15.15552024025785,0.8572485409188856,12.464,3.295,100.0,healthy,0.0,1.0,scenario_rapid_throttle_transition,scenario_rapid_throttle_transition.csv,0,rapid_throttle_transition,0
1780420329.5,329.5,580.4685325728783,0.46853257287826544,580.3485325728783,0.0,18.540952049947126,18.965391074527197,42.86618776529479,2.980904844771185,-2.173841740125517,42.86618776529479,0.8450053652197189,5114.473586314237,929.2644025288376,121.68276825829001,76.46579398060467,4.617949646205716,16.739687894815354,1.0162074922838342,12.393,3.352,100.0,healthy,0.0,1.0,scenario_rapid_throttle_transition,scenario_rapid_throttle_transition.csv,0,rapid_throttle_transition,0
1780420329.75,329.75,580.0799896001714,0.0799896001714464,579.9599896001714,0.0,18.59279129959439,19.204260996264047,40.476876865835926,2.6863315891834847,-1.5694880766422548,40.476876865835926,0.8473648329586546,4892.711175355334,892.4567287452116,105.75503207777308,63.1319061433376,3.8154463893205377,21.841924902095634,1.0463108948558437,12.477,3.325,100.0,healthy,0.0,1.0,scenario_rapid_throttle_transition,scenario_rapid_throttle_transition.csv,0,rapid_throttle_transition,0
1780420330.0,330.0,580.3041358204711,0.3041358204710128,580.184135820471,0.0,18.58271066806386,18.36458487615509,37.921906383884455,4.234061062569989,-1.1865111643299393,37.921906383884455,0.8509662345823272,5155.014118713463,908.1099235694589,119.23977915356257,60.510711868273674,4.560931947466507,16.69703884022565,1.0829407134061373,12.349,3.325,100.0,healthy,0.0,1.0,scenario_rapid_throttle_transition,scenario_rapid_throttle_transition.csv,0,rapid_throttle_transition,0
1780420330.25,330.25,581.0767481958229,1.076748195822911,580.9567481958229,0.0,18.671874198033702,18.87368074165376,39.58022758171216,1.988409010085881,-1.3285897605524495,39.58022758171216,0.8512778983955541,5057.620150198384,876.437260238718,113.07684577016566,94.35038669364336,4.319690203416872,19.273209646243533,1.0042882680546616,12.364,3.555,100.0,healthy,0.0,1.0,scenario_rapid_throttle_transition,scenario_rapid_throttle_transition.csv,0,rapid_throttle_transition,0
1780420330.5,330.5,580.0,0.0,579.88,0.0,18.729443752563395,19.384982157333372,37.2566382043738,3.0967229515034567,-1.0683235254975258,37.2566382043738,0.8505535047866578,5106.0360024556785,885.2779890863327,121.84055285260612,86.67746074669684,4.437265458748098,18.287417958440646,1.069055369528042,12.433,3.488,100.0,healthy,0.0,1.0,scenario_rapid_throttle_transition,scenario_rapid_throttle_transition.csv,0,rapid_throttle_transition,0
1780420330.75,330.75,580.0,0.0,579.88,0.0,18.706909564058833,19.341252785693854,37.0408390942247,2.7402320634891772,-1.8339584996724296,37.0408390942247,0.8503311598727346,5404.973260671763,896.521685587919,95.1121209475319,45.352774298512074,4.563238262117793,18.93287682156453,1.0067157037598247,12.465,3.199,100.0,healthy,0.0,1.0,scenario_rapid_throttle_transition,scenario_rapid_throttle_transition.csv,0,rapid_throttle_transition,0
1780420331.0,331.0,580.0,0.0,579.88,0.0,18.787654013999067,18.154527684985254,38.67648799696248,3.4560913558322515,-1.6511462802639036,38.67648799696248,0.854546730107433,5419.857169922887,912.6203136056483,124.7741524851346,72.76689590377624,4.3597259309457606,20.144022057455004,0.9873701263561492,12.452,3.435,100.0,healthy,0.0,1.0,scenario_rapid_throttle_transition,scenario_rapid_throttle_transition.csv,0,rapid_throttle_transition,0
1780420331.25,331.25,580.1693315078244,0.16933150782435502,580.0493315078244,0.0,18.795854710201258,19.192763268309022,34.490688267768085,2.802015865277634,-1.5294396519818745,34.490688267768085,0.8538473279716878,5555.645219995439,864.0705674740439,126.41493668612625,85.47703462537001,4.464855397982411,18.343932437557633,1.1210331737125605,12.41,3.489,100.0,healthy,0.0,1.0,scenario_rapid_throttle_transition,scenario_rapid_throttle_transition.csv,0,rapid_throttle_transition,0
1780420331.5,331.5,580.0,0.0,579.88,0.0,18.777375442002608,18.91312636154646,30.238751927381614,2.2254452884688476,-1.5610618500187303,30.238751927381614,0.8576913805628088,4359.409611976534,892.9619249771208,124.80575685821553,50.950646410994665,4.5908514071146245,18.99602753248149,1.021256483890371,12.368,3.188,100.0,healthy,0.0,1.0,scenario_rapid_throttle_transition,scenario_rapid_throttle_transition.csv,0,rapid_throttle_transition,0
1780420331.75,331.75,581.1257059119024,1.1257059119024226,581.0057059119024,0.0,18.875998797582902,19.328764415672506,40.25892336466626,1.448354056315809,-0.2796152340571423,40.25892336466626,0.8600204620208883,5539.557707538714,923.8289062293788,132.7383825863781,79.0649902746205,5.002732975174114,15.131103165315912,0.9374266713445926,12.424,3.4,100.0,healthy,0.0,1.0,scenario_rapid_throttle_transition,scenario_rapid_throttle_transition.csv,0,rapid_throttle_transition,0
1780420332.0,332.0,582.3381904706871,2.3381904706870626,582.2181904706871,0.0,18.91596120388413,17.98598385176391,40.33386139778047,3.012805992863204,-2.0191502487779687,40.33386139778047,0.8596562503280784,4938.081921726861,911.2981517870951,106.35782924650809,87.20699219173187,4.2039283131144645,23.169797994094598,1.003239243624712,12.455,3.382,100.0,healthy,0.0,1.0,scenario_rapid_throttle_transition,scenario_rapid_throttle_transition.csv,0,rapid_throttle_transition,0
1780420332.25,332.25,580.0,0.0,579.88,0.0,18.92047939739399,18.245325541650143,37.433235493621844,3.1359203036995553,-1.515899256291801,37.433235493621844,0.8605421486053636,5097.097735967356,939.9890421811428,121.20392265657357,97.19638523659353,4.94697763852081,17.10101916178116,0.9659700201884018,12.478,3.454,100.0,healthy,0.0,1.0,scenario_rapid_throttle_transition,scenario_rapid_throttle_transition.csv,0,rapid_throttle_transition,0
1780420332.5,332.5,580.0,0.0,579.88,0.0,18.977961438344202,18.12307826974272,41.47344958433046,3.5982737737477923,-1.257952556207158,41.47344958433046,0.8590424087463331,5261.039109901072,875.3955158264148,106.86974314339109,89.56681986109201,4.306511842994445,18.73066631171339,1.110609475827402,12.381,3.523,100.0,healthy,0.0,1.0,scenario_rapid_throttle_transition,scenario_rapid_throttle_transition.csv,0,rapid_throttle_transition,0
1780420332.75,332.75,580.0,0.0,579.88,0.0,19.04842451135279,18.63224669722325,37.638130891209435,3.2948264346130998,-1.0802234844257532,37.638130891209435,0.8577892053554771,5994.752568994272,882.9511407646513,121.2404329296523,69.64780270139242,5.041412749929317,22.603300159157346,1.0092205779125927,12.423,3.432,100.0,healthy,0.0,1.0,scenario_rapid_throttle_transition,scenario_rapid_throttle_transition.csv,0,rapid_throttle_transition,0
1780420333.0,333.0,580.0,0.0,579.88,0.0,19.03280208385007,18.838928087597036,32.24922609040879,4.446518642640259,-0.8954034587632812,32.24922609040879,0.8580030127027403,5728.903311290381,909.7266380724511,116.20658975497267,63.2823198177896,4.326027165196212,21.343610774560076,1.062018902954722,12.489,3.22,100.0,healthy,0.0,1.0,scenario_rapid_throttle_transition,scenario_rapid_throttle_transition.csv,0,rapid_throttle_transition,0
1780420333.25,333.25,581.4642149008097,1.4642149008096546,581.3442149008097,0.0,19.065388695215123,18.96557175553928,36.34303986128539,3.3879358649669253,-2.5236903569267524,36.34303986128539,0.8553266639727513,4860.8225365221915,882.287397447808,121.52910329376533,78.2990033454592,4.527990620885977,21.87881137458168,1.0057083895999526,12.404,3.53,100.0,healthy,0.0,1.0,scenario_rapid_throttle_transition,scenario_rapid_throttle_transition.csv,0,rapid_throttle_transition,0
1780420333.5,333.5,580.0,0.0,579.88,0.0,19.089283908979386,18.97707533857111,38.261217532702155,2.9363479505269727,-1.4285685609522967,38.261217532702155,0.8529549412239145,5273.1252559512095,903.8643632886191,131.53163203801694,101.2561196511399,4.855063354523516,20.63474583913375,1.097913592622828,12.369,3.431,100.0,healthy,0.0,1.0,scenario_rapid_throttle_transition,scenario_rapid_throttle_transition.csv,0,rapid_throttle_transition,0
1780420333.75,333.75,580.4175068441264,0.41750684412638406,580.2975068441264,0.0,19.114016581872004,19.514751861254464,34.99703921354229,2.8139667853526085,-0.9019126980572275,34.99703921354229,0.8503406248182059,5458.21397582929,889.1974149899106,136.8589784596994,86.32319925429516,4.556584093273662,19.559772710142123,1.0524320566541798,12.513,3.294,100.0,healthy,0.0,1.0,scenario_rapid_throttle_transition,scenario_rapid_throttle_transition.csv,0,rapid_throttle_transition,0
1780420334.0,334.0,580.0,0.0,579.88,0.0,19.10017849082332,19.147380462017097,40.727027108451296,4.082503480475506,-0.6690079389382327,40.727027108451296,0.8501587421770184,5435.056423682746,866.8447513106555,141.154910338026,79.30230241651574,4.982717189563087,20.75767379525643,1.1545217205277731,12.411,3.555,100.0,healthy,0.0,1.0,scenario_rapid_throttle_transition,scenario_rapid_throttle_transition.csv,0,rapid_throttle_transition,0
1780420334.25,334.25,580.0,0.0,579.88,0.0,19.127029646291213,19.21680928424844,35.86548591125512,2.2792458431988862,-1.7054993430960923,35.86548591125512,0.8538927351728011,4990.464395158916,911.5117193351173,137.0627074232117,92.4762382904154,4.212172026012639,20.233323588500877,1.0873325654112096,12.509,3.341,100.0,healthy,0.0,1.0,scenario_rapid_throttle_transition,scenario_rapid_throttle_transition.csv,0,rapid_throttle_transition,0
1780420334.5,334.5,580.0,0.0,579.88,0.0,19.128008610283203,18.485197351837936,34.00141252306251,2.843314334617284,-1.8844976881921112,34.00141252306251,0.8509708255438666,5227.903313271432,951.5720476472761,102.44522579667188,82.63748353874036,4.436551355003489,16.7988608894704,1.020716631163626,12.401,3.331,100.0,healthy,0.0,1.0,scenario_rapid_throttle_transition,scenario_rapid_throttle_transition.csv,0,rapid_throttle_transition,0
1780420334.75,334.75,580.0,0.0,579.88,0.0,19.19207317416286,18.850761373254556,44.167108349188744,2.6871739931801972,-1.2232522415044629,44.167108349188744,0.8544807923145966,5460.339398098463,881.1490344494833,110.13429943351676,82.36635868706352,4.315579689071719,15.523756813759206,0.95666090136133,12.441,3.153,100.0,healthy,0.0,1.0,scenario_rapid_throttle_transition,scenario_rapid_throttle_transition.csv,0,rapid_throttle_transition,0
1780420335.0,335.0,580.0,0.0,579.88,0.0,19.27809802169834,19.986502947612273,43.460530149717975,4.583247253381041,-0.8613017839547502,43.460530149717975,0.858680149146279,4661.95082927163,915.7455956089107,113.07892325561593,76.55353543974252,4.679942895431019,21.758014646826133,1.0366370857342722,12.42,3.351,100.0,healthy,0.0,1.0,scenario_rapid_throttle_transition,scenario_rapid_throttle_transition.csv,0,rapid_throttle_transition,0
1780420335.25,335.25,582.107808968215,2.1078089682150094,581.987808968215,0.0,19.2822562944969,19.484045025531824,36.39797648030666,2.566954056381074,-0.9666236591870185,36.39797648030666,0.8596959966536032,5463.14334626409,916.5896141940431,122.25312404881457,74.4995218339761,4.337517225909673,20.42045890083308,0.9288682003295435,12.329,3.316,100.0,healthy,0.0,1.0,scenario_rapid_throttle_transition,scenario_rapid_throttle_transition.csv,0,rapid_throttle_transition,0
1780420335.5,335.5,580.0,0.0,579.88,0.0,19.339255766681767,19.706172090096214,39.64581054795263,3.8419926878966653,-1.9553321607905005,39.64581054795263,0.856140833778397,5034.615347488672,927.6783308612765,151.72006240289522,93.43681212056403,4.433024546134315,18.546144911645776,0.8843948299461011,12.41,3.39,100.0,healthy,0.0,1.0,scenario_rapid_throttle_transition,scenario_rapid_throttle_transition.csv,0,rapid_throttle_transition,0
1780420335.75,335.75,580.0,0.0,579.88,0.0,19.413296776700992,19.35008594972545,42.15238130385219,1.706811358926101,-2.0814628020145483,42.15238130385219,0.852882188000884,5153.443476689472,925.634654634476,74.01351187492372,83.10968395836774,4.67858571464424,19.95064545085462,0.936269968865533,12.457,3.564,100.0,healthy,0.0,1.0,scenario_rapid_throttle_transition,scenario_rapid_throttle_transition.csv,0,rapid_throttle_transition,0
1780420336.0,336.0,582.0221056193612,2.0221056193612603,581.9021056193612,0.0,19.471035340145843,19.234369078336297,37.71860921347455,2.609730273608884,-1.5138795181917608,37.71860921347455,0.8532209488311899,5171.468178478227,899.6588097465344,90.92131220921246,98.70161346268306,4.4816825621629555,19.065118496621338,1.0230416477657571,12.448,3.39,100.0,healthy,0.0,1.0,scenario_rapid_throttle_transition,scenario_rapid_throttle_transition.csv,0,rapid_throttle_transition,0
1780420336.25,336.25,580.0,0.0,579.88,0.0,19.51509715083347,19.462880278670013,34.57824575534319,3.166214330595082,-1.603392145649574,34.57824575534319,0.8526947781855442,5619.880831985464,950.6570331917876,139.7429698040835,67.67438673061483,4.0413154263764115,19.364521931326276,1.0462809316526944,12.437,3.213,100.0,healthy,0.0,1.0,scenario_rapid_throttle_transition,scenario_rapid_throttle_transition.csv,0,rapid_throttle_transition,0
1780420336.5,336.5,581.5631064370069,1.5631064370069163,581.4431064370069,0.0,19.53292700635693,19.25327443607445,32.699070980417225,3.456982752975547,-1.007270262208348,32.699070980417225,0.8532455466889284,4566.293702772705,951.8923907870242,133.46205519614983,70.77279717151544,4.82760949981494,23.179214194979167,1.023215976886903,12.359,3.128,100.0,healthy,0.0,1.0,scenario_rapid_throttle_transition,scenario_rapid_throttle_transition.csv,0,rapid_throttle_transition,0
1780420336.75,336.75,580.0,0.0,579.88,0.0,19.55086708903112,19.901592311619208,32.41790352915598,2.0720454383277516,-1.3535270408552318,32.41790352915598,0.8524679283989499,5772.7294633248885,938.8433321175062,133.34094209853936,80.18255111300817,4.9264151024487735,18.641528771287817,0.9769254051379886,12.433,3.14,100.0,healthy,0.0,1.0,scenario_rapid_throttle_transition,scenario_rapid_throttle_transition.csv,0,rapid_throttle_transition,0
1780420337.0,337.0,580.3188193123879,0.3188193123878071,580.1988193123879,0.0,19.621602067839863,19.812354236558082,45.70271563967909,2.1337965438247433,-1.7499716231536742,45.70271563967909,0.8553634285824235,5069.4890795835045,900.1001079496626,101.47878454402986,70.76695199370299,4.09609392848774,20.884256491696846,0.9698255196464904,12.401,3.415,100.0,healthy,0.0,1.0,scenario_rapid_throttle_transition,scenario_rapid_throttle_transition.csv,0,rapid_throttle_transition,0
1780420337.25,337.25,580.0,0.0,579.88,0.0,19.613997271408063,19.910004887333674,42.86118124140479,2.386480968350079,-2.050055795700352,42.86118124140479,0.8558880006497153,4579.462336855542,919.7463844671125,132.92302887848774,59.99525409568027,4.1169016530285925,20.410331942388993,1.04304542856991,12.374,3.154,100.0,healthy,0.0,1.0,scenario_rapid_throttle_transition,scenario_rapid_throttle_transition.csv,0,rapid_throttle_transition,0
1780420337.5,337.5,580.0,0.0,579.88,0.0,19.61827785829507,19.016209698750345,36.82892674257318,0.2087545408625151,-1.0247402722623034,36.82892674257318,0.8555558184101739,5468.635108077048,898.4843156227741,150.85336756024105,84.37476702485316,4.639599041160429,21.806851735482162,1.0079957556258083,12.4,3.543,100.0,healthy,0.0,1.0,scenario_rapid_throttle_transition,scenario_rapid_throttle_transition.csv,0,rapid_throttle_transition,0
1780420337.75,337.75,580.0,0.0,579.88,0.0,19.689440082534887,18.95850479355993,29.751061579761043,3.353256725529186,-2.0918795617983257,29.751061579761043,0.8550590877444483,4720.861756527411,921.3659756026829,119.63213965035811,71.4005569158245,4.710774517465898,17.014233744098885,1.018655582743729,12.365,3.382,100.0,healthy,0.0,1.0,scenario_rapid_throttle_transition,scenario_rapid_throttle_transition.csv,0,rapid_throttle_transition,0
1780420338.0,338.0,580.0,0.0,579.88,0.0,19.66503488555543,19.409542585740063,33.25418388645536,2.5020845906601146,-1.3621745084547603,33.25418388645536,0.8574365883957201,4611.550286882483,845.1264135697016,119.91868125170086,94.63806515248861,4.977600039131661,20.659911294265406,1.0748136295178585,12.511,3.233,100.0,healthy,0.0,1.0,scenario_rapid_throttle_transition,scenario_rapid_throttle_transition.csv,0,rapid_throttle_transition,0
1780420338.25,338.25,580.0,0.0,579.88,0.0,19.670879703238132,18.694628310245292,37.150558685703146,2.678438662213285,-1.5943008496506097,37.150558685703146,0.8614259894467747,4984.874393063881,947.9250593309418,128.40491491705214,63.830052492441865,4.451343874532981,17.593022635067822,0.9486569886225222,12.351,3.199,100.0,healthy,0.0,1.0,scenario_rapid_throttle_transition,scenario_rapid_throttle_transition.csv,0,rapid_throttle_transition,0
1780420338.5,338.5,580.0,0.0,579.88,0.0,19.693742836976504,20.151533537822992,46.19378894212574,2.7789981096985805,-1.7742471916882587,46.19378894212574,0.859400293823079,5778.694719331594,942.8959908686136,157.93871007140794,92.28002355460518,4.221020739342804,20.74356433657491,1.0465000964141122,12.386,3.328,100.0,healthy,0.0,1.0,scenario_rapid_throttle_transition,scenario_rapid_throttle_transition.csv,0,rapid_throttle_transition,0
1780420338.75,338.75,580.0176695256579,0.01766952565791388,579.8976695256579,0.0,19.78357780840145,19.830613057739857,39.81295963101628,2.4655611672005073,-0.555866378567587,39.81295963101628,0.8637671506703384,5686.96348559555,887.0857506257312,150.78146711004953,73.85099400360446,4.804348075584581,24.36507125769296,1.14511963394855,12.386,3.509,100.0,healthy,0.0,1.0,scenario_rapid_throttle_transition,scenario_rapid_throttle_transition.csv,0,rapid_throttle_transition,0
1780420339.0,339.0,580.0,0.0,579.88,0.0,19.818629481104985,20.35341583365104,36.15898318982756,3.861449512460598,-0.8793854986831549,36.15898318982756,0.8637179440555616,5635.005824099515,938.3977889467624,113.52499867184336,93.25772581177517,4.335563401223823,21.288298772013516,1.1187898374960237,12.402,3.343,100.0,healthy,0.0,1.0,scenario_rapid_throttle_transition,scenario_rapid_throttle_transition.csv,0,rapid_throttle_transition,0
1780420339.25,339.25,580.0,0.0,579.88,0.0,19.81388266343164,20.72201528485137,38.014313964957864,3.1439229713767007,-2.255815991718314,38.014313964957864,0.8671804339213739,5445.987748732008,848.1345248421668,117.91300782628437,85.60203697934818,4.516280430063658,20.430752837598227,0.8716028047139208,12.419,3.385,100.0,healthy,0.0,1.0,scenario_rapid_throttle_transition,scenario_rapid_throttle_transition.csv,0,rapid_throttle_transition,0
1780420339.5,339.5,580.0,0.0,579.88,0.0,19.88514331527961,18.951330615261185,35.39916561101175,2.654089476264949,-1.7209967071764638,35.39916561101175,0.8685905842506259,5136.841539938369,968.9821016410344,107.21253186975214,82.3932600313555,4.794455101304682,23.307531285035353,1.010586377432761,12.367,3.37,100.0,healthy,0.0,1.0,scenario_rapid_throttle_transition,scenario_rapid_throttle_transition.csv,0,rapid_throttle_transition,0
1780420339.75,339.75,580.234967221932,0.23496722193202157,580.114967221932,0.0,19.857363704009746,19.532964593859557,30.974988354824163,2.869643066214496,-1.8486592499070666,30.974988354824163,0.8702920763464309,4964.6633190443135,913.3678463278994,100.59853604492405,89.88674550705561,4.1947804301982705,15.566686658478396,1.0383823613729302,12.454,3.441,100.0,healthy,0.0,1.0,scenario_rapid_throttle_transition,scenario_rapid_throttle_transition.csv,0,rapid_throttle_transition,0
1780420340.0,340.0,580.0,0.0,579.88,0.0,19.879785055913253,20.841310094084694,43.19281875503221,3.2493157392465326,-1.3446866472688475,43.19281875503221,0.8682287038150602,5238.428055956167,913.0937230557116,123.27054427082668,87.01410198206212,4.685613613322023,23.411290631506752,0.9348852416600478,12.405,3.325,100.0,healthy,0.0,1.0,scenario_rapid_throttle_transition,scenario_rapid_throttle_transition.csv,0,rapid_throttle_transition,0
1780420340.25,340.25,582.157904394976,2.1579043949759797,582.037904394976,0.0,19.85852075566928,20.47163708303403,37.93648744958469,2.9193002283056972,-0.3888136668695269,37.93648744958469,0.8667117923129956,5028.484512153466,882.0279274580937,153.49628261723552,84.06008489796994,4.432164974990997,18.558379952141465,0.9517993927967108,12.467,3.387,100.0,healthy,0.0,1.0,scenario_rapid_throttle_transition,scenario_rapid_throttle_transition.csv,0,rapid_throttle_transition,0
1780420340.5,340.5,580.0,0.0,579.88,0.0,19.948760608842967,20.43571340808166,39.15892959618276,3.002128978582267,-0.8389706400050729,39.15892959618276,0.8640745125205811,4694.71109048744,881.3548651018435,118.65975830896177,92.72255924454463,4.5634763643544884,19.48781128032039,1.0483531865613855,12.383,3.251,100.0,healthy,0.0,1.0,scenario_rapid_throttle_transition,scenario_rapid_throttle_transition.csv,0,rapid_throttle_transition,0
1780420340.75,340.75,580.0422912535565,0.04229125355654316,579.9222912535565,0.0,20.039429909480383,20.48813034571971,43.588674516056194,1.8704201671959575,-1.136864661371958,43.588674516056194,0.8658568740398357,5156.462304099757,926.8743566662959,135.569660253649,70.91646708968763,4.500771192558399,19.312038076873474,1.198426420458549,12.455,3.29,100.0,healthy,0.0,1.0,scenario_rapid_throttle_transition,scenario_rapid_throttle_transition.csv,0,rapid_throttle_transition,0
1780420341.0,341.0,580.0,0.0,579.88,0.0,20.115349409688033,19.834930393508422,41.564930571433536,4.407100901463999,-1.9585508974606665,41.564930571433536,0.8677872626608975,5008.005649884284,862.161409157047,122.13212178360129,100.15990812494138,4.787674889646976,22.545359159374105,1.063785329436329,12.408,3.372,100.0,healthy,0.0,1.0,scenario_rapid_throttle_transition,scenario_rapid_throttle_transition.csv,0,rapid_throttle_transition,0
1780420341.25,341.25,580.0,0.0,579.88,0.0,20.140386161208664,20.505696830794975,35.62913321177066,2.739085089492159,-0.3303844341818386,35.62913321177066,0.8678283574883052,5008.778350650795,926.3085403834995,120.78035815659919,92.1552542296253,4.244759014245733,19.182158846844292,0.9481104644545326,12.334,3.574,100.0,healthy,0.0,1.0,scenario_rapid_throttle_transition,scenario_rapid_throttle_transition.csv,0,rapid_throttle_transition,0
1780420341.5,341.5,581.5497582403326,1.5497582403325727,581.4297582403326,0.0,20.21552239601253,20.40498187078098,43.97732395417579,2.830271395563546,-1.3659997250849598,43.97732395417579,0.8687859106765287,5294.391392860785,878.6721739110487,111.55227314433135,84.32274971844136,4.729658818368979,21.605088047497905,0.9761618405799233,12.439,3.403,100.0,healthy,0.0,1.0,scenario_rapid_throttle_transition,scenario_rapid_throttle_transition.csv,0,rapid_throttle_transition,0
1780420341.75,341.75,580.0,0.0,579.88,0.0,20.206213248364453,20.83776125733778,37.87429559102397,2.4186463902351423,-0.13573796736977306,37.87429559102397,0.8712688354374026,5434.227558972088,880.01919230999,129.3779224546635,68.04068807437926,4.5316658289915255,24.467145969729756,1.0036422575819888,12.435,3.273,100.0,healthy,0.0,1.0,scenario_rapid_throttle_transition,scenario_rapid_throttle_transition.csv,0,rapid_throttle_transition,0
1780420342.0,342.0,580.0,0.0,579.88,0.0,20.278653806362026,20.868887711584634,37.40691804134139,2.127669204485246,-1.084608438490084,37.40691804134139,0.8743795190131063,5137.540244144242,872.2828902196555,101.75997793949895,90.57538507627935,3.9776935409990175,18.62701207439848,1.1299416582108124,12.451,3.422,100.0,healthy,0.0,1.0,scenario_rapid_throttle_transition,scenario_rapid_throttle_transition.csv,0,rapid_throttle_transition,0
1780420342.25,342.25,580.0191905736626,0.019190573662630904,579.8991905736626,0.0,20.34836148399892,20.513246058236522,37.51772780493569,2.0325991169314377,-0.828804638235574,37.51772780493569,0.8785930202561608,5741.438743155222,873.3867930707813,119.7681894690453,98.00464940280936,4.640997115838359,20.64035409650192,1.1185901662656645,12.329,3.613,100.0,healthy,0.0,1.0,scenario_rapid_throttle_transition,scenario_rapid_throttle_transition.csv,0,rapid_throttle_transition,0
1780420342.5,342.5,581.1736791371382,1.1736791371380968,581.0536791371381,0.0,20.384730410824428,20.178016360618223,37.39730791574519,1.9366388848811147,-0.10735530669187476,37.39730791574519,0.8806843322581918,5652.932780382396,955.551969768197,130.04700128687767,94.30700289833025,4.222571457576781,19.86004429998759,0.8674004684150923,12.484,3.375,100.0,healthy,0.0,1.0,scenario_rapid_throttle_transition,scenario_rapid_throttle_transition.csv,0,rapid_throttle_transition,0
1780420342.75,342.75,580.0,0.0,579.88,0.0,20.439799286717875,20.20876119422328,40.14135385248738,2.7476761955007776,-0.3349418531611029,40.14135385248738,0.8840325113914355,5057.693285162801,880.156760269916,112.00058241350648,82.26487979967746,4.690156831769425,22.101061759727916,0.9559608435237099,12.382,3.269,100.0,healthy,0.0,1.0,scenario_rapid_throttle_transition,scenario_rapid_throttle_transition.csv,0,rapid_throttle_transition,0
1780420343.0,343.0,580.0,0.0,579.88,0.0,20.414605792145977,19.66325678190201,41.96919953768091,2.094704973509174,-0.4759727253543504,41.96919953768091,0.8837451450293905,5505.295748460913,874.5080649730754,88.32255787344798,87.09545501157255,4.151153288472792,22.55096710798781,1.0477946522362263,12.433,3.316,100.0,healthy,0.0,1.0,scenario_rapid_throttle_transition,scenario_rapid_throttle_transition.csv,0,rapid_throttle_transition,0
1780420343.25,343.25,580.0,0.0,579.88,0.0,20.40580111828831,20.387088586551474,38.74317088983156,1.882498765862603,-0.8954573400264513,38.74317088983156,0.8842920949176163,5167.114808458317,905.3327553801719,154.0596178383993,72.52862068863222,4.034165351797839,18.55208016598489,0.9330848782626632,12.363,3.445,100.0,healthy,0.0,1.0,scenario_rapid_throttle_transition,scenario_rapid_throttle_transition.csv,0,rapid_throttle_transition,0
1780420343.5,343.5,580.5019020371769,0.5019020371769526,580.3819020371769,0.0,20.466597948903996,20.790379868949213,31.424869391787755,2.5610781414817536,-0.8188588017392157,31.424869391787755,0.886880674643583,6207.247731477584,843.005927075993,133.15582417801213,96.2166798700273,4.029783421690358,21.519872995508145,0.9034017076576444,12.413,3.35,100.0,healthy,0.0,1.0,scenario_rapid_throttle_transition,scenario_rapid_throttle_transition.csv,0,rapid_throttle_transition,0
1780420343.75,343.75,580.0,0.0,579.88,0.0,20.523122358190264,20.071935240784082,32.803365157257545,1.4800553001566437,-1.7972385626703202,32.803365157257545,0.8878490406870179,5816.587710203577,857.3776879586098,141.3255161927886,74.22158257701648,4.959287112433948,17.189547892425942,1.0098437135223262,12.475,3.446,100.0,healthy,0.0,1.0,scenario_rapid_throttle_transition,scenario_rapid_throttle_transition.csv,0,rapid_throttle_transition,0
1780420344.0,344.0,581.4456308521244,1.445630852124369,581.3256308521244,0.0,20.51056002212114,20.146916167608325,44.81989219460919,2.3240598002780617,-0.7791976161035448,44.81989219460919,0.8874015061638435,5663.149000607506,909.0607540868391,120.33063655475775,98.96042349282499,5.294137132035387,21.836909041789028,1.0643339055323218,12.444,3.468,100.0,healthy,0.0,1.0,scenario_rapid_throttle_transition,scenario_rapid_throttle_transition.csv,0,rapid_throttle_transition,0
1780420344.25,344.25,581.0227263678809,1.022726367880822,580.9027263678809,0.0,20.52379247555429,19.97400269185477,46.94310204462723,1.19614827150017,-0.6903105592636366,46.94310204462723,0.887983495689769,5312.588624110016,944.7225506405961,119.04873673908267,88.75802663632965,4.639118342065149,17.34679261438375,0.9008606072986253,12.518,3.39,100.0,healthy,0.0,1.0,scenario_rapid_throttle_transition,scenario_rapid_throttle_transition.csv,0,rapid_throttle_transition,0
1780420344.5,344.5,580.21890590485,0.21890590484994704,580.09890590485,0.0,20.53418725192285,21.465985224871545,42.80939689443832,1.9039979551814508,-1.9231497789780119,42.80939689443832,0.8885579633305081,5013.865012281555,912.2363052901908,150.3472044711716,83.37216448600344,4.4045396523868945,25.040021363754708,1.1761655568057592,12.412,3.432,100.0,healthy,0.0,1.0,scenario_rapid_throttle_transition,scenario_rapid_throttle_transition.csv,0,rapid_throttle_transition,0
1780420344.75,344.75,580.0,0.0,579.88,0.0,20.529723154799473,20.86342638241902,44.20953759546185,1.8476972859223708,-1.2029449453884844,44.20953759546185,0.8866611926418964,5542.252843520133,873.6343872354588,128.1639376084769,93.83998988176671,4.3756277605588565,22.29151621897993,1.0013766584270758,12.435,3.535,100.0,healthy,0.0,1.0,scenario_rapid_throttle_transition,scenario_rapid_throttle_transition.csv,0,rapid_throttle_transition,0
1780420345.0,345.0,582.4821885077783,2.4821885077783454,582.3621885077783,0.0,20.594909317024193,19.92567844482004,39.13970228166451,0.9747704215668342,-0.4168895204952549,39.13970228166451,0.8901047119174416,5362.672316897933,921.8347694089581,121.17690094645393,83.8805037782463,3.9145953307999566,18.498803791261352,0.9669821279499193,12.482,3.422,100.0,healthy,0.0,1.0,scenario_rapid_throttle_transition,scenario_rapid_throttle_transition.csv,0,rapid_throttle_transition,0
1780420345.25,345.25,580.2087782394799,0.2087782394798766,580.0887782394799,0.0,20.65307549649235,19.98533260888023,36.226000581559305,1.7221933787936115,-0.26159882232742493,36.226000581559305,0.8883858461881977,5183.5736869412485,879.3171498007111,122.81040785951177,86.92989278689612,4.5369602962531355,18.847372768912425,1.0391285005582358,12.488,3.536,100.0,healthy,0.0,1.0,scenario_rapid_throttle_transition,scenario_rapid_throttle_transition.csv,0,rapid_throttle_transition,0
1780420345.5,345.5,581.9627054929151,1.9627054929151604,581.8427054929151,0.0,20.68573392056156,21.50811563807389,47.59790005917925,2.2946230970604686,-1.5743089976266904,47.59790005917925,0.8886557130782697,4803.608421915667,864.6321412044667,99.77706866073481,87.90339147340053,5.006346411605398,18.923270063885344,0.9503086356083795,12.463,3.317,100.0,healthy,0.0,1.0,scenario_rapid_throttle_transition,scenario_rapid_throttle_transition.csv,0,rapid_throttle_transition,0
1780420345.75,345.75,580.0,0.0,579.88,0.0,20.76606456119173,20.150134078843557,33.09094198244259,1.788053478505092,-1.000859278159494,33.09094198244259,0.8895316737768306,5627.682571823152,924.8794871072358,123.42109929839239,88.82118246860101,4.339259406358341,19.971090907966808,1.1187861126520082,12.374,3.433,100.0,healthy,0.0,1.0,scenario_rapid_throttle_transition,scenario_rapid_throttle_transition.csv,0,rapid_throttle_transition,0
1780420346.0,346.0,580.0,0.0,579.88,0.0,20.848743851173698,21.811420415597414,39.73763829864448,1.601979530047542,-0.4497485570377802,39.73763829864448,0.8854197923688069,4797.922718811352,891.3973906645863,141.07953053141202,95.46926385982847,4.034505185225001,13.844437125152211,1.1633691115266478,12.331,3.413,100.0,healthy,0.0,1.0,scenario_rapid_throttle_transition,scenario_rapid_throttle_transition.csv,0,rapid_throttle_transition,0
1780420346.25,346.25,581.9079687432982,1.9079687432981904,581.7879687432982,0.0,20.85375388415531,19.814185203316523,30.89054692999985,1.7670884522916674,-2.5927126632733293,30.89054692999985,0.8866531557410248,4809.076034181624,921.1083116454421,120.78344455721836,96.55945107903922,4.389751316552922,19.23591234327246,1.0395796751534878,12.512,3.414,100.0,healthy,0.0,1.0,scenario_rapid_throttle_transition,scenario_rapid_throttle_transition.csv,0,rapid_throttle_transition,0
1780420346.5,346.5,580.412462884426,0.4124628844259362,580.292462884426,0.0,20.848187139013525,21.681373210423235,38.78391510211123,1.714329522865293,-0.9034022648031031,38.78391510211123,0.8899821809443182,5681.304135288672,857.9936558684597,151.27464956181257,104.81536218534967,4.9516895184322705,22.751895344374653,1.0907823005382669,12.481,3.362,100.0,healthy,0.0,1.0,scenario_rapid_throttle_transition,scenario_rapid_throttle_transition.csv,0,rapid_throttle_transition,0
1780420346.75,346.75,580.3462174210125,0.3462174210124557,580.2262174210125,0.0,20.855339161758117,20.15502643309867,39.26961411058474,1.6393010291628005,-0.1416305259668752,39.26961411058474,0.8891221851679096,5472.360013605554,914.9539949957616,121.1556503330818,98.09197701178083,4.267541015719325,18.8706330676666,1.1288625774011563,12.432,3.62,100.0,healthy,0.0,1.0,scenario_rapid_throttle_transition,scenario_rapid_throttle_transition.csv,0,rapid_throttle_transition,0
1780420347.0,347.0,580.0,0.0,579.88,0.0,20.858041668659794,20.27023135919845,39.577010887126214,2.2474793526700627,-1.0421688794862802,39.577010887126214,0.8855101388566615,5036.365585509592,931.6116999451825,136.02095845921474,82.19565142742506,4.82450715376548,16.537717575931,1.0884852285976092,12.393,3.279,100.0,healthy,0.0,1.0,scenario_rapid_throttle_transition,scenario_rapid_throttle_transition.csv,0,rapid_throttle_transition,0
1780420347.25,347.25,580.4340126387522,0.4340126387521951,580.3140126387522,0.0,20.900145421206755,20.307274948624176,39.103724866447145,2.7899778324870743,-1.460224765823062,39.103724866447145,0.8847916514482878,6021.112749342229,897.2527748454673,148.90350826049718,91.27300859342522,4.778700826926945,19.462043026095643,0.9554904309320511,12.485,3.274,100.0,healthy,0.0,1.0,scenario_rapid_throttle_transition,scenario_rapid_throttle_transition.csv,0,rapid_throttle_transition,0
1780420347.5,347.5,580.0,0.0,579.88,0.0,20.906695868818414,20.39619195868053,30.540415117273238,0.878214439780441,-0.4465454574507078,30.540415117273238,0.8876394815016608,5991.794509438041,908.1174995830652,125.95592913265372,90.93218892896277,4.565466436712146,18.824497539275228,1.222625797864684,12.412,3.512,100.0,healthy,0.0,1.0,scenario_rapid_throttle_transition,scenario_rapid_throttle_transition.csv,0,rapid_throttle_transition,0
1780420347.75,347.75,580.0,0.0,579.88,0.0,20.876621558518053,21.56441984754687,38.23582900804961,1.6418566511113846,-0.9334713450508602,38.23582900804961,0.8856074707967748,6138.744055734322,895.804081191121,131.7617107718445,88.10932317105208,4.852688087730846,18.918747049504997,1.0873292530391507,12.442,3.45,100.0,healthy,0.0,1.0,scenario_rapid_throttle_transition,scenario_rapid_throttle_transition.csv,0,rapid_throttle_transition,0
1780420348.0,348.0,580.0,0.0,579.88,0.0,20.945389369775544,20.9360626249905,42.24209292642895,1.6446707894265873,-0.8647217416649133,42.24209292642895,0.8840437131395098,4863.392005046966,924.4894446014048,116.45536694491527,81.38061998108348,5.217869933374581,22.053543465260063,1.0405583660153865,12.438,3.463,100.0,healthy,0.0,1.0,scenario_rapid_throttle_transition,scenario_rapid_throttle_transition.csv,0,rapid_throttle_transition,0
1780420348.25,348.25,580.4289841965335,0.4289841965335006,580.3089841965335,0.0,20.9775032662219,20.93844543126159,42.229505200846745,1.9139239730393918,-0.5195402666042512,42.229505200846745,0.8870024374521761,5920.420485063713,956.9064315970421,139.65161772971783,55.755342805973356,4.41173896655363,21.594672536554977,1.055282573716538,12.369,3.491,100.0,healthy,0.0,1.0,scenario_rapid_throttle_transition,scenario_rapid_throttle_transition.csv,0,rapid_throttle_transition,0
1780420348.5,348.5,580.0,0.0,579.88,0.0,20.95110008961533,20.014332487964104,43.45894250912646,2.195523794738726,-0.9580354420597639,43.45894250912646,0.8908845350791297,5386.268147283127,905.5138708656566,124.39297884281484,88.42183545761812,4.386252586912568,17.567227303029313,0.9985630931244976,12.372,3.627,100.0,healthy,0.0,1.0,scenario_rapid_throttle_transition,scenario_rapid_throttle_transition.csv,0,rapid_throttle_transition,0
1780420348.75,348.75,580.4593099815332,0.45930998153318825,580.3393099815332,0.0,21.006539847362557,21.97060901654793,40.1721879403704,1.7624504775832814,-0.6102547725550785,40.1721879403704,0.8934993156155925,5354.616976781166,918.0567568349444,161.28125823943958,114.29424597451367,4.954308206993396,21.934605568624445,1.1478606844912418,12.387,3.471,100.0,healthy,0.0,1.0,scenario_rapid_throttle_transition,scenario_rapid_throttle_transition.csv,0,rapid_throttle_transition,0
1780420349.0,349.0,580.0,0.0,579.88,0.0,21.094290892838405,20.116925278353964,40.368009687299846,2.325529556497337,-0.0006984933971845297,40.368009687299846,0.894539462463219,5414.510210072789,913.6534587327316,114.52114684139858,108.46678980499831,4.881491647453137,23.568001784070315,1.1453125923175462,12.463,3.427,100.0,healthy,0.0,1.0,scenario_rapid_throttle_transition,scenario_rapid_throttle_transition.csv,0,rapid_throttle_transition,0
1780420349.25,349.25,580.0,0.0,579.88,0.0,21.18224715649942,22.193307677345675,42.59881304159384,1.6432006552588352,-0.46619159006246824,42.59881304159384,0.8905121759674506,4828.617270424831,869.2099646495923,151.10725930839232,93.2839211051659,5.134751572782801,21.15271599504422,1.061894722427276,12.479,3.534,100.0,healthy,0.0,1.0,scenario_rapid_throttle_transition,scenario_rapid_throttle_transition.csv,0,rapid_throttle_transition,0
1780420349.5,349.5,580.12893455221,0.12893455221002845,580.00893455221,0.0,21.192865989166425,20.347331564184618,42.3915689466586,0.856116807714034,-0.7250853403666989,42.3915689466586,0.8870880369437752,5244.561538183335,906.4190745767395,117.39748800462176,73.00044940252396,4.738103295649458,20.626581766467414,1.0310987654475083,12.46,3.458,100.0,healthy,0.0,1.0,scenario_rapid_throttle_transition,scenario_rapid_throttle_transition.csv,0,rapid_throttle_transition,0
1780420349.75,349.75,580.0,0.0,579.88,0.0,21.255490123704824,21.901991254142043,36.38539447983495,1.9201678053531452,-0.19640494938444103,36.38539447983495,0.8913973250036846,5705.6167532439395,941.0848553779471,153.7030801593679,87.20993686939134,5.2354118714835,18.84427910575053,1.06267738980342,12.388,3.361,100.0,healthy,0.0,1.0,scenario_rapid_throttle_transition,scenario_rapid_throttle_transition.csv,0,rapid_throttle_transition,0
1780420350.0,350.0,580.749634048343,0.749634048343002,580.629634048343,0.0,21.251578839921528,21.517441144238315,41.485627472869545,2.0858868412840756,-1.4012249535279429,41.485627472869545,0.8876472123380482,4920.0591991815745,914.5365752896897,126.83468231690682,108.4495145624554,4.557685941206715,17.45791647278907,0.9742513044730978,12.401,3.353,100.0,healthy,0.0,1.0,scenario_rapid_throttle_transition,scenario_rapid_throttle_transition.csv,0,rapid_throttle_transition,0
1780420350.25,350.25,580.9777927676154,0.9777927676153211,580.8577927676154,0.0,21.24026110665784,21.977431248525495,37.33250812535738,-0.12551095907435017,0.4861191852699457,37.33250812535738,0.8892132436755624,4912.357677589459,897.0928549385212,132.3191443338753,70.17142990673142,4.931959810187735,19.666260589320522,1.0712326520596105,12.42,3.592,100.0,healthy,0.0,1.0,scenario_rapid_throttle_transition,scenario_rapid_throttle_transition.csv,0,rapid_throttle_transition,0
1780420350.5,350.5,580.0,0.0,579.88,0.0,21.230160654009346,21.971084806424315,42.052775154433284,2.7458728720576135,-0.8238889462869068,42.052775154433284,0.8888115282559043,5536.718659001417,862.5270954006487,105.98796856913513,86.87727516734095,4.372195082523728,21.30531451812029,1.0131642872310391,12.401,3.547,100.0,healthy,0.0,1.0,scenario_rapid_throttle_transition,scenario_rapid_throttle_transition.csv,0,rapid_throttle_transition,0
1780420350.75,350.75,580.0,0.0,579.88,0.0,21.315464695340587,21.47871287970168,40.48220936655082,1.0719227196820624,-1.0820992703008998,40.48220936655082,0.8929571275812502,4864.242945309706,882.4769698485496,147.4482768710832,82.48883233319161,4.3570492688652465,17.200366988265607,0.9813631902617961,12.492,3.325,100.0,healthy,0.0,1.0,scenario_rapid_throttle_transition,scenario_rapid_throttle_transition.csv,0,rapid_throttle_transition,0
1780420351.0,351.0,582.362517256817,2.362517256816946,582.242517256817,0.0,21.309740392541087,22.234608155123844,41.40798429545912,1.3706127953443217,-1.3157556553204144,41.40798429545912,0.8904410046993678,5921.98072313302,892.46924889982,100.12269876916649,106.53560626848572,4.705342503301849,21.230166514568555,0.9817114397843411,12.404,3.358,100.0,healthy,0.0,1.0,scenario_rapid_throttle_transition,scenario_rapid_throttle_transition.csv,0,rapid_throttle_transition,0
1780420351.25,351.25,580.0,0.0,579.88,0.0,21.39564074026372,21.332285928877205,36.668974968121645,1.4410065243981318,-1.0526502563648972,36.668974968121645,0.8891161729829314,5264.458366166574,909.1000666729884,151.7847737716062,75.06976309337992,4.6143780122268625,20.133205181424945,1.0118296915386067,12.384,3.317,100.0,healthy,0.0,1.0,scenario_rapid_throttle_transition,scenario_rapid_throttle_transition.csv,0,rapid_throttle_transition,0
1780420351.5,351.5,580.318995161668,0.3189951616680195,580.198995161668,0.0,21.45526146794985,21.37352687308068,39.69823149411671,2.253404698190166,-0.8467250620518929,39.69823149411671,0.8917892768112738,5387.458812799,906.378524916454,158.91870248206428,102.46814241671106,4.438354877693071,18.073243074320693,1.1660241583419408,12.431,3.469,100.0,healthy,0.0,1.0,scenario_rapid_throttle_transition,scenario_rapid_throttle_transition.csv,0,rapid_throttle_transition,0
1780420351.75,351.75,580.0,0.0,579.88,0.0,21.478058447519967,20.704715098886524,38.761784033038474,0.1982022716138545,-0.349509612468679,38.761784033038474,0.8913022870737761,4922.027225464472,943.2410899040568,158.879043759511,94.0473282105001,4.620980332714582,18.12850657084905,1.0090836811179194,12.421,3.298,100.0,healthy,0.0,1.0,scenario_rapid_throttle_transition,scenario_rapid_throttle_transition.csv,0,rapid_throttle_transition,0
1780420352.0,352.0,580.0,0.0,579.88,0.0,21.562508539833377,22.62229514340604,34.35880824246275,2.2281841480012785,0.10551043379934094,34.35880824246275,0.8888049146003657,5752.280860030654,913.5159917850008,140.41882922689513,108.69224950192495,4.688626472654691,18.041585486231277,1.0745675253286637,12.392,3.395,100.0,healthy,0.0,1.0,scenario_rapid_throttle_transition,scenario_rapid_throttle_transition.csv,0,rapid_throttle_transition,0
1780420352.25,352.25,581.1948179119823,1.1948179119823255,581.0748179119823,0.0,21.63510603719703,21.64728034817481,35.9074932335601,1.2456398245813693,-0.4577474408479982,35.9074932335601,0.8888594898029539,4993.942792078728,921.9121627389677,138.443181310144,107.18086415633857,5.1950678076560965,22.274300039326533,0.9454874113867613,12.348,3.149,100.0,healthy,0.0,1.0,scenario_rapid_throttle_transition,scenario_rapid_throttle_transition.csv,0,rapid_throttle_transition,0
1780420352.5,352.5,580.0,0.0,579.88,0.0,21.671269190312703,21.299902879463755,38.23509038089722,0.39036742091033794,-0.06061812864046362,38.23509038089722,0.8865872939748556,5228.868073037246,891.2197993243863,125.62181123667222,102.05098753463314,4.3499675529360795,18.692274530875746,0.9887421649030851,12.422,3.462,100.0,healthy,0.0,1.0,scenario_rapid_throttle_transition,scenario_rapid_throttle_transition.csv,0,rapid_throttle_transition,0
1780420352.75,352.75,581.1825732838013,1.1825732838012237,581.0625732838013,0.0,21.722808938413184,21.227304819927866,40.564571815739704,1.11127849471261,-0.6189481432802537,40.564571815739704,0.8864677386768263,5290.535189962338,944.4529687987593,133.77211650999308,85.53421310708829,4.192518469545804,19.940090640528158,1.1332598206938909,12.356,3.438,100.0,healthy,0.0,1.0,scenario_rapid_throttle_transition,scenario_rapid_throttle_transition.csv,0,rapid_throttle_transition,0
1780420353.0,353.0,580.0,0.0,579.88,0.0,21.75869684168575,22.552835368560995,30.252050923504754,0.45637764330711006,-0.5590883092000707,30.252050923504754,0.8902675120469783,5515.244217004065,957.246930499447,122.94838837015344,87.59274161656973,5.016450315525221,21.165578983347757,1.0461873771978036,12.43,3.494,100.0,healthy,0.0,1.0,scenario_rapid_throttle_transition,scenario_rapid_throttle_transition.csv,0,rapid_throttle_transition,0
1780420353.25,353.25,580.0,0.0,579.88,0.0,21.727857692282726,22.622722745187232,42.062623970718164,1.687253663666127,-0.18811557577013324,42.062623970718164,0.8914827770527304,5484.004469077851,939.5127991267866,131.7788971026977,79.43163732192254,4.251385946489914,18.28255086588746,0.9122406567278597,12.466,3.533,100.0,healthy,0.0,1.0,scenario_rapid_throttle_transition,scenario_rapid_throttle_transition.csv,0,rapid_throttle_transition,0
1780420353.5,353.5,580.0,0.0,579.88,0.0,21.792157871226937,22.379910488195694,48.0202143805021,0.6354275276188923,0.5948428261765529,48.0202143805021,0.8953378950724699,5718.318512042358,904.7255907821216,126.57826711767031,88.04519660218135,5.273137467968221,19.41086136877249,0.9799364817577179,12.534,3.516,100.0,healthy,0.0,1.0,scenario_rapid_throttle_transition,scenario_rapid_throttle_transition.csv,0,rapid_throttle_transition,0
1780420353.75,353.75,580.0,0.0,579.88,0.0,21.770057209793627,22.686099201024785,41.85706905800005,2.2197922675592814,0.3407405211314374,41.85706905800005,0.8939499710612844,5217.5781516654815,939.8658567932708,136.60182103516627,92.97050197556818,4.67385682425709,14.08212103459686,1.0604874008139125,12.413,3.462,100.0,healthy,0.0,1.0,scenario_rapid_throttle_transition,scenario_rapid_throttle_transition.csv,0,rapid_throttle_transition,0
1780420354.0,354.0,581.8543602110345,1.8543602110345259,581.7343602110345,0.0,21.74558279712106,20.95264917071069,39.64434623530578,0.5913456573465592,-0.23051949134072636,39.64434623530578,0.8969290322832703,5308.107899933105,906.461420932314,119.30763421371718,89.31346826778429,4.964471304086467,23.05781168266401,0.9688439382541505,12.387,3.708,100.0,healthy,0.0,1.0,scenario_rapid_throttle_transition,scenario_rapid_throttle_transition.csv,0,rapid_throttle_transition,0
1780420354.25,354.25,580.0,0.0,579.88,0.0,21.810273628051416,22.04489106739482,38.022202192557515,1.5047534967012846,0.24606181635896535,38.022202192557515,0.8975709935436935,5392.447368452962,928.0999017194438,135.15789526069457,99.53280989175944,4.9295138593243015,21.587107607525148,0.974534313157111,12.484,3.422,100.0,healthy,0.0,1.0,scenario_rapid_throttle_transition,scenario_rapid_throttle_transition.csv,0,rapid_throttle_transition,0
1780420354.5,354.5,581.4175090217469,1.4175090217469544,581.2975090217469,0.0,21.83474722714375,22.8956395719961,39.01148565620379,0.408182016726072,-0.47996222609781103,39.01148565620379,0.8981167875640594,5249.379897547306,945.9944852831217,121.03082219561641,83.55227504050124,4.665164366095246,19.6211540851939,1.1117432044744875,12.473,3.428,100.0,healthy,0.0,1.0,scenario_rapid_throttle_transition,scenario_rapid_throttle_transition.csv,0,rapid_throttle_transition,0
1780420354.75,354.75,580.0,0.0,579.88,0.0,21.84271139389984,21.63852562626063,38.235301366493715,0.1410157063283981,-0.6104778544998819,38.235301366493715,0.8957932559421729,5666.063501231283,925.9637108997697,126.4143901280914,91.49587411657178,5.369356094796453,20.647727238976834,1.0548913189614757,12.427,3.531,100.0,healthy,0.0,1.0,scenario_rapid_throttle_transition,scenario_rapid_throttle_transition.csv,0,rapid_throttle_transition,0
1780420355.0,355.0,580.0,0.0,579.88,0.0,21.849621788793048,21.943145786107873,38.549071450903746,0.9321249814480234,0.3870116239930306,38.549071450903746,0.8938298579122181,5390.315275906333,885.9615716654156,128.70148075820225,93.91750590764542,4.832752076606037,22.110437058932384,0.883169112603833,12.39,3.218,100.0,healthy,0.0,1.0,scenario_rapid_throttle_transition,scenario_rapid_throttle_transition.csv,0,rapid_throttle_transition,0
1780420355.25,355.25,581.3837837118873,1.38378371188734,581.2637837118873,0.0,21.892347446177805,22.853596844231287,38.01236928221054,2.0183889971691564,-0.26911452097815414,38.01236928221054,0.8941424158762944,5224.885317479403,840.3171533598929,129.29133430186045,60.64989766195943,4.097677787814066,21.521195648651442,1.0362513370971203,12.458,3.401,100.0,healthy,0.0,1.0,scenario_rapid_throttle_transition,scenario_rapid_throttle_transition.csv,0,rapid_throttle_transition,0
1780420355.5,355.5,581.198715599283,1.1987155992830316,581.078715599283,0.0,21.92218648442865,21.393841076763433,43.32870022972146,1.5121187674105836,-0.5671599809575287,43.32870022972146,0.8939768244980884,5962.755722698904,883.0896260106477,141.3966871594703,105.79172722008214,4.794670562846911,21.153871830672045,0.9167238652120444,12.388,3.413,100.0,healthy,0.0,1.0,scenario_rapid_throttle_transition,scenario_rapid_throttle_transition.csv,0,rapid_throttle_transition,0
1780420355.75,355.75,580.5866483842067,0.5866483842067347,580.4666483842067,0.0,21.970055226227238,21.849395051079235,46.445413948713814,0.2715847924759167,-0.0008011124594629604,46.445413948713814,0.8978274649112608,5226.065595833828,910.3509212502489,164.38903564165662,112.60960267879639,4.653196456791303,14.971653207725101,1.0175059905655195,12.464,3.253,100.0,healthy,0.0,1.0,scenario_rapid_throttle_transition,scenario_rapid_throttle_transition.csv,0,rapid_throttle_transition,0
1780420356.0,356.0,580.0,0.0,579.88,0.0,22.014677383180494,21.284891992881676,43.958105006644296,0.9375294138709849,0.2648852026717877,43.958105006644296,0.8945552447733355,5528.098008592284,892.3729823988729,110.41693248911422,78.6776871160854,5.224394431029465,20.204594587247946,1.0641725505797248,12.428,3.331,100.0,healthy,0.0,1.0,scenario_rapid_throttle_transition,scenario_rapid_throttle_transition.csv,0,rapid_throttle_transition,0
1780420356.25,356.25,581.5943932583561,1.5943932583561748,581.4743932583561,0.0,22.009155711499254,22.219333182979277,37.06720150744574,1.303833945211745,-0.6946211770632917,37.06720150744574,0.8928617230936114,5943.139147782535,901.9589118006139,128.0229683958906,80.07467594350808,4.5384836853148744,18.045794144315273,1.008456362058348,12.468,3.448,100.0,healthy,0.0,1.0,scenario_rapid_throttle_transition,scenario_rapid_throttle_transition.csv,0,rapid_throttle_transition,0
1780420356.5,356.5,581.3458505313691,1.3458505313691629,581.2258505313691,0.0,22.069358123202296,22.674727958695247,41.97343987110477,0.3303778506877891,1.02187873000356,41.97343987110477,0.8903734903621526,5301.83766622268,955.6027375883765,144.18195147576958,97.74366286365628,4.728989337374477,17.06600228168624,1.0969300517795004,12.551,3.641,100.0,healthy,0.0,1.0,scenario_rapid_throttle_transition,scenario_rapid_throttle_transition.csv,0,rapid_throttle_transition,0
1780420356.75,356.75,580.2808769627292,0.28087696272914625,580.1608769627292,0.0,22.114193012260504,22.33267008856266,29.3456054178021,1.28224554558861,-0.33813286058350484,29.3456054178021,0.8891411108701152,5039.647374338926,865.9793155214553,110.02974418533627,118.50605565284359,4.659886249202915,19.664032503739236,1.1397570371502816,12.393,3.439,100.0,healthy,0.0,1.0,scenario_rapid_throttle_transition,scenario_rapid_throttle_transition.csv,0,rapid_throttle_transition,0
1780420357.0,357.0,580.1929443065266,0.19294430652653996,580.0729443065266,0.0,22.145601211202518,21.317904195349065,35.2841140313778,1.1502403588338075,-1.021025067192378,35.2841140313778,0.8877573342746609,5408.318000109824,913.2271150712286,124.13099890164737,106.38600007825082,5.057066472746859,18.535578271343862,0.9953286085868489,12.345,3.54,100.0,healthy,0.0,1.0,scenario_rapid_throttle_transition,scenario_rapid_throttle_transition.csv,0,rapid_throttle_transition,0
1780420357.25,357.25,580.0,0.0,579.88,0.0,22.178849595471036,21.562306463910087,39.94763973777861,-0.49333332272348773,-0.13201185543387242,39.94763973777861,0.8878139104748529,5685.3144318587165,924.9302323939563,118.02090604540905,94.75027655888302,4.501366901691036,21.304006959762155,1.0354856374056323,12.35,3.654,100.0,healthy,0.0,1.0,scenario_rapid_throttle_transition,scenario_rapid_throttle_transition.csv,0,rapid_throttle_transition,0
1780420357.5,357.5,580.9649947241915,0.964994724191468,580.8449947241915,0.0,22.230522121660545,21.676050685659227,34.33887866832103,1.6491268238673165,-0.2154223939523376,34.33887866832103,0.8900791999344285,6658.282171928981,931.9738568641683,109.15863786123545,93.56005358658015,4.754133172416767,21.21778972192968,1.0486578190371711,12.41,3.4,100.0,healthy,0.0,1.0,scenario_rapid_throttle_transition,scenario_rapid_throttle_transition.csv,0,rapid_throttle_transition,0
1780420357.75,357.75,581.9338460991082,1.9338460991082287,581.8138460991082,0.0,22.29299397166664,22.820381058906843,39.73690213590158,0.5732737415567314,-0.7998894455488041,39.73690213590158,0.8878344328378607,4815.347896846354,852.2998815705901,117.51597900605118,108.78918184535387,4.321146401993504,18.790365303842144,0.9900232840055152,12.463,3.302,100.0,healthy,0.0,1.0,scenario_rapid_throttle_transition,scenario_rapid_throttle_transition.csv,0,rapid_throttle_transition,0
1780420358.0,358.0,580.0557885297026,0.055788529702556766,579.9357885297026,0.0,22.331688265527156,21.736611798933247,44.55897954094007,0.5293731516079866,-0.3624038371549851,44.55897954094007,0.8891489611953753,5207.134016010938,893.6192370242381,145.3835344310739,104.0331219463631,4.558900994425953,20.27127678882563,1.0509658502143848,12.381,3.456,100.0,healthy,0.0,1.0,scenario_rapid_throttle_transition,scenario_rapid_throttle_transition.csv,0,rapid_throttle_transition,0
1780420358.25,358.25,580.1562578155813,0.1562578155812623,580.0362578155813,0.0,22.34657226823288,22.299444755973006,43.936860877240875,0.7538721683312882,0.30603823955149123,43.936860877240875,0.8895040757413755,5244.053923609259,933.9474663613802,138.62725102461553,87.61389185573529,4.506912227377294,17.978293045713016,0.974408689506838,12.373,3.506,100.0,healthy,0.0,1.0,scenario_rapid_throttle_transition,scenario_rapid_throttle_transition.csv,0,rapid_throttle_transition,0
1780420358.5,358.5,580.7538630099043,0.7538630099042731,580.6338630099043,0.0,22.41141339888832,22.958132287946327,43.24841003106062,0.2861301176528117,-0.0801294279552771,43.24841003106062,0.8924467545692831,5253.436892976092,940.0602038138339,134.88402616213713,75.57591400699863,4.860266498322867,19.332996701155498,1.035894015357132,12.41,3.428,100.0,healthy,0.0,1.0,scenario_rapid_throttle_transition,scenario_rapid_throttle_transition.csv,0,rapid_throttle_transition,0
1780420358.75,358.75,581.1190667156708,1.1190667156707979,580.9990667156708,0.0,22.381218583785756,23.403341942694365,39.47728197173187,1.0999232840213147,0.47825350856259063,39.47728197173187,0.8903210606106025,5387.62033849134,911.7506446285374,117.38099959598927,88.0137209533344,4.320871086828843,22.481997347708845,0.9993096599554572,12.473,3.383,100.0,healthy,0.0,1.0,scenario_rapid_throttle_transition,scenario_rapid_throttle_transition.csv,0,rapid_throttle_transition,0
1780420359.0,359.0,580.4450419952927,0.4450419952927914,580.3250419952927,0.0,22.414141015442322,21.945946946089204,35.03830985905381,0.7370167514838635,0.27881297736330024,35.03830985905381,0.894832755197536,5180.390596386843,929.1007769315073,141.6712724806324,101.97582995550528,4.657879505987129,24.17255295873689,1.036427962993582,12.46,3.561,100.0,healthy,0.0,1.0,scenario_rapid_throttle_transition,scenario_rapid_throttle_transition.csv,0,rapid_throttle_transition,0
1780420359.25,359.25,580.0,0.0,579.88,0.0,22.396094942001195,21.498479094401652,37.33535442615392,1.2769589884184989,-0.47244624194586027,37.33535442615392,0.8997114395530091,5647.098337759456,911.6478405701439,135.43828063387642,113.51338716750867,4.705438733710761,18.712603799868198,0.9797895075607685,12.419,3.505,100.0,healthy,0.0,1.0,scenario_rapid_throttle_transition,scenario_rapid_throttle_transition.csv,0,rapid_throttle_transition,0
1780420359.5,359.5,580.1492324888992,0.14923248889922763,580.0292324888992,0.0,22.381190446846055,22.324877268843437,43.89016484127939,0.7294381628666282,-0.6179905871903503,43.89016484127939,0.897964017076408,5232.968753457432,944.8659023965557,103.16195815601112,84.78153438868719,4.887509462753384,19.31212637704049,1.0322046018331326,12.427,3.454,100.0,healthy,0.0,1.0,scenario_rapid_throttle_transition,scenario_rapid_throttle_transition.csv,0,rapid_throttle_transition,0
1780420359.75,359.75,581.2696218461838,1.2696218461838338,581.1496218461838,0.0,22.358398436822476,22.74167600870883,43.309830407355136,0.24261735884032307,0.010165965018907624,43.309830407355136,0.8981339011505158,5574.999942446917,929.7014760719069,164.5702466843592,77.75915793599967,4.434556169813751,19.265284571183187,1.1621319187279413,12.49,3.485,100.0,healthy,0.0,1.0,scenario_rapid_throttle_transition,scenario_rapid_throttle_transition.csv,0,rapid_throttle_transition,0
1780420360.0,360.0,580.7943454447293,0.7943454447293378,580.6743454447293,0.0,22.361572338024576,21.570475577844054,42.45391961273674,1.1335462858238636,-0.056432047729671295,42.45391961273674,0.9006366682765077,5030.897415534258,896.9029500759805,108.45502277340918,91.77863797427224,5.111925349432072,20.577210669438063,1.0726642955465286,12.387,3.435,100.0,healthy,0.0,1.0,scenario_rapid_throttle_transition,scenario_rapid_throttle_transition.csv,0,rapid_throttle_transition,0
1780420360.25,360.25,582.5436651228181,2.5436651228180867,582.4236651228181,0.0,22.403409949321407,22.91186948335833,39.400863375787516,0.5958832240422822,-0.14710814979431544,39.400863375787516,0.9017675655575456,5057.807471907794,869.5001432786541,166.07260190314256,83.16240779830753,5.1361420626530485,17.84611044746621,0.9763062918871787,12.454,3.447,100.0,healthy,0.0,1.0,scenario_rapid_throttle_transition,scenario_rapid_throttle_transition.csv,0,rapid_throttle_transition,0
1780420360.5,360.5,580.9248764982162,0.9248764982162336,580.8048764982162,0.0,22.498182184882975,23.13346635378421,37.28504011065574,1.363779408870625,0.4661619417018806,37.28504011065574,0.9007838030848492,5117.047733137542,893.8600997829724,150.82463857272916,82.74571496284271,4.907646079767898,21.48872502043108,0.9977785731919572,12.456,3.455,100.0,healthy,0.0,1.0,scenario_rapid_throttle_transition,scenario_rapid_throttle_transition.csv,0,rapid_throttle_transition,0
1780420360.75,360.75,580.5800635769931,0.5800635769930509,580.4600635769931,0.0,22.58169555082741,22.396729962165786,32.62844377239239,0.5353242036678404,0.27563546108101317,32.62844377239239,0.902964343125987,5119.8323036189795,955.1155154228238,119.7514591312864,103.60839611544297,4.592864158866336,18.542071596642955,1.0709341374924812,12.489,3.581,100.0,healthy,0.0,1.0,scenario_rapid_throttle_transition,scenario_rapid_throttle_transition.csv,0,rapid_throttle_transition,0
1780420361.0,361.0,580.0,0.0,579.88,0.0,22.561772823626548,22.513175731314277,41.860687429414625,0.19335048022541979,0.42496828878394466,41.860687429414625,0.9013726633565373,5278.748048323771,896.3269860228683,115.27985237052098,86.88084166444838,5.119500904019563,22.206473786738428,1.0701233203787293,12.394,3.593,100.0,healthy,0.0,1.0,scenario_rapid_throttle_transition,scenario_rapid_throttle_transition.csv,0,rapid_throttle_transition,0
1780420361.25,361.25,580.0,0.0,579.88,0.0,22.587065861832734,22.10027819260894,43.07946150636017,0.39700305405015124,0.31573915397183544,43.07946150636017,0.9024979971374567,5475.840015731148,911.9612397187284,140.44556816683314,95.27621082520123,5.011874397556433,17.76692912607793,1.0043434887055542,12.376,3.448,100.0,healthy,0.0,1.0,scenario_rapid_throttle_transition,scenario_rapid_throttle_transition.csv,0,rapid_throttle_transition,0
1780420361.5,361.5,580.7119517097535,0.7119517097535049,580.5919517097535,0.0,22.571627394488075,22.657115164887227,38.2587831297751,0.18024570479458205,0.8431290019964739,38.2587831297751,0.9070426393261918,5344.165503031488,935.2345614477259,131.05082812536526,93.15843692237897,5.1931024049163845,21.324611726192312,0.9609499986937174,12.411,3.474,100.0,healthy,0.0,1.0,scenario_rapid_throttle_transition,scenario_rapid_throttle_transition.csv,0,rapid_throttle_transition,0
1780420361.75,361.75,580.0,0.0,579.88,0.0,22.581210314644288,22.940501985206787,40.69349503815051,-2.109089362572394,0.4119573092420462,40.69349503815051,0.9056158296878988,6022.619610335567,897.4623272465922,153.65898120975194,78.57842168347835,4.656577387099173,19.80020549565815,1.003688806226795,12.449,3.609,100.0,healthy,0.0,1.0,scenario_rapid_throttle_transition,scenario_rapid_throttle_transition.csv,0,rapid_throttle_transition,0
1780420362.0,362.0,580.0,0.0,579.88,0.0,22.629882291750995,21.868765730710198,34.51108497903448,1.5053647023723766,0.648752522409762,34.51108497903448,0.9059951189983066,5674.892634337976,903.3386765490096,137.7814783587687,105.60093678191862,4.807932851508615,20.953391898113015,1.0057808069893315,12.445,3.283,100.0,healthy,0.0,1.0,scenario_rapid_throttle_transition,scenario_rapid_throttle_transition.csv,0,rapid_throttle_transition,0
1780420362.25,362.25,580.1962968423202,0.19629684232018807,580.0762968423202,0.0,22.713294896371764,23.10541999191812,33.60587598264967,1.5787261698916708,-0.0715441754333433,33.60587598264967,0.910098273907748,5747.826890749622,886.759967402413,155.76512873424787,51.41750493024355,4.748334973910233,19.90717255474038,1.0992945173456132,12.394,3.629,100.0,healthy,0.0,1.0,scenario_rapid_throttle_transition,scenario_rapid_throttle_transition.csv,0,rapid_throttle_transition,0
1780420362.5,362.5,580.1047401880529,0.10474018805289827,579.9847401880529,0.0,22.805098287326842,22.592545661924785,40.46939676014277,-0.7479344087182289,0.3145089854987,40.46939676014277,0.9117964192149938,5386.976480209954,950.511856113758,127.7272927584605,103.64468404855974,4.98217692468045,24.265941596970798,0.920271556754227,12.43,3.434,100.0,healthy,0.0,1.0,scenario_rapid_throttle_transition,scenario_rapid_throttle_transition.csv,0,rapid_throttle_transition,0
1780420362.75,362.75,580.8614729981531,0.8614729981530957,580.7414729981531,0.0,22.813830023659104,23.035756220272006,37.179947384620455,0.4194937245971257,0.7356529610316442,37.179947384620455,0.913026907388542,5530.843742989998,896.9834613234959,129.44490028945214,108.82844078675784,5.065972725627138,22.98827169191764,1.060310972985366,12.431,3.57,100.0,healthy,0.0,1.0,scenario_rapid_throttle_transition,scenario_rapid_throttle_transition.csv,0,rapid_throttle_transition,0
1780420363.0,363.0,580.2908293188032,0.2908293188031406,580.1708293188032,0.0,22.83812819225515,22.121117072684587,34.090863697346144,1.3056898706802822,-0.42799223579600715,34.090863697346144,0.9098320275845733,5476.38053086409,900.5219069061665,157.9148350301934,73.61907481093067,5.066410671358845,22.091984766147295,0.9808258444796969,12.386,3.348,100.0,healthy,0.0,1.0,scenario_rapid_throttle_transition,scenario_rapid_throttle_transition.csv,0,rapid_throttle_transition,0
1780420363.25,363.25,582.1376097777851,2.137609777785117,582.0176097777851,0.0,22.92232077407041,22.44394733628874,35.68787965787399,-1.8521459815777896,0.5798859981189091,35.68787965787399,0.9136281090528547,5448.471220366072,907.7646746477097,106.11507151040254,118.59064063481135,4.713489851115386,24.336622406048036,1.0101408574771273,12.395,3.392,100.0,healthy,0.0,1.0,scenario_rapid_throttle_transition,scenario_rapid_throttle_transition.csv,0,rapid_throttle_transition,0
1780420363.5,363.5,581.8224126515538,1.8224126515537984,581.7024126515538,0.0,22.96790578035477,22.177947647114113,43.52315269054673,0.18072334309114013,-0.5968773769767104,43.52315269054673,0.9119232530891499,5254.055642918615,919.6790739026656,107.7761736971051,96.72189459810684,5.586037941161043,18.733903109751598,1.069471429630491,12.448,3.454,100.0,healthy,0.0,1.0,scenario_rapid_throttle_transition,scenario_rapid_throttle_transition.csv,0,rapid_throttle_transition,0
1780420363.75,363.75,580.0,0.0,579.88,0.0,22.981720372866192,21.842618286516547,42.84748048670861,0.492600385148024,-0.5211493248124819,42.84748048670861,0.9145164704536464,5097.008967568001,886.1741392955474,149.57930856551872,99.51919558163934,4.706344902116204,18.6030390831729,0.9450260259696293,12.451,3.509,100.0,healthy,0.0,1.0,scenario_rapid_throttle_transition,scenario_rapid_throttle_transition.csv,0,rapid_throttle_transition,0
1780420364.0,364.0,580.7057474436724,0.7057474436724253,580.5857474436724,0.0,22.96783573259082,23.066912189476355,51.714439255112744,0.43353823280316783,0.3188434296720252,51.714439255112744,0.9175444016449605,5776.42166230054,875.0554621384084,154.6913678761563,78.74427679559282,4.309599108349984,20.60369319850981,1.023763098397551,12.506,3.397,100.0,healthy,0.0,1.0,scenario_rapid_throttle_transition,scenario_rapid_throttle_transition.csv,0,rapid_throttle_transition,0
1780420364.25,364.25,581.9905134020586,1.9905134020585367,581.8705134020586,0.0,22.942306261820928,23.26376236410259,35.66313222911989,-1.1853696677303933,-0.34255980651578816,35.66313222911989,0.9186226145661213,5651.03580992925,927.0076373356884,123.00797863647139,106.80454020911671,4.6423279430989215,17.980760361048304,1.1055501478934466,12.423,3.72,100.0,healthy,0.0,1.0,scenario_rapid_throttle_transition,scenario_rapid_throttle_transition.csv,0,rapid_throttle_transition,0
1780420364.5,364.5,581.6079886957996,1.6079886957995717,581.4879886957996,0.0,23.02398734387974,23.630894482840187,45.8482058356879,0.09758759639720249,0.8913744234242648,45.8482058356879,0.9221688935629571,5380.3697900949865,919.7380841803691,172.0285042331983,88.89080045178216,4.609969006110794,24.430394610776887,1.1869340248850424,12.46,3.512,100.0,healthy,0.0,1.0,scenario_rapid_throttle_transition,scenario_rapid_throttle_transition.csv,0,rapid_throttle_transition,0
1780420364.75,364.75,580.0,0.0,579.88,0.0,23.103087614871566,23.975864642427293,41.09489545764018,-1.6538438602553205,0.2211934633851975,41.09489545764018,0.9235618544325858,5585.556044291969,936.8611996642427,133.42289251082516,85.39385439345227,4.998530349459546,17.158587435464163,1.056138756439657,12.437,3.628,100.0,healthy,0.0,1.0,scenario_rapid_throttle_transition,scenario_rapid_throttle_transition.csv,0,rapid_throttle_transition,0
1780420365.0,365.0,580.4898348019212,0.48983480192126017,580.3698348019212,0.0,23.14809804607884,23.581207244182327,39.22682877320629,-0.16389500860979622,0.8418806032917769,39.22682877320629,0.9237333873061493,5450.475513182926,916.7110110713827,133.24745336976636,96.2740041399861,4.666444229064191,22.7793823921023,1.1099978468749685,12.396,3.478,100.0,healthy,0.0,1.0,scenario_rapid_throttle_transition,scenario_rapid_throttle_transition.csv,0,rapid_throttle_transition,0
1780420365.25,365.25,581.1115846378766,1.1115846378765823,580.9915846378766,0.0,23.141386948967227,22.23884938181199,40.1704364159237,0.3363589296067253,0.08873449245313164,40.1704364159237,0.9239772243243416,5329.500743394616,915.4737009689645,147.76757882074685,83.37328812779347,4.7145360223478185,20.826257239441965,1.0257436190450342,12.454,3.418,100.0,healthy,0.0,1.0,scenario_rapid_throttle_transition,scenario_rapid_throttle_transition.csv,0,rapid_throttle_transition,0
1780420365.5,365.5,580.0,0.0,579.88,0.0,23.122742432551746,23.589189967003204,39.398178177981,-1.3094172677142946,0.19730466366510763,39.398178177981,0.9222211955753433,5571.901922664452,921.315481911005,157.19456083261355,77.47882370348488,4.5392748625154224,19.1936547576503,0.9372670916432551,12.434,3.407,100.0,healthy,0.0,1.0,scenario_rapid_throttle_transition,scenario_rapid_throttle_transition.csv,0,rapid_throttle_transition,0
1780420365.75,365.75,580.0,0.0,579.88,0.0,23.159420501487986,22.153544073385074,40.357034705842146,-0.6652399666431709,-0.26554941038009433,40.357034705842146,0.9264037656630536,5437.549755859105,914.7624433026028,137.16976645961037,70.69070958350957,4.462183982433373,19.54408246904355,1.0846635494950418,12.479,3.4,100.0,healthy,0.0,1.0,scenario_rapid_throttle_transition,scenario_rapid_throttle_transition.csv,0,rapid_throttle_transition,0
1780420366.0,366.0,580.0751680629714,0.07516806297141768,579.9551680629714,0.0,23.173530751271368,22.860099556743716,44.70799149188262,-0.2055113293490372,0.8145007788383778,44.70799149188262,0.929351621894519,5756.9778174758385,922.9616429519713,139.88587651798989,102.74020383085795,4.310327029444465,20.429713308501007,0.9588186541010035,12.461,3.428,100.0,healthy,0.0,1.0,scenario_rapid_throttle_transition,scenario_rapid_throttle_transition.csv,0,rapid_throttle_transition,0
1780420366.25,366.25,580.0,0.0,579.88,0.0,23.183030094181813,23.009904810649967,38.56730338562256,0.5225062743010634,0.7351259550749082,38.56730338562256,0.9292513166151621,4914.626494854899,895.0188641155135,150.48322400503184,114.42336281529462,5.136991333800636,20.562758526391328,0.9662780418944704,12.359,3.483,100.0,healthy,0.0,1.0,scenario_rapid_throttle_transition,scenario_rapid_throttle_transition.csv,0,rapid_throttle_transition,0
1780420366.5,366.5,580.0,0.0,579.88,0.0,23.258268698443874,23.600976948353196,43.83973306655926,0.5331272363600953,-0.18899368849701925,43.83973306655926,0.92679282558608,5499.297215677478,922.9574791888888,137.83258920088565,80.89670906143965,5.076805401301232,24.654435757037845,1.0937868477453372,12.443,3.404,100.0,healthy,0.0,1.0,scenario_rapid_throttle_transition,scenario_rapid_throttle_transition.csv,0,rapid_throttle_transition,0
1780420366.75,366.75,580.0,0.0,579.88,0.0,23.270486214848106,23.420122203209598,45.951133235354966,-1.2153336198565206,0.6024305303589468,45.951133235354966,0.9234076633660669,5969.3244574874325,944.8761565982836,122.19604222083947,90.20333454191841,4.886324436638947,21.460125459886584,1.1800353963012806,12.322,3.545,100.0,healthy,0.0,1.0,scenario_rapid_throttle_transition,scenario_rapid_throttle_transition.csv,0,rapid_throttle_transition,0
1780420367.0,367.0,580.0,0.0,579.88,0.0,23.32259345220591,24.206099312479285,41.10142100766707,-0.39171917088966834,0.8213509075804217,41.10142100766707,0.9265964732627292,5520.158068784487,906.9092691034708,156.39891496120651,74.00687341910039,5.293988499608955,19.96539768504795,0.8577343311041021,12.424,3.629,100.0,healthy,0.0,1.0,scenario_rapid_throttle_transition,scenario_rapid_throttle_transition.csv,0,rapid_throttle_transition,0
1780420367.25,367.25,580.9677228366559,0.9677228366559153,580.8477228366559,0.0,23.406905439243385,23.81684387331561,41.27225770934033,-0.1768954518761462,-0.2888668483628646,41.27225770934033,0.9280431283615058,5967.341622838406,941.882318841724,162.99588328507818,104.66519848945013,4.875273330708726,21.94483473353108,1.051000486470918,12.32,3.535,100.0,healthy,0.0,1.0,scenario_rapid_throttle_transition,scenario_rapid_throttle_transition.csv,0,rapid_throttle_transition,0
1780420367.5,367.5,580.0,0.0,579.88,0.0,23.418093315842615,23.834597499382777,36.43570481406071,-2.0095200602386254,1.7196657312209678,36.43570481406071,0.9319066933127945,5074.525325338714,882.0556986611198,127.53385434744936,79.51675568882027,4.204016370349042,21.934636813374432,1.1069057994718288,12.395,3.418,100.0,healthy,0.0,1.0,scenario_rapid_throttle_transition,scenario_rapid_throttle_transition.csv,0,rapid_throttle_transition,0
1780420367.75,367.75,580.0,0.0,579.88,0.0,23.481749749223688,23.751774055503002,41.929255369412594,-0.5104872127121718,0.2718885131451745,41.929255369412594,0.931252573119596,5949.0413138086205,902.4088461901337,145.4457159383746,87.4118507064794,5.180036110566773,20.887957195164734,0.9586773023765269,12.404,3.572,100.0,healthy,0.0,1.0,scenario_rapid_throttle_transition,scenario_rapid_throttle_transition.csv,0,rapid_throttle_transition,0
1780420368.0,368.0,580.0806667324509,0.08066673245089709,579.9606667324509,0.0,23.483892706199427,24.095035303048682,37.34324354896349,-0.9985992748748973,1.0136687626171836,37.34324354896349,0.9338126579724998,5898.740591302997,959.0467927651223,127.64178395411172,81.51259650144641,4.841423538421023,18.228098830201972,1.0855444997205776,12.493,3.555,100.0,healthy,0.0,1.0,scenario_rapid_throttle_transition,scenario_rapid_throttle_transition.csv,0,rapid_throttle_transition,0
1780420368.25,368.25,580.0,0.0,579.88,0.0,23.512091144938406,22.49929089192698,41.80167723312838,-0.2969480164452887,0.32210739643971503,41.80167723312838,0.9351554319152574,5521.117310801927,928.2583233671446,140.1812627912875,103.39321795564634,5.010305705145065,20.6125459158448,1.0059651501587543,12.395,3.326,100.0,healthy,0.0,1.0,scenario_rapid_throttle_transition,scenario_rapid_throttle_transition.csv,0,rapid_throttle_transition,0
1780420368.5,368.5,580.0,0.0,579.88,0.0,23.48686946637738,22.790033055381745,35.11017664122965,-1.5060837381750867,1.5096235857901277,35.11017664122965,0.9342352989613872,5917.407691519772,933.8407911838293,108.9449718331032,85.09906061806902,4.454496835371768,17.57770713111131,1.1283556581568488,12.477,3.514,100.0,healthy,0.0,1.0,scenario_rapid_throttle_transition,scenario_rapid_throttle_transition.csv,0,rapid_throttle_transition,0
1780420368.75,368.75,581.1029611623593,1.1029611623593145,580.9829611623593,0.0,23.53470779689646,24.365633067081227,37.06735467354798,-0.2023544723904379,0.21387915809576968,37.06735467354798,0.9372375733194764,5152.685328228112,956.3579296123772,148.98524390356528,87.16026845043962,4.791553923186183,21.331320258904526,1.097002316019482,12.407,3.476,100.0,healthy,0.0,1.0,scenario_rapid_throttle_transition,scenario_rapid_throttle_transition.csv,0,rapid_throttle_transition,0
1780420369.0,369.0,582.4757835902323,2.4757835902322647,582.3557835902322,0.0,23.614367449097124,23.056760527900845,46.56311483859906,-0.2189390135968834,0.3846268072920772,46.56311483859906,0.9341230960468618,6623.619984698249,977.372194840571,125.34788360381143,92.82563197536491,4.577857268884712,19.4129760391372,1.0959762220073075,12.354,3.652,100.0,healthy,0.0,1.0,scenario_rapid_throttle_transition,scenario_rapid_throttle_transition.csv,0,rapid_throttle_transition,0
1780420369.25,369.25,580.0,0.0,579.88,0.0,23.58514191928371,23.159735637046627,41.804331725831474,-0.37000821854942534,0.833021724292974,41.804331725831474,0.9310930678638552,5488.494072890471,944.4912794791205,110.21622634783192,90.89831060496812,4.286476514255137,23.537227909958123,1.047083015001036,12.369,3.46,100.0,healthy,0.0,1.0,scenario_rapid_throttle_transition,scenario_rapid_throttle_transition.csv,0,rapid_throttle_transition,0
1780420369.5,369.5,581.2391627667787,1.2391627667786815,581.1191627667787,0.0,23.58568582497116,24.399429125765483,50.51497325364495,-1.5505423988496285,0.8164457136822648,50.51497325364495,0.9300333743868643,6034.27324108533,973.01574940145,114.46566163701974,103.32395876712178,4.676454950976245,16.803980975012188,1.0185927520073093,12.397,3.481,100.0,healthy,0.0,1.0,scenario_rapid_throttle_transition,scenario_rapid_throttle_transition.csv,0,rapid_throttle_transition,0
1780420369.75,369.75,580.0830536146099,0.08305361460981811,579.9630536146099,0.0,23.565342485679768,24.603425075256887,42.28072607473908,-0.2869602774341097,0.9680617606035348,42.28072607473908,0.9280075591121839,4775.517910452784,936.7152878895987,131.7760622050814,96.75357471431059,4.784239770646484,22.57817719607777,0.9391846429790365,12.461,3.422,100.0,healthy,0.0,1.0,scenario_rapid_throttle_transition,scenario_rapid_throttle_transition.csv,0,rapid_throttle_transition,0
1780420370.0,370.0,582.0816743660562,2.0816743660561667,581.9616743660562,0.0,23.610989130288626,22.973764259240916,36.965490979444006,-1.40628671286218,0.379458661966123,36.965490979444006,0.9249459758603255,5802.287316146327,926.5715416316583,130.67455793431716,83.22872687490118,4.408471542165838,25.209815167882116,0.9946421393887304,12.388,3.443,100.0,healthy,0.0,1.0,scenario_rapid_throttle_transition,scenario_rapid_throttle_transition.csv,0,rapid_throttle_transition,0
1780420370.25,370.25,580.0,0.0,579.88,0.0,23.68469338216355,24.831369051485503,38.40716007150249,-0.400207147587645,1.383144898746621,38.40716007150249,0.9225316036366978,5194.319093211535,901.9076469354787,148.46255232996643,83.51589714497291,4.440202260942548,21.686548227134132,0.9940695561105813,12.428,3.422,100.0,healthy,0.0,1.0,scenario_rapid_throttle_transition,scenario_rapid_throttle_transition.csv,0,rapid_throttle_transition,0
1780420370.5,370.5,580.6156533558649,0.615653355864854,580.4956533558649,0.0,23.746137833083974,23.861259454181564,42.950003952093546,-3.643888679534198,1.2929267590764177,42.950003952093546,0.9233239313327368,5483.489473633616,958.9267356017042,151.2888921803386,93.17244882803584,4.717635000605934,20.356035992707348,1.1681597605629213,12.509,3.515,100.0,healthy,0.0,1.0,scenario_rapid_throttle_transition,scenario_rapid_throttle_transition.csv,0,rapid_throttle_transition,0
1780420370.75,370.75,580.5128443485672,0.5128443485672616,580.3928443485672,0.0,23.832988276583396,25.021535112824456,39.56900513932523,-1.2085243057015942,0.4371024850809029,39.56900513932523,0.9238832778069519,6300.856563580273,898.1801752894895,120.43265551214536,91.23150999409343,4.9152375602857425,15.050817729204109,0.9504089197950625,12.42,3.416,100.0,healthy,0.0,1.0,scenario_rapid_throttle_transition,scenario_rapid_throttle_transition.csv,0,rapid_throttle_transition,0
1780420371.0,371.0,581.4307750695706,1.4307750695705463,581.3107750695706,0.0,23.891064789311926,23.214336011968694,40.76650913323978,-1.5322384133421365,-0.2925938569388624,40.76650913323978,0.9212078164162388,5108.446738189984,946.0071211117523,100.56705670820155,96.29369232727733,4.362635284813743,21.019363225091837,1.063071020603783,12.401,3.357,100.0,healthy,0.0,1.0,scenario_rapid_throttle_transition,scenario_rapid_throttle_transition.csv,0,rapid_throttle_transition,0
1780420371.25,371.25,580.7165658151147,0.7165658151146458,580.5965658151147,0.0,23.870049633024625,24.326277556639084,37.782385955497475,-0.8038364896841544,1.3269172774735971,37.782385955497475,0.9214280918943524,5393.782694017354,896.2635198433356,105.68691203607884,94.51719305854101,4.542997435328698,22.35702175826203,1.0118409458538193,12.502,3.514,100.0,healthy,0.0,1.0,scenario_rapid_throttle_transition,scenario_rapid_throttle_transition.csv,0,rapid_throttle_transition,0
1780420371.5,371.5,580.0,0.0,579.88,0.0,23.920112755081014,23.421220357431025,42.19521196213095,-2.4207841938867998,0.8325554300588824,42.19521196213095,0.9203702150560175,5834.316472600009,942.10929245201,139.64930665262457,86.11972274210171,4.284131190756152,20.137832859503273,0.9771717308893327,12.379,3.458,100.0,healthy,0.0,1.0,scenario_rapid_throttle_transition,scenario_rapid_throttle_transition.csv,0,rapid_throttle_transition,0
1780420371.75,371.75,580.0,0.0,579.88,0.0,23.966103655567636,24.04327711960314,32.76433447457996,-1.8105262460649925,0.7082377911476188,32.76433447457996,0.9204731899605909,5407.681732868807,912.1456081245398,136.5780613582944,85.59961943431688,5.1290882400156175,19.25005515970914,1.0359132459697493,12.378,3.708,100.0,healthy,0.0,1.0,scenario_rapid_throttle_transition,scenario_rapid_throttle_transition.csv,0,rapid_throttle_transition,0
1780420372.0,372.0,581.965068202169,1.9650682021690487,581.845068202169,0.0,24.0491374434567,25.1488230602475,41.65004616827732,-1.8651609749090095,1.1547151781349811,41.65004616827732,0.9253703154286742,5309.5994301615765,973.6904593654683,168.0632739656697,112.36169255469255,4.444275785186821,22.78203917886672,0.9435904177382528,12.348,3.487,100.0,healthy,0.0,1.0,scenario_rapid_throttle_transition,scenario_rapid_throttle_transition.csv,0,rapid_throttle_transition,0
1780420372.25,372.25,581.0875289756418,1.0875289756417699,580.9675289756418,0.0,24.024573402049644,24.51468912887735,43.594924885413825,-0.15071411740618745,1.1132837996191713,43.594924885413825,0.9268174681245831,5632.425858989821,984.8623809115975,166.89123321634827,89.68382642636207,4.719343571819369,22.614660408588346,0.980365905212375,12.475,3.738,100.0,healthy,0.0,1.0,scenario_rapid_throttle_transition,scenario_rapid_throttle_transition.csv,0,rapid_throttle_transition,0
1780420372.5,372.5,581.642936885912,1.6429368859120732,581.522936885912,0.0,24.10173318432807,24.423780762175866,40.074949199840795,-1.0182720737049693,0.8289514374671129,40.074949199840795,0.9284131896177767,5229.192346886946,952.88574899062,147.54805903532292,96.02469267605794,4.918268289966768,21.299967388172064,1.0489409706555646,12.447,3.535,100.0,healthy,0.0,1.0,scenario_rapid_throttle_transition,scenario_rapid_throttle_transition.csv,0,rapid_throttle_transition,0
1780420372.75,372.75,580.7325293971473,0.7325293971473272,580.6125293971473,0.0,24.137009272976403,24.283746520606474,42.85798245528562,-0.9488460471191225,0.38912972402485274,42.85798245528562,0.9276311600294502,5400.814301697192,955.4343042945839,132.10101188650464,86.12049892135957,4.503912021853119,22.50510885166498,1.033988242681169,12.346,3.658,100.0,healthy,0.0,1.0,scenario_rapid_throttle_transition,scenario_rapid_throttle_transition.csv,0,rapid_throttle_transition,0
1780420373.0,373.0,580.0,0.0,579.88,0.0,24.217649321605865,23.887030071689367,37.40686051093343,-1.887186840294484,0.6643518904752913,37.40686051093343,0.924864278290708,5442.283555027161,923.8499952438494,144.45678950464438,100.65064278815612,4.890401015710367,23.116209129870636,1.024403082018932,12.441,3.3,100.0,healthy,0.0,1.0,scenario_rapid_throttle_transition,scenario_rapid_throttle_transition.csv,0,rapid_throttle_transition,0
1780420373.25,373.25,581.4197002497556,1.4197002497556048,581.2997002497556,0.0,24.219129124641867,24.209533034609727,36.62036633885657,-0.7485552981285077,0.7736029819644704,36.62036633885657,0.9278398933164679,4525.8905427822,959.5823199193978,117.83144670914965,100.74542405013854,4.219630235756053,19.37450012354447,1.2183378807601528,12.471,3.55,100.0,healthy,0.0,1.0,scenario_rapid_throttle_transition,scenario_rapid_throttle_transition.csv,0,rapid_throttle_transition,0
1780420373.5,373.5,580.0,0.0,579.88,0.0,24.27859916585166,25.062121179484624,40.95008421308938,-0.9429193984849241,0.21805088734711287,40.95008421308938,0.9322577503013043,5279.584074943829,946.1920376658916,147.02985119893236,90.14750273764054,4.688327422485214,21.94363252309208,0.9733733845483504,12.504,3.583,100.0,healthy,0.0,1.0,scenario_rapid_throttle_transition,scenario_rapid_throttle_transition.csv,0,rapid_throttle_transition,0
1780420373.75,373.75,580.877766008408,0.8777660084079926,580.757766008408,0.0,24.264862011087722,24.10514240629975,38.43690614004054,-1.973802601663301,1.0943555232481228,38.43690614004054,0.9312658058504008,6139.560343927417,915.3908469713889,163.14002159508695,97.40128402883842,5.521247133068387,19.561665490025053,1.116752516034045,12.391,3.581,100.0,healthy,0.0,1.0,scenario_rapid_throttle_transition,scenario_rapid_throttle_transition.csv,0,rapid_throttle_transition,0
1780420374.0,374.0,580.0,0.0,579.88,0.0,24.249615660677858,24.907880015317108,36.7708525539249,-1.9535747686595122,1.0816293604139615,36.7708525539249,0.9307634527664904,5979.195398184442,890.0045837986509,114.80113100131297,96.07606645773085,5.142697659352387,21.336590008450646,0.9894476537930917,12.401,3.563,100.0,healthy,0.0,1.0,scenario_rapid_throttle_transition,scenario_rapid_throttle_transition.csv,0,rapid_throttle_transition,0
1780420374.25,374.25,581.7700068032296,1.7700068032296659,581.6500068032296,0.0,24.336807596748784,23.19755561459751,54.55304857346208,-1.4268042909161185,0.46055431141768544,54.55304857346208,0.9297910385991486,5238.168759482285,895.0374677035393,145.71039215807326,85.46028693247602,5.099561282861472,18.93632698119241,1.1434320937568803,12.442,3.595,100.0,healthy,0.0,1.0,scenario_rapid_throttle_transition,scenario_rapid_throttle_transition.csv,0,rapid_throttle_transition,0
1780420374.5,374.5,582.5215798307158,2.5215798307158823,582.4015798307158,0.0,24.39025493299822,24.365919216103354,45.475743344915514,-2.1367945075162917,-0.2738357150532613,45.475743344915514,0.9306994216606527,5955.43898210933,930.3218436983831,128.44428112528288,120.98699153737314,4.782077857430465,17.53585076017488,0.922585775140905,12.528,3.471,100.0,healthy,0.0,1.0,scenario_rapid_throttle_transition,scenario_rapid_throttle_transition.csv,0,rapid_throttle_transition,0
1780420374.75,374.75,580.1914687306805,0.1914687306805652,580.0714687306805,0.0,24.433975920766965,24.915818635022745,44.66655291381633,-1.2721778247797075,0.9847339511769467,44.66655291381633,0.9352436989094541,6040.674911476532,931.6187779178326,135.56491625962653,90.82915923966164,4.728497670040418,19.53642735725599,1.070826242551742,12.579,3.548,100.0,healthy,0.0,1.0,scenario_rapid_throttle_transition,scenario_rapid_throttle_transition.csv,0,rapid_throttle_transition,0
1780420375.0,375.0,580.0,0.0,579.88,0.0,24.41884898908905,23.744392851996782,40.052339845572774,-0.47627116532644864,0.8070974403032617,40.052339845572774,0.9322606309035192,5194.160308121673,920.0085316264821,115.87131303720237,115.27873066021405,4.994715272551329,23.213313294692078,1.0251059626330734,12.429,3.534,100.0,healthy,0.0,1.0,scenario_rapid_throttle_transition,scenario_rapid_throttle_transition.csv,0,rapid_throttle_transition,0
1780420375.25,375.25,580.2870567138264,0.28705671382632153,580.1670567138264,0.0,24.472400719781024,24.598092591262,39.6130160671628,-2.127467265611042,1.2488288137562247,39.6130160671628,0.9357635271924268,5260.512572535953,941.5802971534124,141.6969114143088,84.65300383038087,4.405053520417754,20.641874892000068,1.1970768598938517,12.449,3.457,100.0,healthy,0.0,1.0,scenario_rapid_throttle_transition,scenario_rapid_throttle_transition.csv,0,rapid_throttle_transition,0
1780420375.5,375.5,582.6551620480797,2.6551620480796423,582.5351620480797,0.0,24.517275387849544,25.146386179543445,41.806364100884885,-1.2002910549913326,1.485763472466817,41.806364100884885,0.934102801139895,5622.516615662475,935.1410224616478,127.93540291366976,100.46380433990689,4.949061813071319,24.633573142580218,0.9973811146427185,12.41,3.598,100.0,healthy,0.0,1.0,scenario_rapid_throttle_transition,scenario_rapid_throttle_transition.csv,0,rapid_throttle_transition,0
1780420375.75,375.75,580.4979396302164,0.49793963021634724,580.3779396302164,0.0,24.51980246372023,23.626576601253483,49.38349532123902,-1.5997029153606876,1.7012818086190402,49.38349532123902,0.9358345967224841,5019.577302185415,965.4646677032539,148.29665391432067,103.94936232969702,4.627645315604212,19.031609441518157,1.1424444563102258,12.461,3.718,100.0,healthy,0.0,1.0,scenario_rapid_throttle_transition,scenario_rapid_throttle_transition.csv,0,rapid_throttle_transition,0
1780420376.0,376.0,580.0802721894954,0.08027218949538255,579.9602721894954,0.0,24.509824081581073,25.115617650108206,36.081136596291884,-1.4774889743305994,0.870855703378729,36.081136596291884,0.9361138929770034,5155.988569133187,939.3810117143446,145.73742894372933,93.73126031868244,5.015070470048215,22.382479036229068,0.8324974640479941,12.385,3.675,100.0,healthy,0.0,1.0,scenario_rapid_throttle_transition,scenario_rapid_throttle_transition.csv,0,rapid_throttle_transition,0
1780420376.25,376.25,581.4249635452859,1.424963545285912,581.3049635452859,0.0,24.51023734095004,23.874194078516034,49.29882163236147,-0.8476830191206299,1.3642493683075911,49.29882163236147,0.9333167827594926,5929.336912276132,984.9705868162816,168.40660451050167,86.8621425523243,4.498004905471134,24.451783643360518,1.0468323735486391,12.432,3.462,100.0,healthy,0.0,1.0,scenario_rapid_throttle_transition,scenario_rapid_throttle_transition.csv,0,rapid_throttle_transition,0
1780420376.5,376.5,580.0,0.0,579.88,0.0,24.522665832078317,25.53883491778922,48.592748548943426,-2.552527406441605,1.7879151893970455,48.592748548943426,0.9355132723222628,6125.404185479665,950.2604284471464,150.25971606890656,90.00946484841347,5.058029009932888,21.781404594277877,0.9565714479045395,12.373,3.564,100.0,healthy,0.0,1.0,scenario_rapid_throttle_transition,scenario_rapid_throttle_transition.csv,0,rapid_throttle_transition,0
1780420376.75,376.75,580.0,0.0,579.88,0.0,24.610638594244932,24.98032211528056,48.207318347479635,-2.1331440292221506,1.6216912244292732,48.207318347479635,0.9402028866151364,6255.187002590406,940.5629534231125,165.9920436942496,101.17992759493548,4.418697910649971,16.180138641585494,0.9676910234384852,12.467,3.584,100.0,healthy,0.0,1.0,scenario_rapid_throttle_transition,scenario_rapid_throttle_transition.csv,0,rapid_throttle_transition,0
1780420377.0,377.0,580.0,0.0,579.88,0.0,24.627727687309648,24.545368290753455,38.5573064299366,-0.991355219568484,1.1903734903894145,38.5573064299366,0.9434905926650743,5008.785931056169,971.0636983773105,143.03010318852407,100.14144874963489,4.755117362531009,20.41397506141425,1.034898110846558,12.411,3.542,100.0,healthy,0.0,1.0,scenario_rapid_throttle_transition,scenario_rapid_throttle_transition.csv,0,rapid_throttle_transition,0
1780420377.25,377.25,580.0,0.0,579.88,0.0,24.63216369697803,23.49448965593879,44.32776236674982,-1.346675046135387,0.7455220231694211,44.32776236674982,0.9402140593213543,5215.126093614532,927.4818778501868,173.40747810038468,74.64767077232105,4.71549399581112,20.455217682103054,0.9894435988845252,12.406,3.503,100.0,healthy,0.0,1.0,scenario_rapid_throttle_transition,scenario_rapid_throttle_transition.csv,0,rapid_throttle_transition,0
1780420377.5,377.5,581.1897405067452,1.1897405067451987,581.0697405067452,0.0,24.66268965133218,25.797036764607178,49.07775427601344,-2.739950150885116,2.055694718928841,49.07775427601344,0.9449096407788061,5975.2966588938425,957.7834526547165,128.8366748589869,105.66085324616088,4.724078917638455,20.5040506455652,0.9964278459076258,12.32,3.576,100.0,healthy,0.0,1.0,scenario_rapid_throttle_transition,scenario_rapid_throttle_transition.csv,0,rapid_throttle_transition,0
1780420377.75,377.75,581.940745944944,1.9407459449439592,581.820745944944,0.0,24.686529026578647,23.638625401675007,43.059517012220645,-1.3751796199038857,1.8315456262538357,43.059517012220645,0.9422984411280502,5786.376128744543,926.6736885590577,129.8869834046835,108.10941261028216,4.920330250778363,21.93103336815161,1.1491808837036903,12.407,3.619,100.0,healthy,0.0,1.0,scenario_rapid_throttle_transition,scenario_rapid_throttle_transition.csv,0,rapid_throttle_transition,0
1780420378.0,378.0,580.0,0.0,579.88,0.0,24.75309122952508,25.319926291956772,39.84565393397597,-2.571931310436058,0.4841424771136421,39.84565393397597,0.9427393294297497,5626.6094514519245,935.6260228064526,150.28334353257972,105.57637788139493,4.780055857881312,21.559475512397285,0.9924249954731308,12.446,3.554,100.0,healthy,0.0,1.0,scenario_rapid_throttle_transition,scenario_rapid_throttle_transition.csv,0,rapid_throttle_transition,0
1780420378.25,378.25,580.0,0.0,579.88,0.0,24.841958956304733,24.459939590814255,42.879277437776246,-3.285352033616609,0.3704357645005195,42.879277437776246,0.9395849744785746,5907.3835668463535,979.0602989827629,137.79199461917207,77.99104853673765,5.207531981005442,21.618365572302547,1.1321903849733794,12.486,3.595,100.0,healthy,0.0,1.0,scenario_rapid_throttle_transition,scenario_rapid_throttle_transition.csv,0,rapid_throttle_transition,0
1780420378.5,378.5,582.1459601366084,2.145960136608393,582.0259601366084,0.0,24.861779756114082,24.35857097608872,37.413998142719734,-1.253977113419329,0.8653272205172029,37.413998142719734,0.9406774099947017,5318.521168954377,943.8707747770392,139.25740123528038,84.49159757355395,4.378433367616531,19.361195735416047,1.0608427841056458,12.455,3.659,100.0,healthy,0.0,1.0,scenario_rapid_throttle_transition,scenario_rapid_throttle_transition.csv,0,rapid_throttle_transition,0
1780420378.75,378.75,581.4541969898698,1.4541969898698228,581.3341969898698,0.0,24.839820166271124,23.84759366068124,43.18154319258266,-2.0647293030469567,0.9369426757465384,43.18154319258266,0.9420312005578322,6121.833230245247,950.0329651076804,142.7350104152171,87.99527374363073,4.740210136464347,21.855576766145006,1.0607127385738617,12.412,3.608,100.0,healthy,0.0,1.0,scenario_rapid_throttle_transition,scenario_rapid_throttle_transition.csv,0,rapid_throttle_transition,0
1780420379.0,379.0,580.0,0.0,579.88,0.0,24.875020656304425,25.431387372997563,38.781896150388576,-3.729767879416005,0.8821979220978848,38.781896150388576,0.9397696219119942,5190.136184558242,924.2370814587208,137.2166936865202,97.52014586118155,4.585787970584919,21.06528955407603,1.018558275160695,12.396,3.589,100.0,healthy,0.0,1.0,scenario_rapid_throttle_transition,scenario_rapid_throttle_transition.csv,0,rapid_throttle_transition,0
1780420379.25,379.25,581.6238051822014,1.623805182201367,581.5038051822014,0.0,24.92577648066256,24.881265855882546,41.50827221937223,-2.1184809840882277,0.4340890991318457,41.50827221937223,0.9414736643849776,5306.924484325515,987.6205091794969,158.04083677845944,85.11412954892829,4.8258034765983115,21.266764386808937,1.0469727393230064,12.433,3.56,100.0,healthy,0.0,1.0,scenario_rapid_throttle_transition,scenario_rapid_throttle_transition.csv,0,rapid_throttle_transition,0
1780420379.5,379.5,580.6923446050663,0.6923446050662829,580.5723446050663,0.0,24.92566346600696,25.35261977792916,36.29267295648251,-1.3781162563447311,1.5437822074513106,36.29267295648251,0.9395909478791912,5412.244198561542,885.0495823329683,174.62149037415247,88.67998879413712,4.454760504759575,22.15317822755918,1.0289504883936504,12.385,3.596,100.0,healthy,0.0,1.0,scenario_rapid_throttle_transition,scenario_rapid_throttle_transition.csv,0,rapid_throttle_transition,0
1780420379.75,379.75,580.0,0.0,579.88,0.0,24.907064649091904,24.64660620679806,41.419427749511414,-2.2036860434949754,1.832396140051695,41.419427749511414,0.9411053570508875,5960.933921297721,968.9528387215073,156.35351801769815,94.87012972917134,4.3345032155698275,22.08822348944306,0.972781410535986,12.373,3.711,100.0,healthy,0.0,1.0,scenario_rapid_throttle_transition,scenario_rapid_throttle_transition.csv,0,rapid_throttle_transition,0
1780420380.0,380.0,580.0,0.0,579.88,0.0,24.937357882341903,25.148463368547393,46.45989385588398,-2.1859981219751123,1.674260197741361,46.45989385588398,0.9431039478564922,5262.19809771446,932.3492719145681,112.05128973756527,100.83003416476188,5.204737585370597,24.020093594948307,0.9549487899158108,12.438,3.404,100.0,healthy,0.0,1.0,scenario_rapid_throttle_transition,scenario_rapid_throttle_transition.csv,0,rapid_throttle_transition,0
1780420380.25,380.25,584.5854853113398,4.5854853113398155,584.4654853113398,0.0,5.964030675547268,5.764756465686572,40.36543802114034,-1.6573170072467112,0.7399985354114261,40.36543802114034,0.34744246446924115,5490.27246815859,916.2577585143842,139.05089829695027,88.2519631386729,4.44433165999575,20.473190923540205,1.0473559228462919,12.545,2.186,100.0,healthy,0.0,1.0,scenario_rapid_throttle_transition,scenario_rapid_throttle_transition.csv,0,rapid_throttle_transition,0
1780420380.5,380.5,581.4928376726133,1.4928376726132768,581.3728376726133,0.0,6.0284486237791945,6.136946676722548,46.539240371070875,-2.2053266663342423,1.3996511858483058,46.539240371070875,0.35142720485669005,4558.223153242623,925.8308141420811,146.69926421205423,97.53324146343783,3.63957080434873,17.107344076433353,0.9058023420311492,12.52,2.106,100.0,healthy,0.0,1.0,scenario_rapid_throttle_transition,scenario_rapid_throttle_transition.csv,0,rapid_throttle_transition,0
1780420380.75,380.75,580.3513684538589,0.35136845385890153,580.2313684538589,0.0,6.079008448676247,5.927186385539111,43.20606404476886,-1.7653440401364802,2.6227246401783164,43.20606404476886,0.34907940118866204,3734.057629940428,869.5008030902852,142.02252447189935,94.91675877913997,4.03728815634289,17.48413154917602,0.9354366918413347,12.472,2.187,100.0,healthy,0.0,1.0,scenario_rapid_throttle_transition,scenario_rapid_throttle_transition.csv,0,rapid_throttle_transition,0
1780420381.0,381.0,580.0,0.0,579.88,0.0,6.118388443206219,6.204472002824794,43.76839554948034,-2.091442128893912,0.5117112676550276,43.76839554948034,0.350084960122127,4840.514800473941,836.9412627129482,134.6169708436693,107.24990919085788,3.4228181143781,10.88414580787025,1.0325786724576707,12.517,2.169,100.0,healthy,0.0,1.0,scenario_rapid_throttle_transition,scenario_rapid_throttle_transition.csv,0,rapid_throttle_transition,0
1780420381.25,381.25,580.9344321129694,0.9344321129694042,580.8144321129694,0.0,6.10741107923594,5.841380758917207,41.96683588281748,-2.5633903139877265,1.3593613953951633,41.96683588281748,0.35112456086527083,3315.760965173469,907.509639948351,119.3842072446028,83.00536607129987,2.4470955201007265,13.836182717255685,1.0038023123180415,12.509,2.06,100.0,healthy,0.0,1.0,scenario_rapid_throttle_transition,scenario_rapid_throttle_transition.csv,0,rapid_throttle_transition,0
1780420381.5,381.5,581.5136473119876,1.5136473119876235,581.3936473119876,0.0,6.160252385284836,6.211622075587515,42.373588668468145,-2.3292343825655313,0.7133115908913427,42.373588668468145,0.3534345434326454,3588.0466550422616,846.2274532169938,118.07800204568615,92.43977287939641,3.3039621027140447,12.7731462549297,0.9087485789029836,12.492,2.261,100.0,healthy,0.0,1.0,scenario_rapid_throttle_transition,scenario_rapid_throttle_transition.csv,0,rapid_throttle_transition,0
1780420381.75,381.75,580.0,0.0,579.88,0.0,6.182571188901519,5.973124177033415,42.41776312609686,-2.5708974229352726,2.16899030048653,42.41776312609686,0.3523143655088329,3860.7637682514887,805.5149842090294,105.20827274439912,87.23758468217545,2.5309346526238294,11.329470618870051,0.8435190765561428,12.512,2.046,100.0,healthy,0.0,1.0,scenario_rapid_throttle_transition,scenario_rapid_throttle_transition.csv,0,rapid_throttle_transition,0
1780420382.0,382.0,580.0,0.0,579.88,0.0,6.185113201766875,6.143467943815879,39.586589227025264,-2.4312457549301207,2.8371384682198864,39.586589227025264,0.3496317457695064,3944.4190738243965,795.305438726912,140.05633254380245,88.32418630024961,2.9032692288998763,6.815966666960495,0.8853134795501951,12.5,1.974,100.0,healthy,0.0,1.0,scenario_rapid_throttle_transition,scenario_rapid_throttle_transition.csv,0,rapid_throttle_transition,0
1780420382.25,382.25,580.0,0.0,579.88,0.0,6.205078070827145,6.362249267582019,46.18556514403887,-2.8699591598123266,1.8000110754950098,46.18556514403887,0.35185891999891633,2505.353220444095,830.1190882779454,177.2806201943517,90.3161871483773,3.0231827620992786,4.1574398705671465,0.7921237681799485,12.55,2.161,100.0,healthy,0.0,1.0,scenario_rapid_throttle_transition,scenario_rapid_throttle_transition.csv,0,rapid_throttle_transition,0
1780420382.5,382.5,582.1963650216646,2.1963650216646586,582.0763650216646,0.0,6.203131497184993,6.221989807462391,42.61066118187613,-3.512389994423137,1.546639510822441,42.61066118187613,0.3531460147973313,3786.4305787538246,802.7926585680486,149.17253482481607,100.63159228218605,3.0021809543297406,13.27777305297321,0.8923913930727515,12.471,2.134,100.0,healthy,0.0,1.0,scenario_rapid_throttle_transition,scenario_rapid_throttle_transition.csv,0,rapid_throttle_transition,0
1780420382.75,382.75,580.359573319804,0.3595733198039731,580.239573319804,0.0,6.237515774239609,6.448080937714454,41.717514229203175,-2.013840745388876,0.5370476374765877,41.717514229203175,0.3560694437253338,3510.601777046759,784.9101838835097,128.6461705283626,94.54715151580669,3.2831670368140884,9.938515701489882,0.9915064346574071,12.557,2.154,100.0,healthy,0.0,1.0,scenario_rapid_throttle_transition,scenario_rapid_throttle_transition.csv,0,rapid_throttle_transition,0
1780420383.0,383.0,580.3628636551169,0.3628636551169323,580.2428636551169,0.0,6.243583008555642,6.139257903980881,48.15169418103574,-1.7866940845063755,1.2131983452061395,48.15169418103574,0.3564055612618585,4057.187812355718,820.3250809590016,109.43137169311349,102.58144697439486,3.153629488981995,9.653006230624161,0.9603597238185915,12.572,2.243,100.0,healthy,0.0,1.0,scenario_rapid_throttle_transition,scenario_rapid_throttle_transition.csv,0,rapid_throttle_transition,0
1780420383.25,383.25,580.0,0.0,579.88,0.0,6.291105507276644,6.537701829776566,49.431159621986275,-2.81702930378726,1.2192464319737248,49.431159621986275,0.3544015878361098,2840.8656996841764,763.3858796693229,101.80003079562405,96.47162174681303,3.051577692818588,8.037136308201601,1.0496898051216703,12.567,2.198,100.0,healthy,0.0,1.0,scenario_rapid_throttle_transition,scenario_rapid_throttle_transition.csv,0,rapid_throttle_transition,0
1780420383.5,383.5,582.5452806265223,2.545280626522337,582.4252806265223,0.0,6.337335368202052,6.134226398347044,43.75892302395791,-2.6618721266368137,0.8143958991020823,43.75892302395791,0.35127479680842133,3216.541939264722,774.3195372171659,120.38919314382436,82.51995553513133,2.7093567320012255,2.3318547825538944,0.9791715361753989,12.459,2.235,100.0,healthy,0.0,1.0,scenario_rapid_throttle_transition,scenario_rapid_throttle_transition.csv,0,rapid_throttle_transition,0
1780420383.75,383.75,580.6053721359893,0.6053721359893716,580.4853721359893,0.0,6.314535531630612,6.244830508723847,42.87825894463222,-2.655941600162116,0.6995589963615668,42.87825894463222,0.3511248074249354,3184.729565676493,785.2430469667477,97.92818327071225,76.37054019221623,2.651187205284206,8.30071323206663,1.070563206934377,12.507,1.944,100.0,healthy,0.0,1.0,scenario_rapid_throttle_transition,scenario_rapid_throttle_transition.csv,0,rapid_throttle_transition,0
1780420384.0,384.0,580.0,0.0,579.88,0.0,6.384142397140647,6.434765358180247,51.41031767954745,-3.146750552658684,1.036902560109498,51.41031767954745,0.3478378302320479,2798.81075929068,795.6909405497272,104.85744408046635,74.94123383923697,2.848300964702497,8.264603542737426,0.8140854061795327,12.512,2.092,100.0,healthy,0.0,1.0,scenario_rapid_throttle_transition,scenario_rapid_throttle_transition.csv,0,rapid_throttle_transition,0
1780420384.25,384.25,580.8753076126962,0.8753076126962769,580.7553076126962,0.0,6.431052607505569,6.152293845895434,39.519374256096825,-0.8028982448105357,1.0164928211096884,39.519374256096825,0.3526651499846201,3135.5668644720217,815.7673162796884,91.83120773011076,66.80262682305568,2.8602718957571494,9.958927050802057,0.8751973893543051,12.531,2.329,100.0,healthy,0.0,1.0,scenario_rapid_throttle_transition,scenario_rapid_throttle_transition.csv,0,rapid_throttle_transition,0
1780420384.5,384.5,580.0,0.0,579.88,0.0,6.5151847626949335,6.610527534078028,49.15164044139564,-2.413134946216796,1.1871588656837155,49.15164044139564,0.35299939542450315,2739.719382265919,793.3338477759729,123.984196984913,94.26854314547813,2.7844518818083275,10.228943815813198,1.1008456784608582,12.376,2.198,100.0,healthy,0.0,1.0,scenario_rapid_throttle_transition,scenario_rapid_throttle_transition.csv,0,rapid_throttle_transition,0
1780420384.75,384.75,581.0486445078126,1.04864450781259,580.9286445078126,0.0,6.583295485580834,6.681263819298043,47.89379562279048,-3.218052685761677,2.689520905478461,47.89379562279048,0.35660613709357253,3487.2104120367235,787.9692617331216,141.31714497321371,59.542736328506535,3.126251258316196,9.051319539050771,0.9748049867455881,12.481,2.165,100.0,healthy,0.0,1.0,scenario_rapid_throttle_transition,scenario_rapid_throttle_transition.csv,0,rapid_throttle_transition,0
1780420385.0,385.0,580.0,0.0,579.88,0.0,6.664002826317314,6.623497849946525,44.00887230559471,-3.8238761424005157,2.3188929775505036,44.00887230559471,0.3552757176224359,3395.1552510523247,763.4502072049945,96.23041855173307,66.24711472416432,2.8907798922650856,9.903682749595824,0.9693534052385904,12.581,2.213,100.0,healthy,0.0,1.0,scenario_rapid_throttle_transition,scenario_rapid_throttle_transition.csv,0,rapid_throttle_transition,0
1780420385.25,385.25,580.0,0.0,579.88,0.0,6.702594014144903,6.9688578260403755,37.71170823102313,-3.1130424443090763,1.5293914052047088,37.71170823102313,0.35582957605492244,3493.0076261822087,805.3060618574281,105.48029084463214,79.3937512936612,3.191893079228259,7.484389094381613,0.9037673075932344,12.453,2.107,100.0,healthy,0.0,1.0,scenario_rapid_throttle_transition,scenario_rapid_throttle_transition.csv,0,rapid_throttle_transition,0
1780420385.5,385.5,580.4590012511518,0.45900125115182744,580.3390012511518,0.0,6.677561022664899,6.361820138474326,39.790086246095356,-2.396928659449061,2.3790476460350973,39.790086246095356,0.35889341900982064,3818.3559179179324,704.1867490291116,97.01046346303508,65.4827011842954,2.1358762858445837,8.199059854123139,0.8972357124509567,12.542,2.05,100.0,healthy,0.0,1.0,scenario_rapid_throttle_transition,scenario_rapid_throttle_transition.csv,0,rapid_throttle_transition,0
1780420385.75,385.75,580.8057436154053,0.8057436154052615,580.6857436154053,0.0,6.759683025223357,6.6562423716739705,44.9691388814629,-1.8488964520705689,1.29341615250602,44.9691388814629,0.3597062810825859,3000.2742665038554,840.7327951390233,115.41113588495324,81.63187097070934,3.072283217452483,6.279800581989501,0.9936927402798634,12.501,2.197,100.0,healthy,0.0,1.0,scenario_rapid_throttle_transition,scenario_rapid_throttle_transition.csv,0,rapid_throttle_transition,0
1780420386.0,386.0,580.0591317158478,0.059131715847847516,579.9391317158478,0.0,6.729664096424855,6.817772964776681,46.922805679538655,-3.986764084873513,1.381678309208563,46.922805679538655,0.36040522208526843,3859.8707412467325,792.4190295885035,107.19120298214571,72.54579366765327,2.4762165135972602,4.677176171380869,0.9594175810272425,12.498,2.045,100.0,healthy,0.0,1.0,scenario_rapid_throttle_transition,scenario_rapid_throttle_transition.csv,0,rapid_throttle_transition,0
1780420386.25,386.25,580.0,0.0,579.88,0.0,6.7257899327396435,6.645920463888452,49.97085117440782,-2.4559285856859536,2.1166342098543014,49.97085117440782,0.36248153356953783,3290.1138859893044,788.6475961483276,133.43455232772297,72.97433062727701,2.393657063179363,8.686897373646168,0.9809923701074871,12.526,2.062,100.0,healthy,0.0,1.0,scenario_rapid_throttle_transition,scenario_rapid_throttle_transition.csv,0,rapid_throttle_transition,0
1780420386.5,386.5,580.0,0.0,579.88,0.0,6.744346415025071,6.588544301441265,44.64966470516813,-2.9623513541488813,1.5092142339858967,44.64966470516813,0.3587532662701128,3438.5870649671797,722.4820776150932,109.04486335127451,88.05871290897217,2.4578929154667324,7.650541278829045,0.8905661412110829,12.575,2.015,100.0,healthy,0.0,1.0,scenario_rapid_throttle_transition,scenario_rapid_throttle_transition.csv,0,rapid_throttle_transition,0
1780420386.75,386.75,580.0,0.0,579.88,0.0,6.813873303705218,6.76407751947459,45.96798269592422,-1.3277692171020652,1.02899566501768,45.96798269592422,0.362857703647396,3002.4066063678893,725.3308858282567,71.85071151761245,92.27143928891441,1.8392716082671758,4.963531470226421,0.8177010828312632,12.579,1.992,100.0,healthy,0.0,1.0,scenario_rapid_throttle_transition,scenario_rapid_throttle_transition.csv,0,rapid_throttle_transition,0
1780420387.0,387.0,580.0,0.0,579.88,0.0,6.816877551951526,7.0201361899638215,44.17972178155258,-3.6186722956747506,2.6044267588897645,44.17972178155258,0.362230676259971,3098.700191353709,778.5611234681537,112.91965989085591,69.01420428772657,3.111009031736459,9.196191262252407,0.9540745543126138,12.518,1.996,100.0,healthy,0.0,1.0,scenario_rapid_throttle_transition,scenario_rapid_throttle_transition.csv,0,rapid_throttle_transition,0
1780420387.25,387.25,580.2724314857404,0.2724314857404306,580.1524314857404,0.0,6.901102897084026,7.0396744329289165,43.9777107836061,-3.6440431021853295,1.1601513699239967,43.9777107836061,0.3657844233412896,3158.8869380679457,764.2382447395518,76.76445185810742,68.37066330278137,2.9511729138336786,10.831650953564054,0.902938269301418,12.4,2.166,100.0,healthy,0.0,1.0,scenario_rapid_throttle_transition,scenario_rapid_throttle_transition.csv,0,rapid_throttle_transition,0
1780420387.5,387.5,583.3182616316644,3.318261631664434,583.1982616316644,0.0,6.967024700074205,7.17333065403156,48.79675188246608,-1.7255842460702544,1.7674396274075492,48.79675188246608,0.36673298126049453,3474.651153783691,744.2596369608924,131.86590830484158,85.56411738638721,2.251556615767464,5.222873944828884,1.103866425244738,12.459,2.031,100.0,healthy,0.0,1.0,scenario_rapid_throttle_transition,scenario_rapid_throttle_transition.csv,0,rapid_throttle_transition,0
1780420387.75,387.75,580.0674392883406,0.06743928834060428,579.9474392883405,0.0,6.968178638195928,7.012060828656556,40.74917373823684,-2.382752761973279,1.6508879888244588,40.74917373823684,0.3663337720774008,3307.596017368162,743.2225111103908,105.54042429840833,74.5978329014461,2.666366244370794,8.267764822744443,0.8395469125801209,12.489,2.054,100.0,healthy,0.0,1.0,scenario_rapid_throttle_transition,scenario_rapid_throttle_transition.csv,0,rapid_throttle_transition,0
1780420388.0,388.0,580.3026478269295,0.3026478269295456,580.1826478269295,0.0,6.953483223504996,7.054804521552413,51.92952873125577,-3.022226976322114,1.0355543417787392,51.92952873125577,0.3644246734256248,3732.2026893889843,756.7501342059782,86.5071956966047,66.78410105467215,2.7107702204474196,8.54530334634876,1.104848262268463,12.444,2.064,100.0,healthy,0.0,1.0,scenario_rapid_throttle_transition,scenario_rapid_throttle_transition.csv,0,rapid_throttle_transition,0
1780420388.25,388.25,580.0,0.0,579.88,0.0,6.958660586428516,6.841151839459175,41.769759417567535,-1.4077856290585244,2.1314406064458145,41.769759417567535,0.36226420867427045,2501.713422335013,813.5221721193316,106.87849552984339,76.60929863460574,2.5153272299445737,9.827373011486625,1.0156589861208,12.455,2.134,100.0,healthy,0.0,1.0,scenario_rapid_throttle_transition,scenario_rapid_throttle_transition.csv,0,rapid_throttle_transition,0
1780420388.5,388.5,580.5201188390358,0.5201188390358434,580.4001188390358,0.0,6.9402021268683365,6.950031009321966,49.44322217375293,-2.562009595822351,0.8382287886951266,49.44322217375293,0.35874313960698595,3940.233850890478,782.3964351805658,110.73118210475997,64.21751206360106,3.610411926827938,2.590263542703357,0.877823156988441,12.427,2.102,100.0,healthy,0.0,1.0,scenario_rapid_throttle_transition,scenario_rapid_throttle_transition.csv,0,rapid_throttle_transition,0
1780420388.75,388.75,580.0,0.0,579.88,0.0,6.978799870744965,6.685317872800702,44.6346104643751,-2.882377748474311,1.7488211619269174,44.6346104643751,0.36045137898350826,2879.447384818345,764.627598210372,78.5026213428853,72.05310394341727,2.7276714853372974,7.070003381440933,0.9691455708208158,12.5,1.994,100.0,healthy,0.0,1.0,scenario_rapid_throttle_transition,scenario_rapid_throttle_transition.csv,0,rapid_throttle_transition,0
1780420389.0,389.0,580.0,0.0,579.88,0.0,7.019922507471712,6.991608672076543,39.59060304909669,-3.1503771870690724,2.300116240825508,39.59060304909669,0.3614951355776362,3815.167957498002,787.7577915632488,95.06479036299285,74.90408253869796,2.564780588916237,13.348793398728851,0.9511692311320066,12.482,2.17,100.0,healthy,0.0,1.0,scenario_rapid_throttle_transition,scenario_rapid_throttle_transition.csv,0,rapid_throttle_transition,0
1780420389.25,389.25,580.0,0.0,579.88,0.0,7.005458053414168,7.15868901468585,38.821178206260846,-2.8620067606032196,2.3865041056717087,38.821178206260846,0.3604750768190417,3267.4961794926026,805.1613198109693,85.26078146135798,77.35737345920138,3.038179225581869,7.9242245523933725,1.0333565395803948,12.502,2.225,100.0,healthy,0.0,1.0,scenario_rapid_throttle_transition,scenario_rapid_throttle_transition.csv,0,rapid_throttle_transition,0
1780420389.5,389.5,580.0,0.0,579.88,0.0,6.995029895857702,6.841097570717658,47.32855343137169,-2.6449989078122482,2.1451856410283647,47.32855343137169,0.3623413875600189,3258.230542395049,791.0161732237843,76.88735939084822,81.42342659769923,3.1534900334330205,4.534316157335043,0.8685292865467292,12.538,1.971,100.0,healthy,0.0,1.0,scenario_rapid_throttle_transition,scenario_rapid_throttle_transition.csv,0,rapid_throttle_transition,0
1780420389.75,389.75,580.0,0.0,579.88,0.0,7.016348885460955,7.013398696398938,45.52262645257502,-1.8965601446663198,1.2723204204511294,45.52262645257502,0.3658072139851913,3450.998946644915,789.5899035199737,87.1758210732216,72.94033577096272,2.857274312833816,4.897723987539756,0.8065969061180503,12.501,2.019,100.0,healthy,0.0,1.0,scenario_rapid_throttle_transition,scenario_rapid_throttle_transition.csv,0,rapid_throttle_transition,0
1780420390.0,390.0,580.022604987167,0.022604987166985713,579.902604987167,0.0,7.02610684860145,6.694120747709947,51.80414256418513,-2.5508041537254207,1.671767294774554,51.80414256418513,0.3640712299606267,3209.8340528852214,783.8964298019515,77.47415416064624,73.8078530886281,2.226749439168949,6.318449818572477,0.8384713266424937,12.457,2.03,100.0,healthy,0.0,1.0,scenario_rapid_throttle_transition,scenario_rapid_throttle_transition.csv,0,rapid_throttle_transition,0
1780420390.25,390.25,580.6898803760708,0.6898803760708782,580.5698803760708,0.0,7.00599973022394,6.985811626714756,47.32609143624521,-3.358368075567351,1.8419691456987453,47.32609143624521,0.3641291756123711,3458.6516853995868,765.2621119796435,89.95141723075528,82.36477090561112,2.5163272558954497,7.411015652011576,0.9774449295619028,12.517,2.277,100.0,healthy,0.0,1.0,scenario_rapid_throttle_transition,scenario_rapid_throttle_transition.csv,0,rapid_throttle_transition,0
1780420390.5,390.5,580.0,0.0,579.88,0.0,7.057536747528723,6.909684695554844,44.267863842122026,-2.32591785453695,1.2685330338758052,44.267863842122026,0.360882519829601,3326.654749220256,722.5599750485839,124.64420557856766,80.29945508880783,2.7271192263335933,4.613031149790558,0.8698323204935381,12.532,2.281,100.0,healthy,0.0,1.0,scenario_rapid_throttle_transition,scenario_rapid_throttle_transition.csv,0,rapid_throttle_transition,0
1780420390.75,390.75,580.0,0.0,579.88,0.0,7.087263657040012,6.742453228457468,49.55565643304277,-1.7507539988050955,1.6374138076757716,49.55565643304277,0.36269643788134576,3110.651961339709,762.403242935386,134.74383142258338,94.35193964119165,2.430770227012013,10.125356525009677,0.9830148915030429,12.532,2.086,100.0,healthy,0.0,1.0,scenario_rapid_throttle_transition,scenario_rapid_throttle_transition.csv,0,rapid_throttle_transition,0
1780420391.0,391.0,580.0,0.0,579.88,0.0,7.186106060732226,7.256425052293471,47.34334183262866,-2.245004298494693,2.5391420720128477,47.34334183262866,0.3593804942470485,3171.4791840441208,749.9499064397212,88.1039454321716,49.72844824116622,2.29349751972105,6.654282124409354,0.8678992318682728,12.461,2.258,100.0,healthy,0.0,1.0,scenario_rapid_throttle_transition,scenario_rapid_throttle_transition.csv,0,rapid_throttle_transition,0
1780420391.25,391.25,580.2919804148164,0.2919804148164641,580.1719804148164,0.0,7.171351043604295,6.879483803397991,40.33407775049716,-1.7448355876421515,2.188442981203786,40.33407775049716,0.35683138906795875,2070.129233634567,784.6877877768666,77.01667486160642,72.14943836294344,2.4043435579110124,10.545670177163624,0.8867458577381944,12.45,1.979,100.0,healthy,0.0,1.0,scenario_rapid_throttle_transition,scenario_rapid_throttle_transition.csv,0,rapid_throttle_transition,0
1780420391.5,391.5,581.0224993062936,1.0224993062936532,580.9024993062936,0.0,7.228248820804355,7.136351717707856,43.80842546563251,-1.7876544085738606,1.7194655751884451,43.80842546563251,0.35791720000251626,3091.2477113637847,789.852807505512,74.71328770229663,65.58316450417473,2.425593206422182,5.35307924538003,0.7971818458931199,12.533,2.226,100.0,healthy,0.0,1.0,scenario_rapid_throttle_transition,scenario_rapid_throttle_transition.csv,0,rapid_throttle_transition,0
1780420391.75,391.75,580.0,0.0,579.88,0.0,7.279529969755762,7.145255938250214,51.12191251315221,-3.174541128918522,1.0810212997840367,51.12191251315221,0.3549853857134459,3098.6556197924583,799.3603131809639,100.91631061378389,65.81537314620401,2.2751373562118555,9.872090144431999,0.9225935905956029,12.535,1.959,100.0,healthy,0.0,1.0,scenario_rapid_throttle_transition,scenario_rapid_throttle_transition.csv,0,rapid_throttle_transition,0
1780420392.0,392.0,580.0,0.0,579.88,0.0,7.302556887443824,7.0931298006780095,52.0792956415682,-2.4349769684357057,1.3360728861475275,52.0792956415682,0.35717644216565436,3300.1080955658026,754.0109425097759,95.08796370432142,72.82903573072302,3.041386703851243,6.537884416736744,0.8722273628484062,12.484,1.936,100.0,healthy,0.0,1.0,scenario_rapid_throttle_transition,scenario_rapid_throttle_transition.csv,0,rapid_throttle_transition,0
1780420392.25,392.25,580.0,0.0,579.88,0.0,7.306691128805322,7.468904808791499,46.27714241165175,-1.2277305091683126,1.9042756837189332,46.27714241165175,0.3569440762322296,3359.0762301028826,751.9265526916765,102.58631392864915,76.52227632471832,2.905720236028716,7.033166373786617,0.8810249834206909,12.507,1.98,100.0,healthy,0.0,1.0,scenario_rapid_throttle_transition,scenario_rapid_throttle_transition.csv,0,rapid_throttle_transition,0
1780420392.5,392.5,580.5214796245907,0.5214796245907245,580.4014796245907,0.0,7.324392624010353,7.668180948762741,47.16711034120747,-3.6271517661056625,1.646703722772045,47.16711034120747,0.3558473090944327,3947.645371184802,788.9900250615586,75.91636617101055,51.55665122748686,2.5158041573256162,9.5059866128141,0.9846273242259127,12.486,2.084,100.0,healthy,0.0,1.0,scenario_rapid_throttle_transition,scenario_rapid_throttle_transition.csv,0,rapid_throttle_transition,0
1780420392.75,392.75,580.0,0.0,579.88,0.0,7.344971644459764,7.100962530701179,45.25577327844189,-1.15319142704752,1.3580727706407811,45.25577327844189,0.35590701456598484,3118.2193684462263,751.3260255708979,129.2675307251878,60.779267808209596,2.890678286960393,9.249003626695371,0.8527213422073261,12.542,2.176,100.0,healthy,0.0,1.0,scenario_rapid_throttle_transition,scenario_rapid_throttle_transition.csv,0,rapid_throttle_transition,0
1780420393.0,393.0,581.0167592561928,1.01675925619281,580.8967592561928,0.0,7.4265560417274985,7.300521502799152,44.52603444171252,-2.720021217313971,3.462110754666412,44.52603444171252,0.35576958536524267,3212.6796863228806,749.5133416042776,74.0366187453045,65.04155881856074,3.1889997426335417,5.842593033222367,0.9649774194908678,12.406,2.137,100.0,healthy,0.0,1.0,scenario_rapid_throttle_transition,scenario_rapid_throttle_transition.csv,0,rapid_throttle_transition,0
1780420393.25,393.25,580.0,0.0,579.88,0.0,7.489438562530169,7.663447871924719,49.98720897088169,-2.6143394544145138,1.725365398684109,49.98720897088169,0.35673401206489763,3130.7976834390765,773.2550565325649,106.19754674367873,74.98882374409148,2.696092369109198,8.93516245423816,1.0188205573664952,12.622,2.08,100.0,healthy,0.0,1.0,scenario_rapid_throttle_transition,scenario_rapid_throttle_transition.csv,0,rapid_throttle_transition,0
1780420393.5,393.5,582.8789542647507,2.878954264750731,582.7589542647507,0.0,7.4894851164518155,7.74501443761201,47.97918095757833,-2.2974795826119028,1.3482561130225184,47.97918095757833,0.354480216725263,2927.0579203312336,772.1530080542778,72.09826059225962,35.480241523811436,3.085280428207353,12.775858642500863,1.0091240436139863,12.482,2.174,100.0,healthy,0.0,1.0,scenario_rapid_throttle_transition,scenario_rapid_throttle_transition.csv,0,rapid_throttle_transition,0
1780420393.75,393.75,581.8663754517754,1.8663754517754145,581.7463754517754,0.0,7.468509323233108,7.365774906488557,41.92182514100686,-2.446554051678297,2.052282753085625,41.92182514100686,0.35273445717149865,2603.9409741114873,745.6132292741256,104.01110013925118,71.01805675296227,2.8777260365434123,11.43555335499701,0.9881048923488043,12.568,1.881,100.0,healthy,0.0,1.0,scenario_rapid_throttle_transition,scenario_rapid_throttle_transition.csv,0,rapid_throttle_transition,0
1780420394.0,394.0,580.0,0.0,579.88,0.0,7.448730718401011,7.533580237562246,42.135325735654014,-3.6531515817868248,2.287891319081453,42.135325735654014,0.35291478692250744,3478.210075945173,766.1821035172303,104.25677159476732,69.69315467369896,3.1825570506635077,10.221467081059629,1.0082764067717949,12.577,2.039,100.0,healthy,0.0,1.0,scenario_rapid_throttle_transition,scenario_rapid_throttle_transition.csv,0,rapid_throttle_transition,0
1780420394.25,394.25,582.7508011982821,2.750801198282185,582.6308011982821,0.0,7.48014836496527,7.747703544608858,50.774522706427184,-2.5392228731437583,2.5604860974739028,50.774522706427184,0.35725717459246675,3530.991649353688,757.5021823033975,70.24340369548169,79.14367005231105,2.722603517196717,9.150948227929371,0.7913915843677628,12.458,2.04,100.0,healthy,0.0,1.0,scenario_rapid_throttle_transition,scenario_rapid_throttle_transition.csv,0,rapid_throttle_transition,0
1780420394.5,394.5,582.3413971261739,2.3413971261739017,582.2213971261739,0.0,7.496271066690078,7.191385312159892,40.10460227172933,-3.714640897142565,1.2509907780846068,40.10460227172933,0.35499065207192976,3644.212058493949,776.3048888548375,83.92479180674758,62.47254259622062,2.608440307469022,8.901379576033401,0.8941475613055407,12.526,2.171,100.0,healthy,0.0,1.0,scenario_rapid_throttle_transition,scenario_rapid_throttle_transition.csv,0,rapid_throttle_transition,0
1780420394.75,394.75,581.3737963676265,1.3737963676264529,581.2537963676265,0.0,7.492493594269289,7.384481541990885,51.177658371345096,-2.5706254703806963,1.6832630955211045,51.177658371345096,0.3567115115979176,2628.7052045559344,749.8569973067263,76.37598863575133,67.20168046858574,2.4110413404696036,11.0131137387385,1.03765269752335,12.476,2.045,100.0,healthy,0.0,1.0,scenario_rapid_throttle_transition,scenario_rapid_throttle_transition.csv,0,rapid_throttle_transition,0
1780420395.0,395.0,581.7255150561646,1.725515056164555,581.6055150561646,0.0,7.575788054979009,7.627836040554031,44.29806692286125,-4.178939264412118,1.8434218881150208,44.29806692286125,0.3603624132261484,2803.070547019498,746.2457674019034,97.06739390467727,79.90998629369489,2.4880365030330553,6.518173822203835,0.9603147212293703,12.564,1.944,100.0,healthy,0.0,1.0,scenario_rapid_throttle_transition,scenario_rapid_throttle_transition.csv,0,rapid_throttle_transition,0
1780420395.25,395.25,580.0,0.0,579.88,0.0,7.613303468357926,7.4911863200243705,47.61841464191018,-1.846708665336381,1.6333616718239286,47.61841464191018,0.36254779489135147,2462.566066028484,759.8092748384909,61.725146234622315,48.74066441770863,2.8939963455615767,8.763959031590673,0.9387188442440962,12.468,2.109,100.0,healthy,0.0,1.0,scenario_rapid_throttle_transition,scenario_rapid_throttle_transition.csv,0,rapid_throttle_transition,0
1780420395.5,395.5,580.0,0.0,579.88,0.0,7.657767473750219,7.766905476148591,44.28226203411799,-2.6563548618855624,0.4942714354450355,44.28226203411799,0.3659507717351184,3383.5521801401906,752.0829027193572,74.90441667770284,75.70168273377766,2.964019938910356,11.753566711909839,1.0387279574590575,12.467,2.033,100.0,healthy,0.0,1.0,scenario_rapid_throttle_transition,scenario_rapid_throttle_transition.csv,0,rapid_throttle_transition,0
1780420395.75,395.75,580.2355380641194,0.23553806411936884,580.1155380641194,0.0,7.679726352669462,7.913684321333544,40.6450508504039,-3.4186866359406,2.257513651530391,40.6450508504039,0.36278478616245524,2819.1464101492916,756.331555898888,87.23436466153679,73.03745501984164,2.163753332023216,8.343433423641036,1.0060831842257338,12.471,1.979,100.0,healthy,0.0,1.0,scenario_rapid_throttle_transition,scenario_rapid_throttle_transition.csv,0,rapid_throttle_transition,0
1780420396.0,396.0,580.0,0.0,579.88,0.0,7.742772914950808,7.656772974973984,46.71193101923011,-2.2289819517122815,1.9451968579574133,46.71193101923011,0.3625112969597324,3985.8273631406705,766.0910931087611,51.92893418495547,41.73182815802488,2.510676383624602,7.523275132379528,0.8268123576273061,12.461,2.13,100.0,healthy,0.0,1.0,scenario_rapid_throttle_transition,scenario_rapid_throttle_transition.csv,0,rapid_throttle_transition,0
1780420396.25,396.25,580.668586348854,0.6685863488539958,580.548586348854,0.0,7.7804726580527825,8.137582028330977,48.588515834617255,-4.13539219407953,1.1377621302445333,48.588515834617255,0.3640306134025387,2914.013761958756,784.7447775028663,74.20410622743192,74.92610054813765,2.559179681785863,6.955121619128242,0.7550697409195115,12.472,2.136,100.0,healthy,0.0,1.0,scenario_rapid_throttle_transition,scenario_rapid_throttle_transition.csv,0,rapid_throttle_transition,0
1780420396.5,396.5,581.854051564393,1.8540515643930384,581.734051564393,0.0,7.854899026043706,7.813438133513487,41.922647323556845,-3.429017205805861,1.1286439804318698,41.922647323556845,0.36839986047704704,3359.190074093257,760.0205049126088,105.2767991583067,77.87141806280692,2.8843890136557575,10.623474751719938,1.0045582676262645,12.438,2.069,100.0,healthy,0.0,1.0,scenario_rapid_throttle_transition,scenario_rapid_throttle_transition.csv,0,rapid_throttle_transition,0
1780420396.75,396.75,580.0,0.0,579.88,0.0,7.863802144956115,7.712848371302964,50.04174372963579,-3.1282029528377024,1.123513435290628,50.04174372963579,0.3651462137651448,3003.8809960490416,761.2034307916799,53.89676708359394,75.47789866132521,2.461893835214224,9.704153822715908,0.7920856208756154,12.423,2.024,100.0,healthy,0.0,1.0,scenario_rapid_throttle_transition,scenario_rapid_throttle_transition.csv,0,rapid_throttle_transition,0
1780420397.0,397.0,580.0,0.0,579.88,0.0,7.931884248497176,7.579942937891727,46.632061867495736,-4.349830147834816,1.5407204360473115,46.632061867495736,0.3641348435161551,3070.306983834115,689.9654504434454,83.7623186081641,79.21376289774079,2.367989002762222,7.488285946699001,1.0726692489112168,12.463,2.224,100.0,healthy,0.0,1.0,scenario_rapid_throttle_transition,scenario_rapid_throttle_transition.csv,0,rapid_throttle_transition,0
1780420397.25,397.25,580.0,0.0,579.88,0.0,7.996534699178056,8.309134357454464,44.298266207812354,-2.6354095370642634,1.4326162594040293,44.298266207812354,0.3651058513407049,3656.4466595794424,757.3829894769746,102.3761184933345,42.78930378174253,2.710439169386686,4.852387620762887,0.8982055263240009,12.445,2.222,100.0,healthy,0.0,1.0,scenario_rapid_throttle_transition,scenario_rapid_throttle_transition.csv,0,rapid_throttle_transition,0
1780420397.5,397.5,580.0,0.0,579.88,0.0,8.040852107517662,7.990025554752982,47.92318096810268,-2.6399302401760014,1.9135644815812987,47.92318096810268,0.3673755948246391,3359.9491512104223,747.1297848254917,104.34501192147351,54.355290446322556,3.228694442659833,6.430413305890974,0.9665468896393472,12.491,2.036,100.0,healthy,0.0,1.0,scenario_rapid_throttle_transition,scenario_rapid_throttle_transition.csv,0,rapid_throttle_transition,0
1780420397.75,397.75,581.2092208060965,1.2092208060964345,581.0892208060965,0.0,8.054907009573007,7.914311657939044,44.825980017828556,-3.8663130712592473,1.6880476331905598,44.825980017828556,0.37172137061318217,3126.436691084732,791.7136810981984,67.33596175201772,48.015616590618805,2.7767643098166634,7.068616538761175,0.9658192744710479,12.453,2.088,100.0,healthy,0.0,1.0,scenario_rapid_throttle_transition,scenario_rapid_throttle_transition.csv,0,rapid_throttle_transition,0
1780420398.0,398.0,580.0,0.0,579.88,0.0,8.06235967699842,8.09255244387045,40.83157600652247,-4.310476912669478,1.6969593748655158,40.83157600652247,0.3688304458649092,3492.9825310515453,820.8693677751604,73.85646359458082,75.29228500361404,2.8535508633727322,6.732465180154275,0.7974378261172501,12.505,2.158,100.0,healthy,0.0,1.0,scenario_rapid_throttle_transition,scenario_rapid_throttle_transition.csv,0,rapid_throttle_transition,0
1780420398.25,398.25,580.0,0.0,579.88,0.0,8.145157418818638,7.947370097941847,41.80917210755983,-3.0025570702573243,1.6158567195678588,41.80917210755983,0.3706621702317705,3176.3000875237776,716.0391170723099,104.64403048136633,76.68114522551501,2.637599315780294,8.18379893305045,0.9604051563275584,12.505,2.263,100.0,healthy,0.0,1.0,scenario_rapid_throttle_transition,scenario_rapid_throttle_transition.csv,0,rapid_throttle_transition,0
1780420398.5,398.5,581.3403286561477,1.3403286561476502,581.2203286561477,0.0,8.145130615941504,7.778453431467869,36.5741423294823,-3.339544520353628,1.6936063385759965,36.5741423294823,0.3701247104448362,3285.748056465252,712.0124685064316,47.030295740499824,74.80651636392555,2.519413526082732,7.153346732217621,0.8757245561248315,12.481,2.062,100.0,healthy,0.0,1.0,scenario_rapid_throttle_transition,scenario_rapid_throttle_transition.csv,0,rapid_throttle_transition,0
1780420398.75,398.75,580.8678689481967,0.8678689481967248,580.7478689481967,0.0,8.156799068843977,8.190609146634344,47.600509707932474,-2.6911788349176153,2.355841566106629,47.600509707932474,0.37349548513848907,3206.5751559044493,762.4692604263654,84.81457947965306,64.98515914219492,2.5024831382280013,5.589713010683463,0.9419570127104592,12.492,2.048,100.0,healthy,0.0,1.0,scenario_rapid_throttle_transition,scenario_rapid_throttle_transition.csv,0,rapid_throttle_transition,0
1780420399.0,399.0,581.0118969399075,1.0118969399075461,580.8918969399075,0.0,8.142429937765586,7.762655658614945,41.811021883615595,-2.891420049131745,1.4540983848013371,41.811021883615595,0.37523497406863904,2842.045056974609,783.6602802950969,60.902082146746324,57.95037795253198,2.7869757526298122,11.988460995293856,0.9564647697921597,12.495,2.245,100.0,healthy,0.0,1.0,scenario_rapid_throttle_transition,scenario_rapid_throttle_transition.csv,0,rapid_throttle_transition,0
1780420399.25,399.25,580.9615610745022,0.9615610745022193,580.8415610745022,0.0,8.214058883942474,8.14574162792148,43.61480082314163,-2.9978035365122184,1.6521353191276404,43.61480082314163,0.3721304991931939,2945.7013066980417,780.4556307564436,66.33978636307407,65.12803227009177,3.3833417092794704,6.545070262666034,0.9107853709266345,12.531,2.138,100.0,healthy,0.0,1.0,scenario_rapid_throttle_transition,scenario_rapid_throttle_transition.csv,0,rapid_throttle_transition,0
1780420399.5,399.5,582.6166696898061,2.616669689806115,582.4966696898061,0.0,8.226720932334878,7.985028212709096,46.4780907337872,-3.878941349755849,2.453085358156329,46.4780907337872,0.36997036925604215,2895.0936869336565,740.7088854985737,104.66430277493558,41.06016131151104,2.9494990776137904,6.738777879948399,0.8954803415721055,12.449,2.085,100.0,healthy,0.0,1.0,scenario_rapid_throttle_transition,scenario_rapid_throttle_transition.csv,0,rapid_throttle_transition,0
1780420399.75,399.75,581.1171164519117,1.117116451911694,580.9971164519117,0.0,8.276446509235825,8.59052021623726,56.305518086400085,-2.7354375897631207,1.4018724931563957,56.305518086400085,0.3676406318431159,3718.696601167082,747.723982457143,48.2474310044291,55.74504759200336,3.084977897393989,6.374705878395099,0.8368897489927926,12.62,2.036,100.0,healthy,0.0,1.0,scenario_rapid_throttle_transition,scenario_rapid_throttle_transition.csv,0,rapid_throttle_transition,0
1780420400.0,400.0,580.0,0.0,579.88,0.0,8.343466332552431,8.078472003602743,46.71627407196193,-3.6960348869473316,2.244139077063803,46.71627407196193,0.37045721982539814,2867.879174192329,727.9280903090634,47.00835197771087,54.749873225035806,2.6290858532226387,6.565799150773131,0.9957501057943856,12.613,2.048,100.0,healthy,0.0,1.0,scenario_rapid_throttle_transition,scenario_rapid_throttle_transition.csv,0,rapid_throttle_transition,0
1780420400.25,400.25,580.0,0.0,579.88,0.0,8.339922693115936,8.006371579358168,40.69573128443857,-1.7642339317436762,2.4657110239074567,40.69573128443857,0.37138146717494697,3551.962984889468,736.743484444866,90.83162221922805,45.04942384517098,2.4029630690649606,10.778281870679177,0.7918510332601272,12.438,2.125,100.0,healthy,0.0,1.0,scenario_rapid_throttle_transition,scenario_rapid_throttle_transition.csv,0,rapid_throttle_transition,0
1780420400.5,400.5,580.1485502665527,0.148550266552619,580.0285502665527,0.0,8.312636333293598,8.044838948096835,42.76928181027941,-2.6191192046150373,2.678069344579901,42.76928181027941,0.37115748624533457,2666.4817411640597,742.0012292826781,69.73811784560449,84.2651627216556,2.6407943031712633,7.930069778434402,0.9342733353370888,12.409,1.985,100.0,healthy,0.0,1.0,scenario_rapid_throttle_transition,scenario_rapid_throttle_transition.csv,0,rapid_throttle_transition,0
1780420400.75,400.75,580.0,0.0,579.88,0.0,8.338873421664308,8.51262483750368,41.15651371518803,-3.4071140325388725,2.345591332645239,41.15651371518803,0.37328635067027766,3158.3996357897654,733.3269524227215,85.8139899696968,54.994346648626625,2.9978148936710785,10.793303377173354,0.8691657899998674,12.466,2.068,100.0,healthy,0.0,1.0,scenario_rapid_throttle_transition,scenario_rapid_throttle_transition.csv,0,rapid_throttle_transition,0
1780420401.0,401.0,580.0,0.0,579.88,0.0,8.360016901793124,8.69240683490344,51.059397627400124,-4.452552238493329,1.8784483577710651,51.059397627400124,0.37783365105599515,2765.314088489217,766.7430677675015,69.58753342664234,73.79158369972237,2.063346645706216,6.6704941035406,0.9020313487937083,12.503,2.116,100.0,healthy,0.0,1.0,scenario_rapid_throttle_transition,scenario_rapid_throttle_transition.csv,0,rapid_throttle_transition,0
1780420401.25,401.25,580.0,0.0,579.88,0.0,8.355198324996055,8.450916778311607,49.9158245265187,-3.511393140690841,1.438490596454011,49.9158245265187,0.37505813801064064,2910.673843793035,735.3910177404849,67.8450384230034,81.06865571363144,2.7892719153567045,12.990701341641476,1.050223621679803,12.487,2.285,100.0,healthy,0.0,1.0,scenario_rapid_throttle_transition,scenario_rapid_throttle_transition.csv,0,rapid_throttle_transition,0
1780420401.5,401.5,580.0,0.0,579.88,0.0,8.406999732155095,8.601393824784541,50.46499930808774,-2.734974461863788,1.4890425703307082,50.46499930808774,0.3781902948390994,3074.6060702311393,731.5517197494315,97.97591266679758,88.91180401705371,2.4321403654515974,9.34744149539854,0.8945464636665517,12.494,1.946,100.0,healthy,0.0,1.0,scenario_rapid_throttle_transition,scenario_rapid_throttle_transition.csv,0,rapid_throttle_transition,0
1780420401.75,401.75,580.0,0.0,579.88,0.0,8.403420310486862,8.686342769138466,45.65788385008112,-1.5729898549084282,2.0833337478150575,45.65788385008112,0.37753262744563054,3062.3399561153847,753.4354011682993,69.85391765864082,72.25095188328612,2.5013085226142127,10.859654147573771,0.90985313110938,12.426,2.156,100.0,healthy,0.0,1.0,scenario_rapid_throttle_transition,scenario_rapid_throttle_transition.csv,0,rapid_throttle_transition,0
1780420402.0,402.0,580.5579993581576,0.5579993581576634,580.4379993581576,0.0,8.420282556101158,8.140429641824095,47.457525441769576,-3.5488486030578867,2.2622376284711336,47.457525441769576,0.3806275660966635,2654.4289088205414,761.3091988572303,70.07376173420035,66.35443084942935,3.1421204477672737,7.241643768258411,1.0209116735128816,12.572,2.185,100.0,healthy,0.0,1.0,scenario_rapid_throttle_transition,scenario_rapid_throttle_transition.csv,0,rapid_throttle_transition,0
1780420402.25,402.25,580.0,0.0,579.88,0.0,8.430722469598127,8.69153318606163,43.472456693239195,-2.9965510080152686,3.6418945369821225,43.472456693239195,0.38038162090565086,2685.9465405688047,741.4925319156366,81.15066894129443,76.96857313427508,1.7704415767639134,5.584319113534933,0.9694348323013231,12.509,2.083,100.0,healthy,0.0,1.0,scenario_rapid_throttle_transition,scenario_rapid_throttle_transition.csv,0,rapid_throttle_transition,0
1780420402.5,402.5,580.3125018186024,0.3125018186024548,580.1925018186024,0.0,8.473306887973148,8.211450780768885,46.776052552552464,-1.9490467619108924,2.62606587104824,46.776052552552464,0.3789582499077399,3128.1569408909236,727.1926873463768,99.20490152161028,61.38782277061998,2.983787435076957,14.036353430532676,0.8300317888660725,12.472,2.229,100.0,healthy,0.0,1.0,scenario_rapid_throttle_transition,scenario_rapid_throttle_transition.csv,0,rapid_throttle_transition,0
1780420402.75,402.75,580.0,0.0,579.88,0.0,8.52708044100037,8.25259199727392,39.78904678347832,-2.9453250926839663,2.1342430202632414,39.78904678347832,0.3807767856295354,3425.2535777229627,774.85250949406,80.06288625415293,61.69795563675188,2.046226796356955,5.118039011624557,0.9613488941174797,12.45,2.136,100.0,healthy,0.0,1.0,scenario_rapid_throttle_transition,scenario_rapid_throttle_transition.csv,0,rapid_throttle_transition,0
1780420403.0,403.0,580.5097491335932,0.5097491335931918,580.3897491335932,0.0,8.608118231743765,8.481527752197602,47.83599953063293,-3.9376113339784062,1.1323460599156205,47.83599953063293,0.3778319009269219,3623.0708009532464,800.4143259777502,56.90852439703125,78.69063834764488,2.8601022968306107,11.708161359173918,0.953308953042901,12.543,2.24,100.0,healthy,0.0,1.0,scenario_rapid_throttle_transition,scenario_rapid_throttle_transition.csv,0,rapid_throttle_transition,0
1780420403.25,403.25,582.6246727701449,2.6246727701449237,582.5046727701449,0.0,8.619032465054943,8.895076660362736,47.46163222848771,-2.9464095493228886,2.234821365586232,47.46163222848771,0.37976756876166357,3250.981095649001,734.796907607465,74.82945910835804,47.75541648920962,2.8505792242659176,10.775088220492302,1.0000317209068743,12.494,2.012,100.0,healthy,0.0,1.0,scenario_rapid_throttle_transition,scenario_rapid_throttle_transition.csv,0,rapid_throttle_transition,0
1780420403.5,403.5,580.0,0.0,579.88,0.0,8.611426999363616,8.794219589416786,44.245732686480984,-2.2504671197667623,2.4460073040945374,44.245732686480984,0.376774388281374,2544.61337856305,725.9297624938762,70.30112785061822,74.87652598376337,2.6577458841864243,11.7620216908361,0.7825866188175497,12.442,2.166,100.0,healthy,0.0,1.0,scenario_rapid_throttle_transition,scenario_rapid_throttle_transition.csv,0,rapid_throttle_transition,0
1780420403.75,403.75,581.4143551973355,1.4143551973354038,581.2943551973354,0.0,8.616239493087333,8.727294483006,46.407437926190724,-1.8596314212625538,1.5262331468592265,46.407437926190724,0.38106853261912366,2420.404356642723,780.4292005773754,75.04311856407574,64.93580648949211,1.947627132934691,7.303179092441917,0.8225621434458058,12.528,2.046,100.0,healthy,0.0,1.0,scenario_rapid_throttle_transition,scenario_rapid_throttle_transition.csv,0,rapid_throttle_transition,0
1780420404.0,404.0,581.123556097947,1.1235560979470638,581.003556097947,0.0,8.689778717291823,8.950401952548566,43.83061220412125,-4.323109223486838,2.876166101955846,43.83061220412125,0.3786538462583116,2165.125580660114,756.4308987465228,54.227999973510734,86.5047972692996,2.708904405727904,7.496322983029776,0.9069457675265648,12.539,2.155,100.0,healthy,0.0,1.0,scenario_rapid_throttle_transition,scenario_rapid_throttle_transition.csv,0,rapid_throttle_transition,0
1780420404.25,404.25,581.2287590324795,1.2287590324795334,581.1087590324795,0.0,8.673076510325775,9.040184335915479,48.05398187851764,-3.2551341568346572,1.5479740450413086,48.05398187851764,0.3827528632381302,2856.2305606662712,778.1887429263353,53.32394811742175,82.45345334044325,2.6727731161770696,9.81904968454436,0.980609097469257,12.416,2.066,100.0,healthy,0.0,1.0,scenario_rapid_throttle_transition,scenario_rapid_throttle_transition.csv,0,rapid_throttle_transition,0
1780420404.5,404.5,580.3191802609467,0.31918026094676843,580.1991802609467,0.0,8.744415195230271,8.63275035246744,43.151464516832505,-2.6706815735028786,1.5898221832090418,43.151464516832505,0.3833985605712981,3478.662186030054,782.92538055965,66.49831189553802,53.591692215877856,3.380398744374611,8.421335721102619,0.8662158108334959,12.539,2.193,100.0,healthy,0.0,1.0,scenario_rapid_throttle_transition,scenario_rapid_throttle_transition.csv,0,rapid_throttle_transition,0
1780420404.75,404.75,583.6104708283764,3.610470828376388,583.4904708283764,0.0,8.72857853001815,8.891933392990925,49.986637064064276,-2.442079280583001,3.3118119535584905,49.986637064064276,0.3870419165564127,2968.2490334023323,802.1873210852775,94.64269585617485,36.88849089072486,2.7091222940512845,10.683603621213331,0.8853828242060284,12.513,2.221,100.0,healthy,0.0,1.0,scenario_rapid_throttle_transition,scenario_rapid_throttle_transition.csv,0,rapid_throttle_transition,0
1780420405.0,405.0,580.0,0.0,579.88,0.0,8.78052066205113,8.41197691000877,50.639599619410895,-2.0236261796690282,1.8653387300379556,50.639599619410895,0.38961724666659453,3708.7992904351645,785.5267027810302,37.075209911773754,71.10157026933904,2.594007344303701,9.85447977649426,1.0405034989962478,12.509,2.213,100.0,healthy,0.0,1.0,scenario_rapid_throttle_transition,scenario_rapid_throttle_transition.csv,0,rapid_throttle_transition,0
1780420405.25,405.25,581.6835587396223,1.6835587396223306,581.5635587396223,0.0,8.782545645398152,9.11492083418302,47.658516831748464,-2.615732920202943,2.570021662757105,47.658516831748464,0.3906963628581469,3305.7077359120226,765.0779128484152,91.0234238372216,65.77872339575822,2.9046749655074864,9.618794045675493,0.9725301257901865,12.458,2.228,100.0,healthy,0.0,1.0,scenario_rapid_throttle_transition,scenario_rapid_throttle_transition.csv,0,rapid_throttle_transition,0
1780420405.5,405.5,580.0,0.0,579.88,0.0,8.763055390737772,8.748318429599584,42.23037120881099,-3.5849927165319166,1.9620752148024294,42.23037120881099,0.39368167300142826,2170.484658287607,726.9313226549582,66.68770988745143,48.22538730010349,3.1765470721797655,10.873646658734419,0.9405790875379838,12.428,2.279,100.0,healthy,0.0,1.0,scenario_rapid_throttle_transition,scenario_rapid_throttle_transition.csv,0,rapid_throttle_transition,0
1780420405.75,405.75,581.0580600807377,1.0580600807377625,580.9380600807377,0.0,8.801890595487256,9.089809393950759,46.61276614419989,-4.27208150837629,1.9907119971335234,46.61276614419989,0.396850021141644,3461.9488432957746,798.2972815571065,82.93223225631138,67.39384139627201,2.5936309256582417,10.959053667657411,0.9493515519585648,12.541,2.356,100.0,healthy,0.0,1.0,scenario_rapid_throttle_transition,scenario_rapid_throttle_transition.csv,0,rapid_throttle_transition,0
1780420406.0,406.0,582.273896117557,2.2738961175570256,582.153896117557,0.0,8.875480385909679,8.775101968261792,52.15461449436131,-3.9841271075548432,2.108247959274975,52.15461449436131,0.3973490078077631,3283.4586777936984,794.4519274696514,70.25697607848622,76.11828991252881,2.949597121111766,9.520189262837546,0.9044932147212045,12.443,1.958,100.0,healthy,0.0,1.0,scenario_rapid_throttle_transition,scenario_rapid_throttle_transition.csv,0,rapid_throttle_transition,0
1780420406.25,406.25,580.3974360597147,0.39743605971471574,580.2774360597147,0.0,8.93988685925172,9.26474121332919,47.256387490435365,-3.778628293243082,1.482396737997274,47.256387490435365,0.39835385265378154,2868.1195190033163,753.5757939702669,67.26369450312228,75.7627361590215,3.318188053398286,12.720519639966403,0.927723362163608,12.469,2.179,100.0,healthy,0.0,1.0,scenario_rapid_throttle_transition,scenario_rapid_throttle_transition.csv,0,rapid_throttle_transition,0
1780420406.5,406.5,582.6131606126202,2.61316061262019,582.4931606126202,0.0,8.976590906109317,8.652129510190498,43.137091824558944,-1.6884947264743435,1.6071849355032612,43.137091824558944,0.3967248896532782,2916.307112662,751.3033757630451,91.21153334314522,60.72962646583606,3.0977553724238294,10.615563124884178,0.9316193693460143,12.403,2.185,100.0,healthy,0.0,1.0,scenario_rapid_throttle_transition,scenario_rapid_throttle_transition.csv,0,rapid_throttle_transition,0
1780420406.75,406.75,580.0,0.0,579.88,0.0,8.99803795312579,9.243416798337046,48.845457513722586,-1.1590380952150992,2.0786069563675995,48.845457513722586,0.39347630888986174,3331.6120644281305,761.8709611062028,47.99169222713844,45.772630414195504,2.757176943736608,8.069575669363225,0.9771155362860615,12.466,2.237,100.0,healthy,0.0,1.0,scenario_rapid_throttle_transition,scenario_rapid_throttle_transition.csv,0,rapid_throttle_transition,0
1780420407.0,407.0,580.4632813215201,0.4632813215200875,580.3432813215201,0.0,9.005017553805967,8.894599634632595,54.55215622556258,-2.4448332025440305,1.493874965024047,54.55215622556258,0.39316009600576773,3080.567150698291,731.4460557945428,92.63836249947896,66.2189739359792,2.2304009092636408,10.72550705952158,0.9132809163365758,12.566,2.17,100.0,healthy,0.0,1.0,scenario_rapid_throttle_transition,scenario_rapid_throttle_transition.csv,0,rapid_throttle_transition,0
1780420407.25,407.25,580.0,0.0,579.88,0.0,8.987796852495102,9.047351226053314,42.1400012945461,-3.19437242981404,2.6300068928116156,42.1400012945461,0.39017337056782225,3386.030713671698,814.2442955675552,86.33061574375316,83.11434082044838,3.256086834081289,9.272044850746038,0.9628050238415962,12.526,2.181,100.0,healthy,0.0,1.0,scenario_rapid_throttle_transition,scenario_rapid_throttle_transition.csv,0,rapid_throttle_transition,0
1780420407.5,407.5,582.2602521013137,2.260252101313643,582.1402521013136,0.0,9.068079395972257,8.889859696539492,41.67387667315617,-1.9379268227129516,3.060973623106693,41.67387667315617,0.3926239789123507,2859.3010993123703,775.7510532060713,42.728437930171125,60.773907169019644,2.807757336374119,7.860636284224739,0.8750283103210811,12.571,2.178,100.0,healthy,0.0,1.0,scenario_rapid_throttle_transition,scenario_rapid_throttle_transition.csv,0,rapid_throttle_transition,0
1780420407.75,407.75,580.0,0.0,579.88,0.0,9.087620171401861,9.38999104589295,46.512526840022126,-3.1669653409164296,2.3064699968895654,46.512526840022126,0.3891795681370472,3269.074379315571,747.2617329737018,73.81794927034218,49.039975952399,2.558974385539029,8.511617574042473,0.9819585485713103,12.395,2.226,100.0,healthy,0.0,1.0,scenario_rapid_throttle_transition,scenario_rapid_throttle_transition.csv,0,rapid_throttle_transition,0
1780420408.0,408.0,580.0,0.0,579.88,0.0,9.06811815962077,9.378935657691638,40.60872778324233,-3.5276442179356287,1.2372575393158671,40.60872778324233,0.38878870174500957,3085.032014650748,779.3005364838738,57.44322781530823,87.17846927279916,3.2872658793004,4.9125041417236135,0.9549372144634608,12.448,2.178,100.0,healthy,0.0,1.0,scenario_rapid_throttle_transition,scenario_rapid_throttle_transition.csv,0,rapid_throttle_transition,0
1780420408.25,408.25,582.199707118969,2.199707118968976,582.0797071189689,0.0,9.114949626765366,8.934651068422987,42.66472022649106,-0.11063503355367299,1.756482189193464,42.66472022649106,0.38638974454231273,3588.6828734441942,721.2011390584547,92.68657671063318,57.66655482444425,2.572761063478276,9.253840750954604,0.8330025041149903,12.48,2.287,100.0,healthy,0.0,1.0,scenario_rapid_throttle_transition,scenario_rapid_throttle_transition.csv,0,rapid_throttle_transition,0
1780420408.5,408.5,580.0,0.0,579.88,0.0,9.127045584189782,8.717665067631895,44.4633567205893,-1.6307346402378338,2.1992543356968266,44.4633567205893,0.3831474632790423,3596.9536495033453,745.2238411373339,87.67001628478008,36.51093008834236,1.8870362173276827,7.386047481323657,0.8069722436450626,12.438,2.231,100.0,healthy,0.0,1.0,scenario_rapid_throttle_transition,scenario_rapid_throttle_transition.csv,0,rapid_throttle_transition,0
1780420408.75,408.75,580.386726045201,0.3867260452010131,580.266726045201,0.0,9.210857576225235,9.434846958604,43.31363394095485,-3.317393528299748,2.0854576127795195,43.31363394095485,0.38449525574315874,3049.214234305094,775.5068565851032,59.81729380771701,63.63016900894461,2.9608965378397984,2.133261542195159,0.9524635465381375,12.443,2.216,100.0,healthy,0.0,1.0,scenario_rapid_throttle_transition,scenario_rapid_throttle_transition.csv,0,rapid_throttle_transition,0
1780420409.0,409.0,580.0,0.0,579.88,0.0,9.27811047574543,9.053414242303708,43.84794160738046,-3.8480141639847627,1.2763361037459693,43.84794160738046,0.3852144754987652,3519.1453286662745,788.3903240302226,63.85471609405072,54.28215432566379,2.4413197971122287,13.62924605635429,0.8695601771572963,12.436,2.103,100.0,healthy,0.0,1.0,scenario_rapid_throttle_transition,scenario_rapid_throttle_transition.csv,0,rapid_throttle_transition,0
1780420409.25,409.25,581.015025503786,1.0150255037859481,580.895025503786,0.0,9.29277177419731,8.859514889271669,42.26441513280257,-2.5274763464346117,2.3091432913633083,42.26441513280257,0.38855030549893965,3629.585841760977,734.9003987828305,64.15019458037884,86.4050199306077,2.4727569127415543,8.655649076941247,0.8466301645948424,12.497,2.064,100.0,healthy,0.0,1.0,scenario_rapid_throttle_transition,scenario_rapid_throttle_transition.csv,0,rapid_throttle_transition,0
1780420409.5,409.5,580.0898157582563,0.08981575825632425,579.9698157582563,0.0,9.31785032980224,9.54653757945801,47.04638539590809,-2.1477503260124284,1.6199117137608314,47.04638539590809,0.38841862590616894,2916.5747378605674,748.6776014574127,77.24268904460119,50.504475192650744,2.2933870556044376,7.47147440700215,0.9627131875119581,12.437,2.151,100.0,healthy,0.0,1.0,scenario_rapid_throttle_transition,scenario_rapid_throttle_transition.csv,0,rapid_throttle_transition,0
1780420409.75,409.75,580.0,0.0,579.88,0.0,9.379575844802991,9.09979832790006,45.186200327380945,-4.319223058231508,2.8585125508032543,45.186200327380945,0.3923707073172063,3144.2838681438,780.4492074239466,76.06027166348916,46.596390693426706,2.746837315000323,10.654521247911235,1.0598681132558911,12.5,2.332,100.0,healthy,0.0,1.0,scenario_rapid_throttle_transition,scenario_rapid_throttle_transition.csv,0,rapid_throttle_transition,0
1780420410.0,410.0,581.1551366572008,1.1551366572008108,581.0351366572008,0.0,9.353637068361365,9.239378531030958,38.10310346419635,-4.1056226838458425,2.740800674456174,38.10310346419635,0.3946607811583014,3646.3533565416096,796.3950156980454,88.69337322857344,54.70801433697616,2.4468174301636667,11.869100260625581,0.9948558309655259,12.487,2.219,100.0,healthy,0.0,1.0,scenario_rapid_throttle_transition,scenario_rapid_throttle_transition.csv,0,rapid_throttle_transition,0
1780420410.25,410.25,582.3753540143022,2.3753540143022054,582.2553540143022,0.0,9.36725628589758,8.944381008835935,46.93054869376003,-1.7437188993755788,2.373686511982194,46.93054869376003,0.3937677281666166,4192.359578550009,783.8554060144888,88.3272734279362,46.62948198279914,2.792068282732066,9.73340210918557,0.8214540663193275,12.513,1.991,100.0,healthy,0.0,1.0,scenario_rapid_throttle_transition,scenario_rapid_throttle_transition.csv,0,rapid_throttle_transition,0
1780420410.5,410.5,580.6958393991221,0.6958393991220264,580.5758393991221,0.0,9.404581228259712,8.943574041449269,41.83015419470242,-2.7957059155568573,2.055965824873598,41.83015419470242,0.3919053177268219,3474.9461284278436,744.8168740182002,46.94208687366885,54.36622737780566,2.785496930401903,10.09072491201035,1.0389869129298452,12.531,2.159,100.0,healthy,0.0,1.0,scenario_rapid_throttle_transition,scenario_rapid_throttle_transition.csv,0,rapid_throttle_transition,0
1780420410.75,410.75,580.0,0.0,579.88,0.0,9.416314212892397,9.545827739585478,51.50974875003882,-4.081928720361599,2.13874117673842,51.50974875003882,0.39452381536875847,3513.936288940996,794.8439728893874,73.79142195027987,91.75937368507942,2.8360028817392875,6.581740249413866,1.0369999603082514,12.443,2.219,100.0,healthy,0.0,1.0,scenario_rapid_throttle_transition,scenario_rapid_throttle_transition.csv,0,rapid_throttle_transition,0
1780420411.0,411.0,583.3082302450803,3.3082302450802783,583.1882302450803,0.0,9.39560455786566,9.452149801903184,45.03163964095724,-2.695733118448061,3.2583030131666053,45.03163964095724,0.3959643252933674,3136.9503235836737,700.5937577303131,83.09528649235867,66.78695746442654,3.21039738699395,10.398253426206754,0.9579075615753312,12.465,2.355,100.0,healthy,0.0,1.0,scenario_rapid_throttle_transition,scenario_rapid_throttle_transition.csv,0,rapid_throttle_transition,0
1780420411.25,411.25,580.0,0.0,579.88,0.0,9.438736928155185,9.502338863695515,49.042268214290466,-2.3792974032029433,1.754962958068084,49.042268214290466,0.3971771993334901,3103.9824188957855,734.2805683107453,80.37188514311565,30.550108421867822,2.953183316704578,7.781714405759381,0.9225147565746515,12.499,2.134,100.0,healthy,0.0,1.0,scenario_rapid_throttle_transition,scenario_rapid_throttle_transition.csv,0,rapid_throttle_transition,0
1780420411.5,411.5,581.7741194316792,1.7741194316791722,581.6541194316792,0.0,9.4727161368429,9.073517777757244,46.91490427124353,-2.7020202605950048,1.8644947604859479,46.91490427124353,0.39956143456132864,3117.105116749557,743.7806435457708,70.92350717803147,70.94340117777004,2.9382385962448634,13.02950305341004,0.8370591263194486,12.506,2.141,100.0,healthy,0.0,1.0,scenario_rapid_throttle_transition,scenario_rapid_throttle_transition.csv,0,rapid_throttle_transition,0
1780420411.75,411.75,580.490819841095,0.49081984109505794,580.370819841095,0.0,9.45190921534464,9.450292198973584,49.731899689651414,-3.0067121602166567,3.369351669766106,49.731899689651414,0.3964356402268418,3886.64369348333,748.9856363228439,51.02339331515422,57.75584565743111,2.8617236879869434,8.87000684149226,0.8374060497439378,12.555,2.343,100.0,healthy,0.0,1.0,scenario_rapid_throttle_transition,scenario_rapid_throttle_transition.csv,0,rapid_throttle_transition,0
1780420412.0,412.0,580.4935582785876,0.49355827858758994,580.3735582785876,0.0,9.536873124618836,9.323032524678064,42.88055302895824,-1.773172042947266,1.7004124549335842,42.88055302895824,0.39294265701160935,3268.267686061945,795.9771111894471,87.41176896360759,50.50302952428189,2.8456897001132755,5.432442894752869,0.8785019647313497,12.459,2.176,100.0,healthy,0.0,1.0,scenario_rapid_throttle_transition,scenario_rapid_throttle_transition.csv,0,rapid_throttle_transition,0
1780420412.25,412.25,580.0,0.0,579.88,0.0,9.604951654967765,9.332331801276469,51.847963028278656,-3.3289246061874036,1.940273597773174,51.847963028278656,0.39349960572996634,3183.1906302966,758.6695287001365,97.66216716314085,65.70892120478726,2.801658650418517,15.069949583571518,0.9466286770835124,12.421,2.152,100.0,healthy,0.0,1.0,scenario_rapid_throttle_transition,scenario_rapid_throttle_transition.csv,0,rapid_throttle_transition,0
1780420412.5,412.5,580.0,0.0,579.88,0.0,9.673159171002276,9.790166477331292,52.105258899565165,-1.2037405795866958,1.4588923407341345,52.105258899565165,0.3931712949920642,3556.254520716564,749.0209264833287,86.57363728546605,57.15335084136589,3.1309796319567944,11.184284093316199,0.9154605891821359,12.496,2.229,100.0,healthy,0.0,1.0,scenario_rapid_throttle_transition,scenario_rapid_throttle_transition.csv,0,rapid_throttle_transition,0
1780420412.75,412.75,581.9879565733885,1.9879565733884537,581.8679565733885,0.0,9.71569267877787,9.572708408802798,50.52909925078127,-0.8684075068463337,2.3023437085569025,50.52909925078127,0.3929462958893816,3367.6805395081574,785.8516596013819,60.16930661296046,69.77135140384416,3.2149058985234773,7.5579558044461805,1.013334990974848,12.497,2.338,100.0,healthy,0.0,1.0,scenario_rapid_throttle_transition,scenario_rapid_throttle_transition.csv,0,rapid_throttle_transition,0
1780420413.0,413.0,580.0,0.0,579.88,0.0,9.737928730619315,9.866111824455315,55.54458768668617,-0.8474215143102986,1.1044374739677254,55.54458768668617,0.3970656399188264,3636.6409685379617,768.389422870754,69.64310696859147,51.405775205100525,2.585197534135799,9.576093899746862,1.0221165279277409,12.522,2.268,100.0,healthy,0.0,1.0,scenario_rapid_throttle_transition,scenario_rapid_throttle_transition.csv,0,rapid_throttle_transition,0
1780420413.25,413.25,580.0,0.0,579.88,0.0,9.779207084944119,10.23215277786675,55.20798479624965,-1.690668307403254,1.7642205975198813,55.20798479624965,0.394801181018664,3619.7640204801955,746.9049824501998,81.50954251853702,59.238437558161436,2.937502185627269,9.748181911557703,0.858382636624954,12.527,2.144,100.0,healthy,0.0,1.0,scenario_rapid_throttle_transition,scenario_rapid_throttle_transition.csv,0,rapid_throttle_transition,0
1780420413.5,413.5,582.081782287272,2.0817822872719924,581.961782287272,0.0,9.846097654980486,10.306743707970497,38.89830889553396,-2.7644510794071135,1.112771175654824,38.89830889553396,0.39755057365172825,3114.8595110790357,760.0165173375179,92.7353431746232,70.29675565267372,2.4741731805097062,8.996431121148001,0.9115752311791527,12.449,2.214,100.0,healthy,0.0,1.0,scenario_rapid_throttle_transition,scenario_rapid_throttle_transition.csv,0,rapid_throttle_transition,0
1780420413.75,413.75,580.0,0.0,579.88,0.0,9.905303294260392,9.57326853180053,50.882712364951885,-2.6489012310989146,2.383232599842667,50.882712364951885,0.39708680083624587,4233.865779543471,711.7387103663085,81.0966524132636,57.467010057151036,3.099160165810411,8.2321087584785,1.0358752213410718,12.538,2.177,100.0,healthy,0.0,1.0,scenario_rapid_throttle_transition,scenario_rapid_throttle_transition.csv,0,rapid_throttle_transition,0
1780420414.0,414.0,581.9482101058882,1.9482101058882066,581.8282101058882,0.0,9.907721635337301,9.636640839829226,44.113968981649336,-3.2025729295826366,1.0354355999466565,44.113968981649336,0.39702777898095465,2795.140891306376,792.3541355111639,63.54738104638816,82.60442206723386,3.2035465617626526,6.927852224050062,0.9857838879874662,12.459,2.16,100.0,healthy,0.0,1.0,scenario_rapid_throttle_transition,scenario_rapid_throttle_transition.csv,0,rapid_throttle_transition,0
1780420414.25,414.25,580.1084982883154,0.10849828831546629,579.9884982883154,0.0,9.97549665182468,10.353549150752821,45.01555372251038,-2.5207080498056516,1.2952101614891376,45.01555372251038,0.3969560806182528,3162.6453314510395,805.7711710247261,70.65056244740498,54.83251486928508,2.469104056017029,10.133709336289774,0.9311301146872851,12.427,2.279,100.0,healthy,0.0,1.0,scenario_rapid_throttle_transition,scenario_rapid_throttle_transition.csv,0,rapid_throttle_transition,0
1780420414.5,414.5,583.2677140730267,3.267714073026662,583.1477140730267,0.0,10.0362891348836,10.367671548400024,44.01428519697845,-1.7668418958043153,1.8503561060987248,44.01428519697845,0.4009028245394667,3549.0524547446566,783.7377668273094,79.16376297746247,60.38416329514977,2.5123228916950042,10.909244874960361,1.0583063783647937,12.472,2.178,100.0,healthy,0.0,1.0,scenario_rapid_throttle_transition,scenario_rapid_throttle_transition.csv,0,rapid_throttle_transition,0
1780420414.75,414.75,580.0,0.0,579.88,0.0,10.107695518397136,10.490577055282927,40.79650847873688,-1.4959529707893484,1.8086838135812127,40.79650847873688,0.39873006960985163,3123.507278634621,791.6863452789153,89.27424257363481,62.98353004738061,2.5936230233165904,10.806687102107167,0.8968290485774344,12.45,2.106,100.0,healthy,0.0,1.0,scenario_rapid_throttle_transition,scenario_rapid_throttle_transition.csv,0,rapid_throttle_transition,0
1780420415.0,415.0,580.0,0.0,579.88,0.0,10.135457752301113,10.604554286802946,41.40840444580674,-1.2684464619257363,1.1986071194138601,41.40840444580674,0.39583917883847247,3518.8489750629824,843.915564726515,37.82243368467473,34.38325333285436,2.80597914971212,13.285491475628497,0.9839166360315239,12.455,2.1,100.0,healthy,0.0,1.0,scenario_rapid_throttle_transition,scenario_rapid_throttle_transition.csv,0,rapid_throttle_transition,0
1780420415.25,415.25,580.0,0.0,579.88,0.0,10.184531228637733,10.469058947980615,46.966059524971186,-3.7468336348900753,2.488436162033025,46.966059524971186,0.39775814831425726,3536.2999833924296,772.0163051606505,69.68314870813623,42.55986676650291,3.413495590980874,10.679361758314542,0.9356143653943344,12.484,2.203,100.0,healthy,0.0,1.0,scenario_rapid_throttle_transition,scenario_rapid_throttle_transition.csv,0,rapid_throttle_transition,0
1780420415.5,415.5,580.0,0.0,579.88,0.0,10.154571136341474,10.105433267699834,44.55181871933721,-1.2329119606465362,1.618145958024605,44.55181871933721,0.3997541363746736,2843.958508976831,754.9732379627336,69.41598825409646,40.52229355895682,2.318050859628924,11.113419411217027,0.7956456058219417,12.497,2.175,100.0,healthy,0.0,1.0,scenario_rapid_throttle_transition,scenario_rapid_throttle_transition.csv,0,rapid_throttle_transition,0
1780420415.75,415.75,581.5050193165597,1.505019316559657,581.3850193165597,0.0,10.11858541084074,10.433703245309722,38.31084441446939,-2.1745975026825595,1.7204930762558697,38.31084441446939,0.4011230645378204,2994.3635526392104,783.9964040250229,71.45470305658422,57.59666732674808,3.227885192077712,8.136159815997765,0.9319695299208314,12.483,2.332,100.0,healthy,0.0,1.0,scenario_rapid_throttle_transition,scenario_rapid_throttle_transition.csv,0,rapid_throttle_transition,0
1780420416.0,416.0,580.0,0.0,579.88,0.0,10.118359977929254,9.789025046421381,41.373944138411986,-3.4846595884266316,2.1555201126978725,41.373944138411986,0.4021120540067036,3398.9336129735407,804.8142782032572,64.65527316762712,52.184648878655224,3.2250793277759264,6.494997333106323,0.8541623347314423,12.505,2.172,100.0,healthy,0.0,1.0,scenario_rapid_throttle_transition,scenario_rapid_throttle_transition.csv,0,rapid_throttle_transition,0
1780420416.25,416.25,581.3640444415468,1.3640444415468043,581.2440444415467,0.0,10.182947476432918,10.104641214205486,58.394006325763065,-1.081059152358867,1.3760374007329332,58.394006325763065,0.4046883550175136,3572.6715446607636,785.1583350931737,83.81164485934195,71.61690644495762,2.9495322648023428,9.132102933374362,0.9904327309769378,12.515,2.249,100.0,healthy,0.0,1.0,scenario_rapid_throttle_transition,scenario_rapid_throttle_transition.csv,0,rapid_throttle_transition,0
1780420416.5,416.5,580.0073331665492,0.007333166549174407,579.8873331665492,0.0,10.202479545724035,9.741529229047318,48.727337282050385,-1.2873922019804953,1.806938901183923,48.727337282050385,0.4028046684817207,3330.969549453013,808.4305898777307,65.65831216706769,55.40954272023579,2.985387470382121,8.250030313383373,0.9343651567377287,12.516,2.227,100.0,healthy,0.0,1.0,scenario_rapid_throttle_transition,scenario_rapid_throttle_transition.csv,0,rapid_throttle_transition,0
1780420416.75,416.75,582.6004252825055,2.6004252825055416,582.4804252825055,0.0,10.209550009743735,10.534029581090662,52.28197483339699,-1.7383284410040205,1.9039788126428732,52.28197483339699,0.40443023386713467,3401.340412320948,748.538706373163,93.59132212040808,34.77767220737307,2.9124616117386326,11.127925722713282,0.9133626424494372,12.435,1.996,100.0,healthy,0.0,1.0,scenario_rapid_throttle_transition,scenario_rapid_throttle_transition.csv,0,rapid_throttle_transition,0
1780420417.0,417.0,581.5596946185732,1.55969461857316,581.4396946185732,0.0,10.18306747518281,10.27103140485605,47.81103709815641,-2.180682372177377,1.1808822057537536,47.81103709815641,0.4034245093278442,3152.6062479030866,760.8580453304567,89.93572449886105,34.607191994496404,3.0703660281031517,10.641282606156862,0.9374713994495001,12.413,2.186,100.0,healthy,0.0,1.0,scenario_rapid_throttle_transition,scenario_rapid_throttle_transition.csv,0,rapid_throttle_transition,0
1780420417.25,417.25,581.4682350227314,1.4682350227313967,581.3482350227314,0.0,10.194530569085984,10.559822526222007,52.153296832325836,-3.164084450624073,1.0800658259777123,52.153296832325836,0.4066114082862024,2516.6120245226457,767.9993851149255,48.58485015080649,45.53811256337129,3.6896827908907563,14.93056652915202,0.8402738347141009,12.466,2.324,100.0,healthy,0.0,1.0,scenario_rapid_throttle_transition,scenario_rapid_throttle_transition.csv,0,rapid_throttle_transition,0
1780420417.5,417.5,581.3387861652099,1.3387861652098376,581.2187861652098,0.0,10.2773091975122,9.901291103516835,50.24700873262772,-0.3958189421410212,0.9926932923538343,50.24700873262772,0.40330322085368026,3086.3851981973985,778.2969658239505,100.56488127433292,52.70819933725132,3.0915558643364776,10.791421075631558,0.9346673768826038,12.43,2.31,100.0,healthy,0.0,1.0,scenario_rapid_throttle_transition,scenario_rapid_throttle_transition.csv,0,rapid_throttle_transition,0
1780420417.75,417.75,581.7727242095267,1.772724209526738,581.6527242095267,0.0,10.329673381634645,10.211308032116664,45.45762504712162,-1.4547773542684164,1.9758995827153067,45.45762504712162,0.40646234824897465,2931.7996022846496,771.3972784819198,85.99563017494206,57.54563060325061,2.905495917138547,8.696404459760345,0.9433338679284294,12.516,2.078,100.0,healthy,0.0,1.0,scenario_rapid_throttle_transition,scenario_rapid_throttle_transition.csv,0,rapid_throttle_transition,0
1780420418.0,418.0,580.0,0.0,579.88,0.0,10.347554658899698,9.911557595518342,46.45002470469197,-1.9192972630881244,1.6400664016233164,46.45002470469197,0.40561183780657506,3604.1119031628855,753.9906452981115,66.28834533030968,39.51175915500471,2.274947152165739,11.79584174333569,0.7980217691304633,12.571,2.193,100.0,healthy,0.0,1.0,scenario_rapid_throttle_transition,scenario_rapid_throttle_transition.csv,0,rapid_throttle_transition,0
1780420418.25,418.25,580.0,0.0,579.88,0.0,10.384854144245496,10.118039192553974,45.348278203463124,-1.3325010495426564,0.6599538216282004,45.348278203463124,0.40736105027982744,2579.2438816422045,737.6678239424822,78.71075176127364,51.459829011033335,2.917607977196993,9.000622537481368,0.9187229225524753,12.438,2.204,100.0,healthy,0.0,1.0,scenario_rapid_throttle_transition,scenario_rapid_throttle_transition.csv,0,rapid_throttle_transition,0
1780420418.5,418.5,580.1021353636362,0.10213536363624237,579.9821353636362,0.0,10.434352376640529,10.949038267286237,44.243740513421834,-1.8742366491023417,1.557096807799132,44.243740513421834,0.4071967339803114,3344.0937689163,758.9162489635991,83.52176940580887,46.474164735550175,2.5321739612891276,10.958429655871498,1.0443739301275603,12.427,2.279,100.0,healthy,0.0,1.0,scenario_rapid_throttle_transition,scenario_rapid_throttle_transition.csv,0,rapid_throttle_transition,0
1780420418.75,418.75,580.8407291536719,0.8407291536718406,580.7207291536719,0.0,10.398610892148662,10.079535159437976,47.014171425494006,-2.6888962953067046,0.5891955880421884,47.014171425494006,0.40719973053473907,3752.4269868752294,812.2058418343817,68.21586600854937,57.49618563110388,2.9376761137547893,7.714235106558457,0.8532438376562956,12.502,2.319,100.0,healthy,0.0,1.0,scenario_rapid_throttle_transition,scenario_rapid_throttle_transition.csv,0,rapid_throttle_transition,0
1780420419.0,419.0,580.0,0.0,579.88,0.0,10.428663823837129,10.938255926702327,42.33725428828996,-1.19459789536042,1.909166016656158,42.33725428828996,0.40318000099663154,3270.119190390594,727.8936855955363,98.05218718882624,59.82567669366583,3.2347801532201137,10.208320514908495,0.7743161535489793,12.541,2.161,100.0,healthy,0.0,1.0,scenario_rapid_throttle_transition,scenario_rapid_throttle_transition.csv,0,rapid_throttle_transition,0
1780420419.25,419.25,582.1684090538977,2.1684090538976752,582.0484090538977,0.0,10.44608721247593,10.276470220511829,42.043600303745364,-2.574705408704176,1.7929354902300711,42.043600303745364,0.40376993163437086,3630.670458246463,787.4739028204335,68.37799893921563,41.03022351629079,2.968321122577653,11.542169262064922,0.9037730114064801,12.466,2.212,100.0,healthy,0.0,1.0,scenario_rapid_throttle_transition,scenario_rapid_throttle_transition.csv,0,rapid_throttle_transition,0
1780420419.5,419.5,580.0,0.0,579.88,0.0,10.457546667958244,10.393646401553406,49.374178649646616,-1.874646210422714,2.647950499522525,49.374178649646616,0.403349222233877,3933.970842493515,782.3991619274235,86.04152911857523,34.755187317884406,2.990153574876744,11.320965366071144,0.9619785755271494,12.475,2.198,100.0,healthy,0.0,1.0,scenario_rapid_throttle_transition,scenario_rapid_throttle_transition.csv,0,rapid_throttle_transition,0
1780420419.75,419.75,581.0256487052676,1.025648705267642,580.9056487052676,0.0,10.54325927886884,10.603576748810076,51.50262551693819,-1.6320517026216423,2.7405500606343036,51.50262551693819,0.4038253531313176,3144.969844564599,729.1321451399442,89.67042588189027,61.77577298159435,3.4642600350871833,8.762964393190542,0.8423653734586538,12.557,2.319,100.0,healthy,0.0,1.0,scenario_rapid_throttle_transition,scenario_rapid_throttle_transition.csv,0,rapid_throttle_transition,0
1780420420.0,420.0,581.2831106754694,1.283110675469374,581.1631106754694,0.0,10.521765871113697,10.020693163520933,44.437672042665454,-1.0729239693475203,2.058883337963288,44.437672042665454,0.4067725786865276,3264.529509398677,801.8109110843898,96.32067636075631,77.02457907288485,3.2183632469272148,12.084479884872398,0.9813422438008094,12.505,2.196,100.0,healthy,0.0,1.0,scenario_rapid_throttle_transition,scenario_rapid_throttle_transition.csv,0,rapid_throttle_transition,0
1780420420.25,420.25,580.175507434283,0.17550743428300009,580.055507434283,0.0,10.577894319725305,10.152024824222897,44.353087204585094,-2.5752644414902717,2.0154021974889393,44.353087204585094,0.41073285687466093,3310.548388395231,752.7767356634158,56.98065497033295,48.78833043741439,2.8522749261989744,10.824919194082337,0.8645131411688011,12.496,2.292,100.0,healthy,0.0,1.0,scenario_rapid_throttle_transition,scenario_rapid_throttle_transition.csv,0,rapid_throttle_transition,0
1780420420.5,420.5,581.1940999452604,1.1940999452603847,581.0740999452604,0.0,10.579174606872474,10.570413572242638,43.280170868419766,-1.0385617272568677,3.4358768039372523,43.280170868419766,0.4127909499388721,2686.1023639578993,763.7244905547914,81.00689011212985,58.01736586507515,3.133003522148087,10.333324690255168,0.9698452041906729,12.482,2.112,100.0,healthy,0.0,1.0,scenario_rapid_throttle_transition,scenario_rapid_throttle_transition.csv,0,rapid_throttle_transition,0
1780420420.75,420.75,580.5845381391077,0.584538139107716,580.4645381391077,0.0,10.59839751682303,10.232967834781531,46.21249532515098,-0.6997659237400038,2.2935624930870318,46.21249532515098,0.4160509174205244,3577.4603241212044,800.1454083302258,75.96692548217781,45.500495435909045,3.190511153103298,8.162593259557026,0.9336228389574946,12.5,2.101,100.0,healthy,0.0,1.0,scenario_rapid_throttle_transition,scenario_rapid_throttle_transition.csv,0,rapid_throttle_transition,0
1780420421.0,421.0,580.0,0.0,579.88,0.0,10.588765297277337,10.142779746575423,47.11486585550255,-1.0908683989033423,2.1734109234850396,47.11486585550255,0.41181814999128596,3380.425307529297,786.4502046901312,88.5059188408077,50.64747504706863,2.560242776268793,12.265779172085832,0.7833343267660375,12.536,2.305,100.0,healthy,0.0,1.0,scenario_rapid_throttle_transition,scenario_rapid_throttle_transition.csv,0,rapid_throttle_transition,0
1780420421.25,421.25,580.6232757606314,0.6232757606314139,580.5032757606314,0.0,10.664492543812337,10.748864387162703,49.770738098580374,-0.5647088272439694,2.0017722489718626,49.770738098580374,0.4149044666574372,3469.417067228614,799.7692016508886,107.10306562601504,58.282864758441654,2.9062454341883486,11.69922388039682,0.9671888862639938,12.425,2.247,100.0,healthy,0.0,1.0,scenario_rapid_throttle_transition,scenario_rapid_throttle_transition.csv,0,rapid_throttle_transition,0
1780420421.5,421.5,580.0,0.0,579.88,0.0,10.692485952641707,11.075038931217714,45.57596219031127,-1.052396504738693,0.7527241398901703,45.57596219031127,0.4165475872536564,2987.110730488372,748.5073051441432,68.75973197313903,62.3877788645383,3.101604645071834,10.293305188428993,0.8778890690377632,12.515,2.351,100.0,healthy,0.0,1.0,scenario_rapid_throttle_transition,scenario_rapid_throttle_transition.csv,0,rapid_throttle_transition,0
1780420421.75,421.75,580.9268424798124,0.9268424798124217,580.8068424798124,0.0,10.728843382299786,11.09104716736093,57.187173588742375,-2.1281362087632583,1.9050646537618166,57.187173588742375,0.41398698703075243,3961.3817394282282,772.3914057380634,99.06272790413412,41.13944762191371,3.274371057686358,9.780150492293789,1.02238174349483,12.565,2.075,100.0,healthy,0.0,1.0,scenario_rapid_throttle_transition,scenario_rapid_throttle_transition.csv,0,rapid_throttle_transition,0
1780420422.0,422.0,582.3951898975865,2.39518989758651,582.2751898975865,0.0,10.7162003467526,10.462970405335435,48.03286378664124,-0.3981226604659638,2.031026171877797,48.03286378664124,0.40984375260195577,3143.1010071638166,737.5878846419544,92.15599444527135,30.828198088923013,3.04872524962428,6.737135469915219,0.9334635166488164,12.452,2.315,100.0,healthy,0.0,1.0,scenario_rapid_throttle_transition,scenario_rapid_throttle_transition.csv,0,rapid_throttle_transition,0
1780420422.25,422.25,580.0,0.0,579.88,0.0,10.78837719873904,10.690426235308818,52.91297095074269,-2.0065489031806836,1.0915138076791502,52.91297095074269,0.4117757415296154,3015.454793358428,792.3445549824328,48.340972152530085,41.59258367871269,2.5878061408512476,10.909603998228784,0.8680753755001984,12.407,2.174,100.0,healthy,0.0,1.0,scenario_rapid_throttle_transition,scenario_rapid_throttle_transition.csv,0,rapid_throttle_transition,0
1780420422.5,422.5,580.0,0.0,579.88,0.0,10.873467625583071,11.361444205488056,45.44850919185827,-2.609790943007388,1.4160370351728446,45.44850919185827,0.4099352283410185,3417.10778485285,783.685350133184,101.6659222497207,68.36173466911396,2.7822355551010554,9.552491512600172,1.03142750697441,12.507,2.208,100.0,healthy,0.0,1.0,scenario_rapid_throttle_transition,scenario_rapid_throttle_transition.csv,0,rapid_throttle_transition,0
1780420422.75,422.75,580.0,0.0,579.88,0.0,10.890968548409921,10.840037308473082,51.06054288704249,-1.402288945262296,0.6918882954589807,51.06054288704249,0.41104943603621147,3161.089009813648,771.2367868527722,76.70275388735595,55.420299040663956,3.0253454661241963,9.580563398594956,0.9354539041389758,12.462,2.404,100.0,healthy,0.0,1.0,scenario_rapid_throttle_transition,scenario_rapid_throttle_transition.csv,0,rapid_throttle_transition,0
1780420423.0,423.0,580.0,0.0,579.88,0.0,10.88150850184574,11.400248168833725,50.996781279990465,-1.0100340104471617,2.0552203108082288,50.996781279990465,0.41067914234798475,3573.804146671326,774.603828462916,83.26228321815375,45.8569712440361,3.1605939220930233,8.707540830193475,0.7401023837222577,12.437,2.151,100.0,healthy,0.0,1.0,scenario_rapid_throttle_transition,scenario_rapid_throttle_transition.csv,0,rapid_throttle_transition,0
1780420423.25,423.25,580.7118753994159,0.7118753994159515,580.5918753994159,0.0,10.952625287643965,10.655545577029477,48.14363182246541,0.6140308671702859,1.7729719404732003,48.14363182246541,0.40847703492374066,3472.5021769508594,792.7681533641444,72.09511995502534,44.57733526864602,2.6442233139429945,12.018177131690711,0.8852473603332028,12.486,1.853,100.0,healthy,0.0,1.0,scenario_rapid_throttle_transition,scenario_rapid_throttle_transition.csv,0,rapid_throttle_transition,0
1780420423.5,423.5,581.6674867452131,1.6674867452130169,581.5474867452131,0.0,10.939540095763627,11.099152110297426,49.59858874536727,-2.1429194281028483,1.7540225228100808,49.59858874536727,0.4070176338395562,2670.594458356773,721.1201145161223,107.1457657044092,66.86947689663548,3.131785630612838,9.757882484621108,0.9367678361318005,12.505,2.288,100.0,healthy,0.0,1.0,scenario_rapid_throttle_transition,scenario_rapid_throttle_transition.csv,0,rapid_throttle_transition,0
1780420423.75,423.75,580.7980562879123,0.7980562879123575,580.6780562879123,0.0,10.911959303824377,10.433396604214382,45.64026807176672,-1.5905068527991448,2.2652418888354067,45.64026807176672,0.40887959190344647,3283.360681460798,806.2352432513825,80.97573531289024,47.33919985362745,3.097444015516544,8.78517203009441,0.9515561572305572,12.375,2.311,100.0,healthy,0.0,1.0,scenario_rapid_throttle_transition,scenario_rapid_throttle_transition.csv,0,rapid_throttle_transition,0
1780420424.0,424.0,583.5063190401412,3.506319040141178,583.3863190401412,0.0,10.956633817761695,10.852860810909783,48.63290984318826,-0.905701969428373,2.5816135546302514,48.63290984318826,0.4083304976251146,3659.835574174038,753.9450996602432,62.18418129735002,44.19834798321753,2.67261160671634,9.395615190013283,0.9312730436743674,12.581,2.318,100.0,healthy,0.0,1.0,scenario_rapid_throttle_transition,scenario_rapid_throttle_transition.csv,0,rapid_throttle_transition,0
1780420424.25,424.25,584.3577056266163,4.357705626616269,584.2377056266163,0.0,11.018438969025077,10.508254685421146,51.83653280339425,-1.374086620343951,2.0766848338828665,51.83653280339425,0.4084030239705094,3166.5821665829803,709.4613136436195,91.95693408376667,57.47558172137931,2.6999623125466434,6.721510915625369,0.9445764959964825,12.465,2.213,100.0,healthy,0.0,1.0,scenario_rapid_throttle_transition,scenario_rapid_throttle_transition.csv,0,rapid_throttle_transition,0
1780420424.5,424.5,580.0,0.0,579.88,0.0,11.040124371558983,11.382537925402358,57.516377742444575,-1.4467628066299834,1.3065364454257822,57.516377742444575,0.41182858709991904,2771.344854598963,752.0257838776911,104.4059754808799,22.527059371179107,2.92138639444965,10.093422637378508,0.9880714975097652,12.546,2.162,100.0,healthy,0.0,1.0,scenario_rapid_throttle_transition,scenario_rapid_throttle_transition.csv,0,rapid_throttle_transition,0
1780420424.75,424.75,580.2830548771622,0.28305487716221434,580.1630548771622,0.0,11.088726159657403,11.441950343397714,42.28897430056111,-0.8094451016555018,3.4221888788629657,42.28897430056111,0.4097829235195253,3473.3683850849425,761.1703916205646,98.68016766790717,40.38690687603331,3.2151809296604257,6.726007218132825,1.0916657326743722,12.482,2.131,100.0,healthy,0.0,1.0,scenario_rapid_throttle_transition,scenario_rapid_throttle_transition.csv,0,rapid_throttle_transition,0
1780420425.0,425.0,580.0,0.0,579.88,0.0,11.161380292917904,11.428917673870124,49.58479709300193,-1.158315675640028,1.4609574382436055,49.58479709300193,0.4133239817651237,3398.573529037847,749.1637242134352,69.59123743989325,40.990789078328504,3.133083479030536,12.455658946883073,0.9877459645950468,12.502,2.263,100.0,healthy,0.0,1.0,scenario_rapid_throttle_transition,scenario_rapid_throttle_transition.csv,0,rapid_throttle_transition,0
1780420425.25,425.25,580.0,0.0,579.88,0.0,11.193326765382134,11.024303034251792,48.21351914130964,-0.5810626740872458,1.5014737896050416,48.21351914130964,0.41107425304089884,4677.827488255904,763.354690998745,94.86784340667508,65.09862060174885,2.801336178506478,6.085007204615957,0.9360401370623953,12.391,2.195,100.0,healthy,0.0,1.0,scenario_rapid_throttle_transition,scenario_rapid_throttle_transition.csv,0,rapid_throttle_transition,0
1780420425.5,425.5,581.8125356694064,1.812535669406408,581.6925356694064,0.0,11.186060128073969,10.851326453891458,47.54735996110749,-3.369770993138227,2.1271518219639383,47.54735996110749,0.4150659715818405,2804.1486280833237,734.9039344098888,68.1559548065796,46.15641960219898,2.8029193021190326,9.94618670184874,0.8580954146949734,12.548,2.324,100.0,healthy,0.0,1.0,scenario_rapid_throttle_transition,scenario_rapid_throttle_transition.csv,0,rapid_throttle_transition,0
1780420425.75,425.75,580.5610677605132,0.5610677605132389,580.4410677605132,0.0,11.204185353839481,10.671423669455965,49.955941361487916,0.1678968974460383,2.531114259021826,49.955941361487916,0.41849248632790625,3194.15926061612,749.9797279824649,94.26603307964535,76.96394919792101,3.343325691429464,10.819826658601011,0.8530488611098873,12.466,2.12,100.0,healthy,0.0,1.0,scenario_rapid_throttle_transition,scenario_rapid_throttle_transition.csv,0,rapid_throttle_transition,0
1780420426.0,426.0,580.0,0.0,579.88,0.0,11.283653084781193,11.44826825665346,58.96236195871012,-0.846755180089491,1.1753469605422742,58.96236195871012,0.4190621237953488,3181.2831689435907,789.1173714513128,73.75468744101653,64.64533664575092,2.529853355892631,7.855915252184847,0.8980730765307996,12.491,2.343,100.0,healthy,0.0,1.0,scenario_rapid_throttle_transition,scenario_rapid_throttle_transition.csv,0,rapid_throttle_transition,0
1780420426.25,426.25,581.8362917895535,1.8362917895535107,581.7162917895535,0.0,11.32610034920514,11.725056124124016,46.062290378936794,-1.3315047071652675,1.464706647825396,46.062290378936794,0.41661176930771454,3012.129127599117,721.6452405456081,82.76217314016684,69.21674124752701,3.192464361457588,5.390342094069741,1.0555624112585553,12.498,2.249,100.0,healthy,0.0,1.0,scenario_rapid_throttle_transition,scenario_rapid_throttle_transition.csv,0,rapid_throttle_transition,0
1780420426.5,426.5,580.0,0.0,579.88,0.0,11.334740457803454,10.847814962169403,49.86432184735855,-1.2373368808709546,1.5178172717591978,49.86432184735855,0.41988587311465103,3524.0668570502085,776.745748786858,116.16889704012439,71.76076160236863,3.162243409186478,6.7792404518559195,0.9335753458304874,12.471,2.246,100.0,healthy,0.0,1.0,scenario_rapid_throttle_transition,scenario_rapid_throttle_transition.csv,0,rapid_throttle_transition,0
1780420426.75,426.75,582.7557631752763,2.7557631752762894,582.6357631752763,0.0,11.37311527124451,11.561919696463608,51.24390704132172,-2.0368687540012846,1.5513607606306763,51.24390704132172,0.42169395694348183,3717.0267148393505,759.1377562321242,76.86791190346757,64.2587756346334,3.0867942733212717,13.281815118445644,0.9722638778814683,12.441,2.346,100.0,healthy,0.0,1.0,scenario_rapid_throttle_transition,scenario_rapid_throttle_transition.csv,0,rapid_throttle_transition,0
1780420427.0,427.0,580.0,0.0,579.88,0.0,11.41748963500577,10.989184128156054,51.642499998001185,-0.9708701248126355,1.5675017034622014,51.642499998001185,0.41761833647339414,4258.546891172562,755.4986093135019,92.26480760675626,34.405299113980504,2.7468459828360947,9.997214841639185,0.9624070385951495,12.38,2.107,100.0,healthy,0.0,1.0,scenario_rapid_throttle_transition,scenario_rapid_throttle_transition.csv,0,rapid_throttle_transition,0
1780420427.25,427.25,580.0,0.0,579.88,0.0,11.428409200841546,10.880978413271976,40.699203129217416,1.407810817435578,2.40426822695899,40.699203129217416,0.4185251422969591,3531.0125273083486,795.6067944901919,68.15211756711372,51.21181919680519,3.2750109120194684,8.89210409364607,0.907888341106436,12.492,2.286,100.0,healthy,0.0,1.0,scenario_rapid_throttle_transition,scenario_rapid_throttle_transition.csv,0,rapid_throttle_transition,0
1780420427.5,427.5,580.0,0.0,579.88,0.0,11.438979938152963,11.58516023927189,50.57432517000495,-0.6846023911091255,1.56623549540164,50.57432517000495,0.420176850019194,3306.2197010074883,805.1619086114798,100.49075590826591,63.335670200014576,3.195218362601875,9.563217919879687,0.9851863461713858,12.455,2.333,100.0,healthy,0.0,1.0,scenario_rapid_throttle_transition,scenario_rapid_throttle_transition.csv,0,rapid_throttle_transition,0
1780420427.75,427.75,580.9351762569503,0.9351762569502783,580.8151762569503,0.0,11.411255602283886,11.232429138082994,48.96358962992166,0.20149402236981762,1.9009479080976217,48.96358962992166,0.4207765747622434,4243.445620912354,791.6058749619741,62.6500555145093,65.83018045461259,2.9897405630532012,10.275145215717133,1.0383720616816983,12.502,2.132,100.0,healthy,0.0,1.0,scenario_rapid_throttle_transition,scenario_rapid_throttle_transition.csv,0,rapid_throttle_transition,0
1780420428.0,428.0,580.3727392073208,0.37273920732079646,580.2527392073208,0.0,11.456483204053246,11.07316742069318,45.45725191542653,0.8280031101685751,0.511898582191201,45.45725191542653,0.4235621242466878,3057.5714218268536,792.3592425607558,91.61001886665345,63.824669652814336,2.6787130943626103,8.368733317770035,0.9244780130199539,12.517,2.132,100.0,healthy,0.0,1.0,scenario_rapid_throttle_transition,scenario_rapid_throttle_transition.csv,0,rapid_throttle_transition,0
1780420428.25,428.25,580.0,0.0,579.88,0.0,11.506157322691497,11.01643859599419,54.43615880851273,-1.6026154087199131,1.37170290229457,54.43615880851273,0.4211241866196683,2970.3435361299566,762.5885791599521,121.72357635392241,63.1094796646502,2.455327097388987,6.731872416006814,0.9882711203244823,12.495,2.183,100.0,healthy,0.0,1.0,scenario_rapid_throttle_transition,scenario_rapid_throttle_transition.csv,0,rapid_throttle_transition,0
1780420428.5,428.5,581.9602803699419,1.9602803699418154,581.8402803699419,0.0,11.502905046368083,11.814545690270581,43.50599810181887,-1.6785050281072866,1.0530166442045383,43.50599810181887,0.4172225882436499,3033.4029021276465,754.6443720888461,69.19202336034962,69.81141549456666,3.2232839418441084,10.858354318770765,0.902133568529864,12.446,2.3,100.0,healthy,0.0,1.0,scenario_rapid_throttle_transition,scenario_rapid_throttle_transition.csv,0,rapid_throttle_transition,0
1780420428.75,428.75,581.3475784041226,1.347578404122591,581.2275784041226,0.0,11.544561238222451,11.990555889172812,50.7580547701951,-1.0722596820788384,1.8178847729267575,50.7580547701951,0.41713436527426845,3818.0887446558872,787.2639319819541,92.42793660087878,62.375630351463606,3.075339414489667,9.423989257337198,0.8720268531847487,12.537,2.222,100.0,healthy,0.0,1.0,scenario_rapid_throttle_transition,scenario_rapid_throttle_transition.csv,0,rapid_throttle_transition,0
1780420429.0,429.0,582.6303989179196,2.6303989179196208,582.5103989179196,0.0,11.529434543885504,11.784792987642845,49.20355362756596,-1.2939537505553775,0.5018383370412176,49.20355362756596,0.41342974512850317,3260.9669692312145,795.6090092539877,76.04346094856655,56.190091085469284,2.7448350908374612,8.372748290560533,0.8569345907915474,12.472,2.297,100.0,healthy,0.0,1.0,scenario_rapid_throttle_transition,scenario_rapid_throttle_transition.csv,0,rapid_throttle_transition,0
1780420429.25,429.25,580.8857484109741,0.8857484109740322,580.7657484109741,0.0,11.602771631973294,12.16856803384518,54.305104157911586,-0.5974532214125947,1.768775137757959,54.305104157911586,0.4176955376620165,4128.655326863476,764.8007958497961,92.75684899126631,40.00297184698317,2.7762638279986263,11.944761169278907,1.035373112260516,12.541,2.219,100.0,healthy,0.0,1.0,scenario_rapid_throttle_transition,scenario_rapid_throttle_transition.csv,0,rapid_throttle_transition,0
1780420429.5,429.5,580.5405189235989,0.5405189235989047,580.4205189235989,0.0,11.633364169989733,11.293663284819637,46.47052239119373,0.241044094812788,1.462842040930904,46.47052239119373,0.41556685035360585,3635.931613301762,795.6601677949295,96.81913624967342,52.847584930338314,2.820650123483463,10.216810644054192,0.8655859143370704,12.428,2.078,100.0,healthy,0.0,1.0,scenario_rapid_throttle_transition,scenario_rapid_throttle_transition.csv,0,rapid_throttle_transition,0
1780420429.75,429.75,580.0,0.0,579.88,0.0,11.71417849877363,11.258064209503912,50.14087605435267,-2.4888058232734513,1.8175709930379598,50.14087605435267,0.412152422674944,4177.76577378312,763.5428968184015,56.31559001842918,61.2806493581233,3.172177238398745,8.964259518038801,0.8993940082745362,12.546,2.132,100.0,healthy,0.0,1.0,scenario_rapid_throttle_transition,scenario_rapid_throttle_transition.csv,0,rapid_throttle_transition,0
1780420430.0,430.0,581.0656404011891,1.0656404011891005,580.945640401189,0.0,11.70122501628102,11.838343162559658,48.95489592261579,-0.04529108787248409,1.4173758564042496,48.95489592261579,0.41296718905108615,3609.100694596915,800.9130338289036,67.71112108840548,21.944942307774745,2.9743545985769497,7.904025717500208,0.9028994728499468,12.436,2.305,100.0,healthy,0.0,1.0,scenario_rapid_throttle_transition,scenario_rapid_throttle_transition.csv,0,rapid_throttle_transition,0
1780420430.25,430.25,580.0,0.0,579.88,0.0,11.6757147648355,11.479582507149491,48.48670752445653,-0.6431725913136216,1.7856198317587004,48.48670752445653,0.4162049001329184,3750.2064610032608,768.0033164262106,68.72404795866353,46.425457931390355,2.7269471309817037,12.127628410877072,0.859613463503779,12.484,2.222,100.0,healthy,0.0,1.0,scenario_rapid_throttle_transition,scenario_rapid_throttle_transition.csv,0,rapid_throttle_transition,0
1780420430.5,430.5,580.806437334107,0.806437334107095,580.686437334107,0.0,11.752575957185208,11.656606284212785,48.332461111868945,-0.1834168489432817,1.4279752889592467,48.332461111868945,0.4202195529314908,3603.1971905020373,777.618095797911,70.97220056831321,71.11728353538204,2.9517187572975785,10.9356761429527,0.8886342697496991,12.487,2.252,100.0,healthy,0.0,1.0,scenario_rapid_throttle_transition,scenario_rapid_throttle_transition.csv,0,rapid_throttle_transition,0
1780420430.75,430.75,580.0,0.0,579.88,0.0,11.782673420100467,12.348961595055632,50.78827930831459,-0.07661860967334971,2.079646322186051,50.78827930831459,0.42223789468249806,3525.3970790666012,834.6474206664037,78.83009520652232,47.310130204492715,2.52757626695075,12.074782596198515,0.8536189174839753,12.49,2.201,100.0,healthy,0.0,1.0,scenario_rapid_throttle_transition,scenario_rapid_throttle_transition.csv,0,rapid_throttle_transition,0
1780420431.0,431.0,580.0236688964961,0.023668896496121278,579.9036688964961,0.0,11.752773350650276,11.52423919491499,46.68527625503171,0.022184939288782846,0.5384359282921902,46.68527625503171,0.4258027052936822,2778.1684179045137,740.8503426302195,75.10291060716601,47.92441844745552,2.3483920631879114,12.08614260008674,0.8633247559404721,12.586,2.262,100.0,healthy,0.0,1.0,scenario_rapid_throttle_transition,scenario_rapid_throttle_transition.csv,0,rapid_throttle_transition,0
1780420431.25,431.25,580.0,0.0,579.88,0.0,11.837260672877408,12.108177908144496,47.27982459771101,-0.6233173284185675,2.3761294199049265,47.27982459771101,0.42346622605600526,3748.8696587035092,752.8411433975504,90.17609366367635,55.25758393106065,3.3383797083609785,12.605295986220474,0.9538836443872377,12.529,2.316,100.0,healthy,0.0,1.0,scenario_rapid_throttle_transition,scenario_rapid_throttle_transition.csv,0,rapid_throttle_transition,0
1780420431.5,431.5,581.5404771043128,1.540477104312802,581.4204771043128,0.0,11.917375739100978,12.054751920350565,44.43243071627423,-0.1262640117334793,0.5807285378341321,44.43243071627423,0.4204719219292012,3542.078522764437,760.8232705603788,87.45389805498338,56.623191653144,3.227587285680776,11.048740998597747,0.9279694051545473,12.48,2.23,100.0,healthy,0.0,1.0,scenario_rapid_throttle_transition,scenario_rapid_throttle_transition.csv,0,rapid_throttle_transition,0
1780420431.75,431.75,580.0,0.0,579.88,0.0,11.980112858584286,12.560077417468529,44.031573724677585,-0.47050765428217467,1.3461813047437066,44.031573724677585,0.41759051119504836,2731.641527435265,768.6328471580117,62.0369002553325,50.293804112603794,2.4896553640517087,12.485308399734512,1.0401008138158432,12.445,2.13,100.0,healthy,0.0,1.0,scenario_rapid_throttle_transition,scenario_rapid_throttle_transition.csv,0,rapid_throttle_transition,0
1780420432.0,432.0,582.8434507403174,2.843450740317384,582.7234507403174,0.0,12.050163016464188,12.377431341073073,52.7102271570145,1.1654405943429618,1.5774483429193222,52.7102271570145,0.41587958480709775,3355.7254035346755,707.1358113611176,87.12302390661996,47.85501145470186,3.1694253267122283,9.779963315049907,0.8465833985851552,12.546,2.27,100.0,healthy,0.0,1.0,scenario_rapid_throttle_transition,scenario_rapid_throttle_transition.csv,0,rapid_throttle_transition,0
1780420432.25,432.25,580.0,0.0,579.88,0.0,12.088494314188734,11.771727215221881,48.368355711633086,0.5862221005923174,1.7067349130835368,48.368355711633086,0.41501349877362154,2681.0348420384116,790.9256945370641,61.569637249796486,51.95337979868138,2.563862716844496,10.082145615422393,0.9541177085734953,12.484,2.495,100.0,healthy,0.0,1.0,scenario_rapid_throttle_transition,scenario_rapid_throttle_transition.csv,0,rapid_throttle_transition,0
1780420432.5,432.5,581.0564424950168,1.05644249501672,580.9364424950168,0.0,12.107738107582502,11.717978969490252,57.16841806195111,-1.6186155235511015,0.9012103997557708,57.16841806195111,0.4181112153713839,3428.3172186727584,772.2307239282327,79.46908936285283,42.37730286335882,3.144011841695073,7.78375564649374,0.9812182620662009,12.486,2.331,100.0,healthy,0.0,1.0,scenario_rapid_throttle_transition,scenario_rapid_throttle_transition.csv,0,rapid_throttle_transition,0
1780420432.75,432.75,580.0,0.0,579.88,0.0,12.099110573988034,11.6009458015799,39.960877647172005,-0.9158517175506258,1.5891435448188758,39.960877647172005,0.42009677335187284,3320.4844578218394,770.9589062510425,55.04752829490625,61.110361433672765,3.229513150742676,10.583856287243426,0.8338889132267499,12.45,2.091,100.0,healthy,0.0,1.0,scenario_rapid_throttle_transition,scenario_rapid_throttle_transition.csv,0,rapid_throttle_transition,0
1780420433.0,433.0,580.0,0.0,579.88,0.0,14.158942712702094,14.001855783008855,47.651211096477596,1.2952111127750685,1.2435581530322963,47.651211096477596,0.7544752259968392,3807.833793721056,827.7474757450271,80.49173124721167,42.85737992226615,3.60786601141583,11.270120571406546,0.9616032301802081,12.403,3.239,100.0,healthy,0.0,1.0,scenario_rapid_throttle_transition,scenario_rapid_throttle_transition.csv,0,rapid_throttle_transition,0
1780420433.25,433.25,580.0,0.0,579.88,0.0,14.234664496135746,14.058099149933092,47.883715074956804,0.051421114277094664,0.9401347159998625,47.883715074956804,0.7553089762836807,3070.314247724218,838.8229901295463,87.5930558614883,70.50539192726384,3.146204070683943,14.482805682057204,0.966755652148215,12.506,3.094,100.0,healthy,0.0,1.0,scenario_rapid_throttle_transition,scenario_rapid_throttle_transition.csv,0,rapid_throttle_transition,0
1780420433.5,433.5,580.0,0.0,579.88,0.0,14.24976049215368,14.823318847119268,47.71978430267534,1.2015135164263864,1.752779940867609,47.71978430267534,0.7537393883905357,4107.530873104523,787.3762723644895,58.64776174949928,56.9044322672359,3.1917376919700646,13.85418927352668,1.0049891986144195,12.363,3.068,100.0,healthy,0.0,1.0,scenario_rapid_throttle_transition,scenario_rapid_throttle_transition.csv,0,rapid_throttle_transition,0
1780420433.75,433.75,580.0,0.0,579.88,0.0,14.272340709394177,13.860217837859759,50.90852436008359,-0.17117034736347092,1.4299035216083937,50.90852436008359,0.7562143588874121,3731.948397123291,848.7618284249455,60.0467711214671,62.20822861793065,3.880619917764363,16.618752054899023,0.9533872445321672,12.409,2.942,100.0,healthy,0.0,1.0,scenario_rapid_throttle_transition,scenario_rapid_throttle_transition.csv,0,rapid_throttle_transition,0
1780420434.0,434.0,580.186579047405,0.18657904740490908,580.066579047405,0.0,14.319891903318508,13.973640740987607,53.54766587991065,-0.012827439735181231,2.1173146054110137,53.54766587991065,0.7595490016896115,4537.667228809156,805.3784911475092,66.8971191942573,71.89570026423155,4.478318462894667,14.058347162422717,0.9006349765913682,12.51,3.04,100.0,healthy,0.0,1.0,scenario_rapid_throttle_transition,scenario_rapid_throttle_transition.csv,0,rapid_throttle_transition,0
1780420434.25,434.25,580.0,0.0,579.88,0.0,14.393028021485542,14.071621657445917,47.442497320848055,1.213554043010686,0.12583947501445492,47.442497320848055,0.7612957516894319,4647.1956842833215,824.2924873574211,84.53842305558226,60.21427275834974,4.376953541148342,11.418483807493729,0.8494859142332953,12.34,3.153,100.0,healthy,0.0,1.0,scenario_rapid_throttle_transition,scenario_rapid_throttle_transition.csv,0,rapid_throttle_transition,0
1780420434.5,434.5,580.2854681237494,0.2854681237494247,580.1654681237494,0.0,14.459987103122979,14.148821547595592,42.33885170032563,-0.3060681688833403,0.40423742313764266,42.33885170032563,0.7625297110967486,4468.2054952360395,839.6903715997142,103.99234483364624,56.11328620721371,3.461087928582678,14.391267216510775,0.9988371158836412,12.53,3.26,100.0,healthy,0.0,1.0,scenario_rapid_throttle_transition,scenario_rapid_throttle_transition.csv,0,rapid_throttle_transition,0
1780420434.75,434.75,580.0,0.0,579.88,0.0,14.467097619712693,14.565027976756491,45.00690102059521,-0.3897331495634938,0.9183790713848197,45.00690102059521,0.7593095665437505,3476.06724744072,873.4471063922429,75.31013664290181,59.70154880893338,4.470455069396179,18.019766670924653,0.974383256436062,12.531,3.159,100.0,healthy,0.0,1.0,scenario_rapid_throttle_transition,scenario_rapid_throttle_transition.csv,0,rapid_throttle_transition,0
1780420435.0,435.0,580.0,0.0,579.88,0.0,14.498529142007825,14.46511197843192,47.963738405862664,1.229023227491552,1.3189358488890985,47.963738405862664,0.7611684134702553,4210.737775721469,850.7265701005215,79.03203398119744,73.6981600726606,4.152490997947865,20.1563938248764,0.9442170433786085,12.532,3.253,100.0,healthy,0.0,1.0,scenario_rapid_throttle_transition,scenario_rapid_throttle_transition.csv,0,rapid_throttle_transition,0
1780420435.25,435.25,580.0,0.0,579.88,0.0,14.576451835867713,14.129399611336117,54.48051573244121,0.5654621003604511,1.16763268840041,54.48051573244121,0.7612017653515187,4645.887874739172,863.1854438251873,144.28411700492353,57.12223942530313,3.9715549335760443,16.079016385414334,0.9187130798088223,12.406,2.983,100.0,healthy,0.0,1.0,scenario_rapid_throttle_transition,scenario_rapid_throttle_transition.csv,0,rapid_throttle_transition,0
1780420435.5,435.5,581.2938657995545,1.29386579955456,581.1738657995545,0.0,14.597352135797047,14.36389311981479,52.3869613400495,0.40383442626415045,0.5542890108250685,52.3869613400495,0.7573941099386353,4813.194622403063,879.927020819734,95.73247321136456,67.41213607031861,4.038576433387676,15.235648858546304,1.1753993373720877,12.432,3.11,100.0,healthy,0.0,1.0,scenario_rapid_throttle_transition,scenario_rapid_throttle_transition.csv,0,rapid_throttle_transition,0
1780420435.75,435.75,580.6589945489205,0.6589945489204854,580.5389945489205,0.0,14.650522183551821,14.830824606414364,48.5470653671055,-0.17597737501382815,2.037004527132774,48.5470653671055,0.7557278186431338,4077.798221017695,908.9802916893004,80.15430374763535,56.030639364690515,3.8174850013273014,18.018501457325126,1.0854764536551262,12.483,3.201,100.0,healthy,0.0,1.0,scenario_rapid_throttle_transition,scenario_rapid_throttle_transition.csv,0,rapid_throttle_transition,0
1780420436.0,436.0,580.437354175364,0.4373541753640102,580.317354175364,0.0,14.627379620777466,14.912409764213319,52.55600601537484,0.4445755769985732,0.8420363891972613,52.55600601537484,0.7528870645410857,4959.135059591343,865.794592464002,75.9756227922346,62.27163013783731,4.198523640001908,15.306865027050556,1.0598495574134008,12.445,3.109,100.0,healthy,0.0,1.0,scenario_rapid_throttle_transition,scenario_rapid_throttle_transition.csv,0,rapid_throttle_transition,0
1780420436.25,436.25,580.5697868736415,0.5697868736415772,580.4497868736415,0.0,14.648995984744598,14.723723910447102,51.39435605414006,0.7898433872090087,0.16305282936857712,51.39435605414006,0.7531938906245813,4736.048837199191,878.276917914531,99.25451751899445,51.10663724614189,4.8445220147622905,18.008585370529737,0.9009928224561932,12.446,3.23,100.0,healthy,0.0,1.0,scenario_rapid_throttle_transition,scenario_rapid_throttle_transition.csv,0,rapid_throttle_transition,0
1780420436.5,436.5,580.0,0.0,579.88,0.0,14.691720732302336,15.394608703021651,51.59939702484847,1.361176726628369,1.3405425298365867,51.59939702484847,0.7509838173913984,4106.436736640627,861.1264303975044,99.32984408992793,38.67666459896074,3.9662361174949714,19.373695643300714,0.8556464664282752,12.387,3.013,100.0,healthy,0.0,1.0,scenario_rapid_throttle_transition,scenario_rapid_throttle_transition.csv,0,rapid_throttle_transition,0
1780420436.75,436.75,581.0931533050643,1.093153305064381,580.9731533050643,0.0,14.708167778862355,15.010704189791792,52.51762803113997,0.031192504258302,1.616545826259709,52.51762803113997,0.7506315888261318,4475.708001355652,849.7994041297526,80.17719498862328,72.05097552260382,4.133255314721564,14.484036933346722,1.1077515884609463,12.393,3.128,100.0,healthy,0.0,1.0,scenario_rapid_throttle_transition,scenario_rapid_throttle_transition.csv,0,rapid_throttle_transition,0
1780420437.0,437.0,581.7715582392312,1.7715582392312743,581.6515582392312,0.0,14.740763957838261,15.217599033354242,47.82406208747629,0.35857074071042455,0.7696373547373012,47.82406208747629,0.7518900096283694,4876.214146054853,836.1550993448927,96.67276110383274,54.00730719928706,4.347624268464933,18.989855144375458,1.10553137010758,12.459,3.016,100.0,healthy,0.0,1.0,scenario_rapid_throttle_transition,scenario_rapid_throttle_transition.csv,0,rapid_throttle_transition,0
1780420437.25,437.25,581.5617462169652,1.5617462169651453,581.4417462169652,0.0,14.754372570593072,14.569241700077342,52.73743769581671,0.974021639205243,1.9692808848382501,52.73743769581671,0.7523990179311295,4061.4636329460536,833.2416080828497,66.59711111458279,82.93716630693092,4.777674709104504,19.468632288286535,0.9343193210101105,12.44,3.1,100.0,healthy,0.0,1.0,scenario_rapid_throttle_transition,scenario_rapid_throttle_transition.csv,0,rapid_throttle_transition,0
1780420437.5,437.5,580.0,0.0,579.88,0.0,14.817551895400884,14.386042722510599,51.54686558867653,0.07072694299105303,1.867428251376604,51.54686558867653,0.7505479225273421,5333.751660184349,870.9200344806767,97.84861727387899,61.990995452261245,3.9812702651386473,11.806427003437907,0.9786934420043665,12.458,2.972,100.0,healthy,0.0,1.0,scenario_rapid_throttle_transition,scenario_rapid_throttle_transition.csv,0,rapid_throttle_transition,0
1780420437.75,437.75,580.0,0.0,579.88,0.0,14.799573081585184,14.292763625886083,53.244147658141124,-0.42009928923348394,0.6594766913941752,53.244147658141124,0.7493776412129649,4948.95851246586,867.5141558223219,101.38366446339596,52.40333226134104,3.7246467760078072,17.384840132979942,0.8516183237645254,12.523,2.989,100.0,healthy,0.0,1.0,scenario_rapid_throttle_transition,scenario_rapid_throttle_transition.csv,0,rapid_throttle_transition,0
1780420438.0,438.0,580.0,0.0,579.88,0.0,14.786006116411313,15.01129718940859,46.607683566195966,0.9289518316708794,1.6309256772531242,46.607683566195966,0.7519226724824882,4942.338034648045,848.4405412118454,85.56858069927755,64.87606374799756,4.212568480813206,16.95093116323317,1.0970365778637674,12.46,3.048,100.0,healthy,0.0,1.0,scenario_rapid_throttle_transition,scenario_rapid_throttle_transition.csv,0,rapid_throttle_transition,0
1780420438.25,438.25,581.8518106311035,1.8518106311034805,581.7318106311035,0.0,14.830389169981867,15.320674110317135,52.99918876389444,1.0952862819250047,1.2304890199049139,52.99918876389444,0.7517202964044343,4813.347866889104,831.103093661218,97.59017755259178,81.17826679684828,3.75720657914145,21.26618867817652,0.8813985244333433,12.446,3.056,100.0,healthy,0.0,1.0,scenario_rapid_throttle_transition,scenario_rapid_throttle_transition.csv,0,rapid_throttle_transition,0
1780420438.5,438.5,580.8728926723903,0.8728926723903211,580.7528926723903,0.0,14.926691183827447,14.789890859284666,46.66721468694256,0.6274375674564483,1.0391265705724773,46.66721468694256,0.7499307172559921,4309.150934096272,883.4563100980854,110.5914941276656,67.94002795251896,3.832320276314267,18.429168944299846,0.9289276486209643,12.403,3.068,100.0,healthy,0.0,1.0,scenario_rapid_throttle_transition,scenario_rapid_throttle_transition.csv,0,rapid_throttle_transition,0
1780420438.75,438.75,580.2431239821329,0.24312398213293673,580.1231239821329,0.0,14.998143595244684,14.990371622201552,46.90037116535174,-0.17882557706853086,1.213214984711108,46.90037116535174,0.7511210684205458,4701.048670150245,865.7074187770133,107.57429307661513,45.45857481221088,3.6019469590127806,18.65008516450673,0.9999712850255028,12.478,3.035,100.0,healthy,0.0,1.0,scenario_rapid_throttle_transition,scenario_rapid_throttle_transition.csv,0,rapid_throttle_transition,0
1780420439.0,439.0,581.6585767989112,1.6585767989111724,581.5385767989112,0.0,15.064416724489824,14.994759273429159,46.786063836849905,0.884170095952141,0.5091655677137935,46.786063836849905,0.7523829840326489,4676.4568350143945,847.2477716685146,89.90195778727116,77.8900761914043,4.146673743235556,16.551389527724343,0.9594895011127762,12.416,3.149,100.0,healthy,0.0,1.0,scenario_rapid_throttle_transition,scenario_rapid_throttle_transition.csv,0,rapid_throttle_transition,0
1780420439.25,439.25,580.0081511248984,0.008151124898399253,579.8881511248984,0.0,15.047428425654735,15.036431162143094,52.56673942580245,0.6985989758575615,1.6689116651423554,52.56673942580245,0.756423418042713,5188.214750384737,873.435245821617,89.17169110000926,49.19978498031847,4.4388784417122285,16.31758541520248,0.870329112322404,12.373,2.902,100.0,healthy,0.0,1.0,scenario_rapid_throttle_transition,scenario_rapid_throttle_transition.csv,0,rapid_throttle_transition,0
1780420439.5,439.5,580.0,0.0,579.88,0.0,15.065116474268903,15.57448870986944,51.37057184268067,1.1654152510342284,-0.18110294748862876,51.37057184268067,0.7540801342885486,4681.287404378994,835.9958331037756,110.74732660431545,66.22610944790806,3.823916815574164,11.997005812616727,0.9447755081262081,12.425,3.029,100.0,healthy,0.0,1.0,scenario_rapid_throttle_transition,scenario_rapid_throttle_transition.csv,0,rapid_throttle_transition,0
1780420439.75,439.75,580.0,0.0,579.88,0.0,15.058928684715893,15.215436530123535,50.4195113930374,0.6082263230834191,2.134636211397433,50.4195113930374,0.7527029118471653,4654.4703931868435,871.8841411002685,86.02334503429415,54.85387734951428,4.026820217724281,20.60583190148748,0.9878338416280323,12.509,3.063,100.0,healthy,0.0,1.0,scenario_rapid_throttle_transition,scenario_rapid_throttle_transition.csv,0,rapid_throttle_transition,0
1780420440.0,440.0,580.0,0.0,579.88,0.0,15.037876238714482,15.007106370704404,51.482927472816066,1.7822838208286917,1.2770995053589984,51.482927472816066,0.752599607726611,3917.865323745805,894.2725779400434,100.69619761781146,66.6112066676921,3.610235155104043,16.985446445518594,0.8682632059992185,12.381,3.258,100.0,healthy,0.0,1.0,scenario_rapid_throttle_transition,scenario_rapid_throttle_transition.csv,0,rapid_throttle_transition,0
1780420440.25,440.25,580.248949344222,0.2489493442219723,580.128949344222,0.0,15.046499612474767,15.760374105320462,51.190722157285805,0.46441132636251997,0.5687142558568095,51.190722157285805,0.7509284089675645,5038.654579128206,840.4519641297778,110.5571949988175,57.02584776096725,4.387356646432514,14.799213052668112,1.0862645377324032,12.542,3.202,100.0,healthy,0.0,1.0,scenario_rapid_throttle_transition,scenario_rapid_throttle_transition.csv,0,rapid_throttle_transition,0
1780420440.5,440.5,580.0,0.0,579.88,0.0,15.030491413082347,14.99074381585358,52.76480194076428,0.9126931509422077,0.6695442124526894,52.76480194076428,0.7535472601477168,4726.474427074379,863.827017873435,118.44010629388427,76.55191236936581,3.7918509437620522,20.027458154596307,1.025744039739185,12.34,3.103,100.0,healthy,0.0,1.0,scenario_rapid_throttle_transition,scenario_rapid_throttle_transition.csv,0,rapid_throttle_transition,0
1780420440.75,440.75,580.0,0.0,579.88,0.0,15.028743034811654,15.569921421250863,47.432263623699356,-0.2154386675861386,1.0861191126955108,47.432263623699356,0.7528389812133206,5391.196574095667,889.0824678538995,100.76378905499422,78.42963038975797,3.9190480317042846,20.543859814653917,0.9201539786484393,12.428,3.145,100.0,healthy,0.0,1.0,scenario_rapid_throttle_transition,scenario_rapid_throttle_transition.csv,0,rapid_throttle_transition,0
1780420441.0,441.0,580.61554688975,0.6155468897500319,580.49554688975,0.0,15.059023532100047,15.313444315396184,45.75382084267687,1.7608235227587736,0.18871893516873817,45.75382084267687,0.7556291981997796,5590.8723348624435,812.1334421908032,101.74308129569391,57.641021691439626,4.1561666211375945,15.278461181043246,0.9105824666507392,12.481,3.049,100.0,healthy,0.0,1.0,scenario_rapid_throttle_transition,scenario_rapid_throttle_transition.csv,0,rapid_throttle_transition,0
1780420441.25,441.25,580.0,0.0,579.88,0.0,15.076725673051444,14.669306500859047,51.21835896334709,1.325294784724895,1.5273727433053372,51.21835896334709,0.7596735160951585,4904.9037713218,856.2265916786439,142.41273708608819,73.06710687979187,3.519181721908207,21.31438652966962,1.096093585306252,12.396,3.135,100.0,healthy,0.0,1.0,scenario_rapid_throttle_transition,scenario_rapid_throttle_transition.csv,0,rapid_throttle_transition,0
1780420441.5,441.5,580.5947924279102,0.5947924279101691,580.4747924279102,0.0,15.159754218567047,15.56424946772176,49.489306831340066,0.9396724150661042,0.3581001538756844,49.489306831340066,0.7632163841708526,4883.3141229052335,832.2440027126047,82.42829338191908,72.7359481612333,4.12104550013383,12.638616428972103,1.0026892994861996,12.393,3.083,100.0,healthy,0.0,1.0,scenario_rapid_throttle_transition,scenario_rapid_throttle_transition.csv,0,rapid_throttle_transition,0
1780420441.75,441.75,581.2948031116249,1.2948031116249483,581.1748031116249,0.0,15.185826897280563,14.85666113621888,48.09659044842167,1.403458031685458,1.9620450663163478,48.09659044842167,0.7634079254931874,4734.526607219547,868.8336574364604,82.50088577899604,76.7417784355798,4.279816681705597,15.404352021416056,0.9393568869965636,12.49,3.135,100.0,healthy,0.0,1.0,scenario_rapid_throttle_transition,scenario_rapid_throttle_transition.csv,0,rapid_throttle_transition,0
1780420442.0,442.0,580.0,0.0,579.88,0.0,15.216775266278649,14.633303232235596,49.257944567587145,1.7621251566420648,0.6417560067240731,49.257944567587145,0.762773384001406,4325.056011304573,860.442617640842,93.42751622918595,71.28155332233553,3.9866330352753976,18.642407722990857,1.0554323821449976,12.429,3.078,100.0,healthy,0.0,1.0,scenario_rapid_throttle_transition,scenario_rapid_throttle_transition.csv,0,rapid_throttle_transition,0
1780420442.25,442.25,580.9662236775645,0.9662236775645154,580.8462236775645,0.0,15.217116171727634,15.714339693717692,51.76981661846112,0.8627198001942364,1.2385050692731037,51.76981661846112,0.765742944079817,4446.1458722703155,847.6516141568308,100.22639641750055,55.1526627632268,4.3441824836462235,10.618671523013681,0.9148151669541925,12.394,3.176,100.0,healthy,0.0,1.0,scenario_rapid_throttle_transition,scenario_rapid_throttle_transition.csv,0,rapid_throttle_transition,0
1780420442.5,442.5,580.0,0.0,579.88,0.0,15.310335592291747,14.950079147272074,56.62884156477687,-0.5207593180483918,1.5511590956598553,56.62884156477687,0.7646496513531463,4225.433179043259,887.7843790911196,88.81576928455115,53.09179991141563,4.192430233241449,17.284727993318008,1.0126186290494645,12.552,2.88,100.0,healthy,0.0,1.0,scenario_rapid_throttle_transition,scenario_rapid_throttle_transition.csv,0,rapid_throttle_transition,0
1780420442.75,442.75,580.0,0.0,579.88,0.0,15.402883331908539,14.731683776250325,49.886705925797884,1.583614871129766,-0.3327177820107049,49.886705925797884,0.7620908295380249,4848.852165658796,861.182846958562,136.05869120076935,75.56424793348678,3.8116433348001006,19.42469305179115,0.941093328939402,12.447,3.024,100.0,healthy,0.0,1.0,scenario_rapid_throttle_transition,scenario_rapid_throttle_transition.csv,0,rapid_throttle_transition,0
1780420443.0,443.0,583.0755047730485,3.075504773048498,582.9555047730485,0.0,15.41933472250976,15.700264092241849,41.534896429344684,1.3023690492349145,0.5680237087836567,41.534896429344684,0.7675012754587958,4783.343328989697,854.3410511056676,104.63300350597235,70.32170264875352,4.285177761506077,19.03633068053939,0.9667778824854213,12.435,3.211,100.0,healthy,0.0,1.0,scenario_rapid_throttle_transition,scenario_rapid_throttle_transition.csv,0,rapid_throttle_transition,0
1780420443.25,443.25,581.474485807505,1.4744858075049292,581.354485807505,0.0,15.466810619174828,15.495377797794408,42.30828005367388,-0.5750882089224767,1.273925449401211,42.30828005367388,0.7684023033969632,5038.9430649244205,828.0613253795284,98.61966761484568,65.49929647732044,4.328351599694568,18.26616231446162,0.9590505780211493,12.395,3.03,100.0,healthy,0.0,1.0,scenario_rapid_throttle_transition,scenario_rapid_throttle_transition.csv,0,rapid_throttle_transition,0
1780420443.5,443.5,580.0,0.0,579.88,0.0,15.508925964625547,16.276796738797152,54.05474557563585,1.5309692847021974,1.3976904072115448,54.05474557563585,0.7699495267830003,4506.514576714555,881.493232363844,99.53272272808508,78.0908973061518,3.918918741170138,18.15549905334796,1.0624461585768645,12.379,3.1,100.0,healthy,0.0,1.0,scenario_rapid_throttle_transition,scenario_rapid_throttle_transition.csv,0,rapid_throttle_transition,0
1780420443.75,443.75,583.1900613547233,3.1900613547232632,583.0700613547233,0.0,15.605398754128045,15.630262040013571,50.37466298831105,2.34121071409709,0.7064611545509073,50.37466298831105,0.7750428226469781,4584.484763754973,852.380094541841,64.68613951227024,52.167119461155366,4.390032842782706,14.26324729697394,1.2186293905939116,12.472,3.147,100.0,healthy,0.0,1.0,scenario_rapid_throttle_transition,scenario_rapid_throttle_transition.csv,0,rapid_throttle_transition,0
1780420444.0,444.0,580.5243270810464,0.52432708104636,580.4043270810464,0.0,15.7042511650166,16.18058847635195,49.98127587707689,2.452628343714545,1.3634802185036266,49.98127587707689,0.7740356147587091,4774.839780542445,900.6576100253161,92.23422727688482,62.11798543257217,4.266548345779999,15.687791563877216,1.1278444041305329,12.463,3.312,100.0,healthy,0.0,1.0,scenario_rapid_throttle_transition,scenario_rapid_throttle_transition.csv,0,rapid_throttle_transition,0
1780420444.25,444.25,580.5828336174629,0.5828336174629453,580.4628336174629,0.0,15.793755854360612,16.00802285343361,51.92936560936589,1.4348183863051205,1.3185974733297803,51.92936560936589,0.771430065849105,4469.800678422591,839.2970264508895,112.58002084741105,65.42828679941934,4.4107385483569646,19.59614824439424,1.0176333774304762,12.432,3.2,100.0,healthy,0.0,1.0,scenario_rapid_throttle_transition,scenario_rapid_throttle_transition.csv,0,rapid_throttle_transition,0
1780420444.5,444.5,580.0,0.0,579.88,0.0,15.818730982094168,16.410885822536198,54.837930083678614,1.972284278523471,0.5802607413369862,54.837930083678614,0.77030157021835,4522.365083354586,834.2823713887191,131.06440419732127,60.273500858106345,4.298520919432128,17.246147750061546,0.9044474085048334,12.493,3.14,100.0,healthy,0.0,1.0,scenario_rapid_throttle_transition,scenario_rapid_throttle_transition.csv,0,rapid_throttle_transition,0
1780420444.75,444.75,581.0855464556095,1.085546455609511,580.9655464556095,0.0,15.817147815479071,15.49891893047757,56.01189287909699,2.17169402478868,0.8836197808750962,56.01189287909699,0.7726173292906867,4676.310437927223,869.010450472387,88.51403982488924,79.89387120975142,3.85458984632498,13.98071802056905,1.014349592823519,12.401,3.048,100.0,healthy,0.0,1.0,scenario_rapid_throttle_transition,scenario_rapid_throttle_transition.csv,0,rapid_throttle_transition,0
1780420445.0,445.0,581.5708948397418,1.570894839741742,581.4508948397417,0.0,15.838894077443252,16.53286196488849,52.53925062347617,0.47634798218025076,0.8391024947103518,52.53925062347617,0.7738958625864344,4643.238083514941,898.9346794553578,111.62152769536407,66.52052195798186,4.379067030926497,17.161141011971072,1.0787905549872385,12.412,3.032,100.0,healthy,0.0,1.0,scenario_rapid_throttle_transition,scenario_rapid_throttle_transition.csv,0,rapid_throttle_transition,0
1780420445.25,445.25,581.9164359236576,1.9164359236576154,581.7964359236576,0.0,15.927819453521145,15.979769090370029,54.01909434668664,1.887641564386518,1.308531953438719,54.01909434668664,0.7713423902640725,4753.2367877561255,898.846176420817,87.62530198428519,49.36387525331487,4.672991545424452,14.769670548436606,0.9204377287269571,12.42,3.33,100.0,healthy,0.0,1.0,scenario_rapid_throttle_transition,scenario_rapid_throttle_transition.csv,0,rapid_throttle_transition,0
1780420445.5,445.5,580.8912570610919,0.891257061091937,580.7712570610919,0.0,15.90678722559549,16.297763571452357,48.21428557689724,1.8412484196344399,0.6718895894914977,48.21428557689724,0.7713476921703178,5111.053431474745,889.1647340389214,94.06262268899499,50.94115008712887,3.5617150952640966,16.60678437267318,0.8659829379877142,12.427,3.039,100.0,healthy,0.0,1.0,scenario_rapid_throttle_transition,scenario_rapid_throttle_transition.csv,0,rapid_throttle_transition,0
1780420445.75,445.75,580.7701326114026,0.7701326114025312,580.6501326114026,0.0,15.920487800413994,15.86121331857786,51.5355160346353,1.1102376348410457,-0.3484550187825829,51.5355160346353,0.7722689794135298,5024.684505164961,894.9445513063088,69.94935427319382,71.44403074124004,3.7887380598097127,21.23316809023394,1.1506644308624068,12.435,3.147,100.0,healthy,0.0,1.0,scenario_rapid_throttle_transition,scenario_rapid_throttle_transition.csv,0,rapid_throttle_transition,0
1780420446.0,446.0,580.0,0.0,579.88,0.0,15.901801384358647,15.459515411747258,48.21102394814882,0.7301581029215707,0.41325570709074866,48.21102394814882,0.771618575136142,5325.43140097124,879.0567414141254,78.76943100365074,62.92330017089894,4.076888022901946,18.07666214675096,1.0009468870923948,12.408,3.244,100.0,healthy,0.0,1.0,scenario_rapid_throttle_transition,scenario_rapid_throttle_transition.csv,0,rapid_throttle_transition,0
1780420446.25,446.25,580.0,0.0,579.88,0.0,15.971582306441773,15.262339708865797,46.51284374070994,2.0973103183139177,0.08566875877023272,46.51284374070994,0.7767757304205883,4372.947910956874,855.5714374994657,111.51689111217874,64.64690559702926,4.302511567587998,15.18631488841961,0.8757014257541786,12.421,3.222,100.0,healthy,0.0,1.0,scenario_rapid_throttle_transition,scenario_rapid_throttle_transition.csv,0,rapid_throttle_transition,0
1780420446.5,446.5,580.0,0.0,579.88,0.0,16.024278807371363,16.683837743157486,48.7565204007059,2.2470839552845563,1.1820284697189596,48.7565204007059,0.7767583897110024,5060.685591750841,945.0802797760784,111.83513561207103,63.43306177144408,3.806274384205409,14.65501335405634,1.040566020962679,12.471,3.137,100.0,healthy,0.0,1.0,scenario_rapid_throttle_transition,scenario_rapid_throttle_transition.csv,0,rapid_throttle_transition,0
1780420446.75,446.75,580.0,0.0,579.88,0.0,16.045387919465334,15.305178097943129,54.59668611232161,0.8604364251825086,0.27284557329652404,54.59668611232161,0.7817098454419661,5562.164677304477,849.7079372607235,142.58237293955406,52.39782887657307,4.145227565554716,17.340704004919775,0.9511531212195354,12.483,3.217,100.0,healthy,0.0,1.0,scenario_rapid_throttle_transition,scenario_rapid_throttle_transition.csv,0,rapid_throttle_transition,0
1780420447.0,447.0,580.0,0.0,579.88,0.0,16.092659548014066,16.694128399888985,55.25575506389256,1.1970840274912946,-0.24762848658827685,55.25575506389256,0.7863008441205436,5252.586684133047,874.3352360994267,88.95872092497274,63.59511400180591,4.442760967608023,16.19382196376036,0.9703276473908921,12.447,3.244,100.0,healthy,0.0,1.0,scenario_rapid_throttle_transition,scenario_rapid_throttle_transition.csv,0,rapid_throttle_transition,0
1780420447.25,447.25,581.9921862854474,1.9921862854473438,581.8721862854474,0.0,16.182389905055864,15.943293922848316,49.70254958654793,2.7899559720037477,0.9475123169587015,49.70254958654793,0.788161662632336,4823.2143200968785,881.4624130233377,92.21807925242737,72.53341605097474,4.0094148003576775,17.19751387483878,0.897553540705859,12.367,3.204,100.0,healthy,0.0,1.0,scenario_rapid_throttle_transition,scenario_rapid_throttle_transition.csv,0,rapid_throttle_transition,0
1780420447.5,447.5,581.8875128214416,1.8875128214416936,581.7675128214416,0.0,16.239175015800598,16.21999606348315,53.56576660870285,1.1300015544759165,0.7967113193672303,53.56576660870285,0.7847811520027482,4688.638111603434,890.0941765451425,105.02533880113106,64.19602158074406,3.9948010170311923,21.884099929691136,0.9782361483279148,12.451,3.146,100.0,healthy,0.0,1.0,scenario_rapid_throttle_transition,scenario_rapid_throttle_transition.csv,0,rapid_throttle_transition,0
1780420447.75,447.75,580.0,0.0,579.88,0.0,16.301486326403648,15.851313686491997,51.020588319123085,1.3882589651740431,0.515184539430733,51.020588319123085,0.7825317847630611,5028.639419975298,893.3216251646863,154.1951007483397,70.43316310277005,4.200565304734783,20.589911696472647,1.093234750469663,12.403,3.256,100.0,healthy,0.0,1.0,scenario_rapid_throttle_transition,scenario_rapid_throttle_transition.csv,0,rapid_throttle_transition,0
1780420448.0,448.0,582.113365246305,2.113365246305003,581.993365246305,0.0,16.382484085099467,16.224721064415892,48.65805176099707,2.631131169045436,0.7156380183768294,48.65805176099707,0.7799177102525513,3531.8087551813564,853.7727859410413,136.8574600783771,77.74876043705194,4.5312291268566245,17.254155775603866,1.0239342252101686,12.452,3.093,100.0,healthy,0.0,1.0,scenario_rapid_throttle_transition,scenario_rapid_throttle_transition.csv,0,rapid_throttle_transition,0
1780420448.25,448.25,581.3950973514094,1.3950973514093485,581.2750973514094,0.0,16.361463510239883,16.473287513956368,48.12031163339593,0.29983260201548,-0.13572241054874484,48.12031163339593,0.7832816250476681,4978.636790681119,871.8530796680617,127.27409762662178,59.20987118969468,3.933714423381929,15.64399346304641,1.0981949769193564,12.405,3.096,100.0,healthy,0.0,1.0,scenario_rapid_throttle_transition,scenario_rapid_throttle_transition.csv,0,rapid_throttle_transition,0
1780420448.5,448.5,581.5357673719492,1.5357673719491904,581.4157673719492,0.0,16.443770446253534,17.002597226947323,57.29804619278861,2.0532011742597374,-0.35532650816483025,57.29804619278861,0.7832237025982506,4642.78673500766,918.877810126441,105.50419255060713,62.227297993028394,3.810017183047715,16.756406808284012,0.9428314787735289,12.404,2.989,100.0,healthy,0.0,1.0,scenario_rapid_throttle_transition,scenario_rapid_throttle_transition.csv,0,rapid_throttle_transition,0
1780420448.75,448.75,580.0,0.0,579.88,0.0,16.431169620676624,15.73170444046636,44.09816696585028,2.012905889155716,-0.3941293648145647,44.09816696585028,0.7857965863784573,4230.926741880045,919.0285468083555,82.65582513639797,91.883221498698,4.8395548954464065,22.387966325415242,0.946406628520163,12.429,3.128,100.0,healthy,0.0,1.0,scenario_rapid_throttle_transition,scenario_rapid_throttle_transition.csv,0,rapid_throttle_transition,0
1780420449.0,449.0,580.0,0.0,579.88,0.0,16.482556620931824,16.439016767659236,45.30073235562215,2.0674368301751156,0.6623199241399071,45.30073235562215,0.7832257467113988,5044.1355266164055,905.0578178968145,129.44796537359747,66.05750565310134,4.170356056566365,16.100152708588695,1.0573701291631186,12.488,3.153,100.0,healthy,0.0,1.0,scenario_rapid_throttle_transition,scenario_rapid_throttle_transition.csv,0,rapid_throttle_transition,0
1780420449.25,449.25,584.0646695920273,4.064669592027239,583.9446695920273,0.0,16.550273564947616,17.175962168013836,57.151997760492634,1.8353754402921068,0.16939471077269136,57.151997760492634,0.7844867673550115,5180.990836116322,926.5298931885471,145.9705553191576,81.79504978635323,4.733582071301784,17.32278963340783,0.9520879666570545,12.424,3.321,100.0,healthy,0.0,1.0,scenario_rapid_throttle_transition,scenario_rapid_throttle_transition.csv,0,rapid_throttle_transition,0
1780420449.5,449.5,580.4358742652157,0.4358742652157437,580.3158742652157,0.0,16.54658446023718,16.31774091312461,43.36801212424677,3.054236965412176,0.9826001435732878,43.36801212424677,0.7829738613731443,4952.558241124769,864.2069755858734,93.78688672390152,56.891358659805775,4.488729311417887,18.22587261970518,1.0640147641957103,12.416,3.071,100.0,healthy,0.0,1.0,scenario_rapid_throttle_transition,scenario_rapid_throttle_transition.csv,0,rapid_throttle_transition,0
1780420449.75,449.75,580.1816819490724,0.18168194907246774,580.0616819490724,0.0,16.6072152759112,16.69637637192198,50.953222332275786,1.982321894409688,0.7427573836020227,50.953222332275786,0.7848008208955481,4959.948174600889,873.9982231570337,144.63677573697655,67.0943854840692,4.085942501885633,21.198965620741557,1.1405568887246396,12.339,3.023,100.0,healthy,0.0,1.0,scenario_rapid_throttle_transition,scenario_rapid_throttle_transition.csv,0,rapid_throttle_transition,0
1780420450.0,450.0,581.2363932549107,1.2363932549106653,581.1163932549107,0.0,16.60553609164931,16.924203865986623,45.58955159457474,2.2006950662362543,0.47143601886954456,45.58955159457474,0.78823520224144,4579.536758284512,951.3526104016851,126.83014990997961,73.32041281282852,3.9330948282886515,17.99519973432152,1.057956649553897,12.408,3.115,100.0,healthy,0.0,1.0,scenario_rapid_throttle_transition,scenario_rapid_throttle_transition.csv,0,rapid_throttle_transition,0
1780420450.25,450.25,580.6510859419152,0.651085941915172,580.5310859419152,0.0,16.681006915436296,16.83457730875532,51.46444228604593,2.0884794325801344,0.6056812080675664,51.46444228604593,0.7870945956194174,5048.3822759010945,894.8757077874673,119.36987118470128,82.27912306655364,4.28095977460451,20.97184370733371,1.0713696539969404,12.437,3.193,100.0,healthy,0.0,1.0,scenario_rapid_throttle_transition,scenario_rapid_throttle_transition.csv,0,rapid_throttle_transition,0
1780420450.5,450.5,580.2763168982583,0.2763168982582874,580.1563168982583,0.0,16.76911392495872,17.06441866680174,54.701113110829304,1.580728450539638,0.929571806161241,54.701113110829304,0.7891311643703303,5402.420277137855,895.7117862313265,107.25897213012863,74.18603804325167,4.005707131527628,19.627620494406546,1.0247498712517396,12.431,3.257,100.0,healthy,0.0,1.0,scenario_rapid_throttle_transition,scenario_rapid_throttle_transition.csv,0,rapid_throttle_transition,0
1780420450.75,450.75,580.3190495634027,0.3190495634027101,580.1990495634027,0.0,16.786047987652164,17.5813696581241,38.87922120191725,2.863873918922231,-0.2384880776566115,38.87922120191725,0.7876423180545525,5418.517182488348,838.1308348702852,101.89284037787938,78.80196684345586,4.595196098233831,20.241618552461492,1.1184008085251609,12.423,3.019,100.0,healthy,0.0,1.0,scenario_rapid_throttle_transition,scenario_rapid_throttle_transition.csv,0,rapid_throttle_transition,0
1780420451.0,451.0,581.8302713490124,1.8302713490123386,581.7102713490124,0.0,16.815731893998894,17.43254601230993,54.66752455474434,2.0122352533298757,0.18468185486011485,54.66752455474434,0.7853449390976524,5509.597955535138,887.9964605299048,100.54260530848684,50.26111532528567,4.388061322220814,18.66094026368013,0.8708865980785228,12.494,3.168,100.0,healthy,0.0,1.0,scenario_rapid_throttle_transition,scenario_rapid_throttle_transition.csv,0,rapid_throttle_transition,0
1780420451.25,451.25,582.3221338574737,2.322133857473684,582.2021338574737,0.0,16.817870864911942,16.811028492600332,47.08450040447886,0.7269783320788019,0.1778318621166607,47.08450040447886,0.7898355096602016,4840.649863518071,905.9132642461852,110.40318646889475,73.50017895129018,4.312795563549063,16.373602328562747,1.0102808698224566,12.397,3.303,100.0,healthy,0.0,1.0,scenario_rapid_throttle_transition,scenario_rapid_throttle_transition.csv,0,rapid_throttle_transition,0
1780420451.5,451.5,580.0,0.0,579.88,0.0,16.896266591557197,16.181266133267368,50.13105375615724,1.0982326782305933,0.973591118228978,50.13105375615724,0.7897691854231442,4648.970695871779,890.5146017200345,127.96167993771604,56.99202218378686,4.341314167716979,20.242963482226962,1.0682704471796367,12.361,3.168,100.0,healthy,0.0,1.0,scenario_rapid_throttle_transition,scenario_rapid_throttle_transition.csv,0,rapid_throttle_transition,0
1780420451.75,451.75,580.5609381682273,0.5609381682272362,580.4409381682273,0.0,16.9747845324816,16.90969743784666,55.09501202501998,1.1379630628654644,0.9798295097927768,55.09501202501998,0.7894185037989366,4239.820296536776,888.0669643867507,67.04589427549732,106.31794655608411,4.111380627605645,18.278706275150213,0.9029300689475389,12.508,3.185,100.0,healthy,0.0,1.0,scenario_rapid_throttle_transition,scenario_rapid_throttle_transition.csv,0,rapid_throttle_transition,0
1780420452.0,452.0,580.0,0.0,579.88,0.0,17.052938707776793,16.38462542992619,51.61009483012285,1.5990003285712198,0.11200072628328905,51.61009483012285,0.788872176288409,5618.431230548619,831.0035058547156,95.99280978468073,86.20470987991288,4.374088022442231,17.18414354300959,1.0134127506064523,12.386,3.195,100.0,healthy,0.0,1.0,scenario_rapid_throttle_transition,scenario_rapid_throttle_transition.csv,0,rapid_throttle_transition,0
1780420452.25,452.25,581.5807695333667,1.5807695333667549,581.4607695333667,0.0,17.12762618157019,17.11207450453571,48.814720350032076,3.4925607238420446,0.4297039991416094,48.814720350032076,0.7901390174413968,4937.846376443046,884.629687540714,120.56820326649245,67.78582908536673,4.379625008789512,18.441588267318902,1.0627144489263272,12.424,3.326,100.0,healthy,0.0,1.0,scenario_rapid_throttle_transition,scenario_rapid_throttle_transition.csv,0,rapid_throttle_transition,0
1780420452.5,452.5,580.0,0.0,579.88,0.0,17.155925500139617,17.227533091668278,48.574427147681405,2.2221246086007436,0.5370940981693775,48.574427147681405,0.7929356907776048,4517.538119785236,858.2868786149347,115.96749260081062,87.53668800412123,4.1943042552064975,13.910775504517497,0.9636484423930998,12.37,3.096,100.0,healthy,0.0,1.0,scenario_rapid_throttle_transition,scenario_rapid_throttle_transition.csv,0,rapid_throttle_transition,0
1780420452.75,452.75,580.0,0.0,579.88,0.0,17.156740460566684,17.587359223809745,49.07493047314829,3.97335195127908,-0.09725053415162815,49.07493047314829,0.792197478393617,4824.763515690861,899.3494773425377,106.7430339366372,79.60775708304041,3.575829770894913,21.869114346439446,0.9689479170600599,12.385,3.235,100.0,healthy,0.0,1.0,scenario_rapid_throttle_transition,scenario_rapid_throttle_transition.csv,0,rapid_throttle_transition,0
1780420453.0,453.0,580.0,0.0,579.88,0.0,17.18841745752994,16.954813504089962,54.54704511065327,2.311974820690029,0.23208078153972247,54.54704511065327,0.7966483129406408,4540.185708675068,888.529216302286,92.81998418555264,69.75717290195146,4.420804990464511,19.489784021084837,1.0705707665584798,12.489,3.229,100.0,healthy,0.0,1.0,scenario_rapid_throttle_transition,scenario_rapid_throttle_transition.csv,0,rapid_throttle_transition,0
1780420453.25,453.25,581.4137934995748,1.4137934995748322,581.2937934995748,0.0,17.268123078436755,17.094813031819132,53.63112989550233,1.5576266944882802,0.31991047729260924,53.63112989550233,0.7994129788877042,4487.992362979755,884.2499402673444,133.19030880393825,71.33977283165285,4.286371847675933,19.778060900315076,1.0231101726857257,12.474,3.264,100.0,healthy,0.0,1.0,scenario_rapid_throttle_transition,scenario_rapid_throttle_transition.csv,0,rapid_throttle_transition,0
1780420453.5,453.5,580.0,0.0,579.88,0.0,17.292640717068487,16.553711756706125,43.47683706250436,1.0739953538786053,-0.2100755446871163,43.47683706250436,0.7985094044071375,5491.172008568563,917.7978627409527,115.90524371305803,81.93627279660001,3.900527638009472,19.287778251475846,0.9753380740890037,12.434,3.118,100.0,healthy,0.0,1.0,scenario_rapid_throttle_transition,scenario_rapid_throttle_transition.csv,0,rapid_throttle_transition,0
1780420453.75,453.75,580.9600132089901,0.9600132089900832,580.8400132089901,0.0,17.3620220273945,16.94221592552501,48.878793648958386,1.7060653572577995,0.8571758175810635,48.878793648958386,0.8021951371457595,5806.584933691579,917.0425748799844,125.89883170466894,87.41385304014898,4.760786823015184,20.272094271620226,1.0198808076059986,12.437,3.088,100.0,healthy,0.0,1.0,scenario_rapid_throttle_transition,scenario_rapid_throttle_transition.csv,0,rapid_throttle_transition,0
1780420454.0,454.0,580.0,0.0,579.88,0.0,17.38427159774349,17.69137960689361,59.36876866224737,2.2269195347856687,0.517006026322772,59.36876866224737,0.8007214382452239,4939.9123440562935,941.3738511512306,122.47827473316975,53.38869450294351,4.334083507556678,20.734547099495106,1.155601296917564,12.408,3.396,100.0,healthy,0.0,1.0,scenario_rapid_throttle_transition,scenario_rapid_throttle_transition.csv,0,rapid_throttle_transition,0
1780420454.25,454.25,580.0185626913845,0.01856269138450796,579.8985626913845,0.0,17.396269998071602,16.910125128990913,49.35193771285323,2.0807715631761816,-0.14675204659229657,49.35193771285323,0.8002808427701811,4929.977012533721,884.8672666226923,117.64395426182263,101.65301589541178,4.26415181456616,22.95082736263762,1.1204099672709409,12.351,3.175,100.0,healthy,0.0,1.0,scenario_rapid_throttle_transition,scenario_rapid_throttle_transition.csv,0,rapid_throttle_transition,0
1780420454.5,454.5,581.8598589671963,1.8598589671962795,581.7398589671963,0.0,17.393239891509428,17.89086667782063,55.46342850265819,3.751110106726186,0.15902358017845886,55.46342850265819,0.8008675031867543,5102.304692294086,897.2849478481663,145.01333136960142,52.04777748185302,3.6698489765802877,19.868884194069782,1.0479187347869536,12.462,3.276,100.0,healthy,0.0,1.0,scenario_rapid_throttle_transition,scenario_rapid_throttle_transition.csv,0,rapid_throttle_transition,0
1780420454.75,454.75,580.6548186510894,0.6548186510894002,580.5348186510894,0.0,17.456372079648403,17.793582753401985,55.4204956246627,1.7486246428695527,0.65409100427693,55.4204956246627,0.7978557763613311,4487.2015297582975,890.817968844879,120.88788726382838,74.11901583044845,3.8765643601055486,14.200516288941623,1.1099371451502715,12.434,3.405,100.0,healthy,0.0,1.0,scenario_rapid_throttle_transition,scenario_rapid_throttle_transition.csv,0,rapid_throttle_transition,0
1780420455.0,455.0,580.0,0.0,579.88,0.0,17.424912551150232,17.40228487575592,49.419695375171344,2.216364168437717,-0.07271876918485701,49.419695375171344,0.8011636781253523,4897.306484417959,921.9770314203515,116.89075505474105,87.65631023740521,4.876778883060244,14.265810061204052,1.0181674502113984,12.406,3.022,100.0,healthy,0.0,1.0,scenario_rapid_throttle_transition,scenario_rapid_throttle_transition.csv,0,rapid_throttle_transition,0
1780420455.25,455.25,580.0,0.0,579.88,0.0,17.49427676436252,18.093577220883773,51.42904114356672,2.6468664090600846,0.23742753243994305,51.42904114356672,0.7990509807934413,4594.316346012128,867.4069487268005,108.11357234436964,73.29060436485582,4.83001180116562,16.566745908588203,1.0414852500675182,12.425,3.109,100.0,healthy,0.0,1.0,scenario_rapid_throttle_transition,scenario_rapid_throttle_transition.csv,0,rapid_throttle_transition,0
1780420455.5,455.5,580.0,0.0,579.88,0.0,17.520619831408517,17.003224836549606,56.89731345046303,1.6240096689699803,1.750413378254653,56.89731345046303,0.799653724057246,5000.406160323526,891.9538928654524,135.3440787725719,78.93559527850154,4.921063139335824,16.376074135785604,1.1076158488816283,12.502,3.231,100.0,healthy,0.0,1.0,scenario_rapid_throttle_transition,scenario_rapid_throttle_transition.csv,0,rapid_throttle_transition,0
1780420455.75,455.75,580.0,0.0,579.88,0.0,17.51306176467673,17.840296057080355,46.79461570484025,2.2359614502332543,0.97120793658397,46.79461570484025,0.799327952120503,4366.165694808602,883.7643612321541,125.53146695367886,70.81172478243141,4.42030401192071,18.533946869204026,1.0573546045245086,12.434,3.17,100.0,healthy,0.0,1.0,scenario_rapid_throttle_transition,scenario_rapid_throttle_transition.csv,0,rapid_throttle_transition,0
1780420456.0,456.0,581.8286316095147,1.828631609514673,581.7086316095147,0.0,17.48872694436399,18.112086218907432,48.87908462394081,3.112966619868355,-0.03779088572488838,48.87908462394081,0.7972532187151989,4060.2957303624617,866.1370582965089,137.01477311994623,92.19572187583661,4.194584570215694,21.50957377283454,0.8216152685648801,12.379,3.272,100.0,healthy,0.0,1.0,scenario_rapid_throttle_transition,scenario_rapid_throttle_transition.csv,0,rapid_throttle_transition,0
1780420456.25,456.25,580.0,0.0,579.88,0.0,17.55190827579649,18.23983354782669,53.79123647010048,2.1913202127218323,-1.0272564844714003,53.79123647010048,0.7969334389215332,4846.942547244501,899.4034084859707,109.16306260375426,73.43693550664374,3.84483915792536,19.608918134628663,0.9709558498152022,12.451,3.258,100.0,healthy,0.0,1.0,scenario_rapid_throttle_transition,scenario_rapid_throttle_transition.csv,0,rapid_throttle_transition,0
1780420456.5,456.5,580.0,0.0,579.88,0.0,17.593304663253036,17.19555322043699,53.70250006385624,4.250520018023149,-0.49342791024599514,53.70250006385624,0.7957887353602895,4596.211809360085,893.6950651189516,101.06077817488323,86.5961137743942,4.461307250303417,18.268311788770205,1.056270265600439,12.462,3.224,100.0,healthy,0.0,1.0,scenario_rapid_throttle_transition,scenario_rapid_throttle_transition.csv,0,rapid_throttle_transition,0
1780420456.75,456.75,580.0,0.0,579.88,0.0,17.585810939940572,17.9753944888863,50.62403937941467,2.098734571973787,-0.7014106994352227,50.62403937941467,0.7975800935442349,5065.57416596844,878.6009015893695,68.07772209783876,91.41253702556777,3.7276868051361305,23.76520076790259,0.9588635607310816,12.521,3.196,100.0,healthy,0.0,1.0,scenario_rapid_throttle_transition,scenario_rapid_throttle_transition.csv,0,rapid_throttle_transition,0
1780420457.0,457.0,580.0,0.0,579.88,0.0,17.68517304671963,17.82057491116867,51.90020616566106,3.1942589292616805,-0.2795383718451306,51.90020616566106,0.7960988266941724,5218.908943965749,905.0219000246208,107.22445752243004,84.24852545088136,4.258901207931169,17.41385106232418,1.0942122462514308,12.473,3.18,100.0,healthy,0.0,1.0,scenario_rapid_throttle_transition,scenario_rapid_throttle_transition.csv,0,rapid_throttle_transition,0
1780420457.25,457.25,580.0,0.0,579.88,0.0,17.68629705302544,18.51841664451745,57.92050874290119,2.4270648413623226,-0.5161224496012518,57.92050874290119,0.8011722356710672,4632.723660554245,883.9003100210666,88.55679938296876,63.16702654990753,4.251988345572886,17.16101475820208,0.9503220899566371,12.351,3.133,100.0,healthy,0.0,1.0,scenario_rapid_throttle_transition,scenario_rapid_throttle_transition.csv,0,rapid_throttle_transition,0
1780420457.5,457.5,583.8783703638932,3.878370363893147,583.7583703638932,0.0,17.71995730227626,17.817288024415664,45.553827386059616,2.394693814762064,-0.09430184385662259,45.553827386059616,0.8043517366109093,5462.41326371951,901.7993498497168,137.09707912737764,67.42805868510915,4.190262523901993,19.5116563468852,1.052921136844256,12.465,3.214,100.0,healthy,0.0,1.0,scenario_rapid_throttle_transition,scenario_rapid_throttle_transition.csv,0,rapid_throttle_transition,0
1780420457.75,457.75,580.0,0.0,579.88,0.0,17.7692175510283,18.02969157623396,59.5374998651,2.5015328241533643,-0.5130686060584116,59.5374998651,0.8060675223908553,4571.709800288315,859.1528305799128,101.48526313945919,76.93215787066211,4.3390003605827205,16.36701643409164,0.991160228493061,12.428,3.243,100.0,healthy,0.0,1.0,scenario_rapid_throttle_transition,scenario_rapid_throttle_transition.csv,0,rapid_throttle_transition,0
1780420458.0,458.0,580.4595264321038,0.4595264321038075,580.3395264321038,0.0,17.838220995359837,18.449680879372814,46.26642042429406,2.5825262029972604,0.3591982231050253,46.26642042429406,0.8055771322278757,4881.633423958562,877.1533758319812,140.14273810906855,91.66880850424985,4.40973913617918,17.15752979114927,1.101772325998643,12.441,3.217,100.0,healthy,0.0,1.0,scenario_rapid_throttle_transition,scenario_rapid_throttle_transition.csv,0,rapid_throttle_transition,0
1780420458.25,458.25,580.0,0.0,579.88,0.0,17.889455364806313,18.258516851592876,54.30728329238133,2.6722965823409885,0.013310387580335342,54.30728329238133,0.8032055682690292,5477.08595324596,890.4516117366862,100.63577503270824,74.46222228742208,3.765952661533734,18.47265607642958,0.8202431336529123,12.345,3.118,100.0,healthy,0.0,1.0,scenario_rapid_throttle_transition,scenario_rapid_throttle_transition.csv,0,rapid_throttle_transition,0
1780420458.5,458.5,580.0,0.0,579.88,0.0,17.896551307436717,17.107787976103836,55.785540553357,1.256386336221789,0.11175475769719559,55.785540553357,0.8047155711963137,4959.478768983632,906.0791253021354,112.57403155010006,66.81518228493348,4.2406362980836585,15.70823263472095,1.1351126408109893,12.446,3.331,100.0,healthy,0.0,1.0,scenario_rapid_throttle_transition,scenario_rapid_throttle_transition.csv,0,rapid_throttle_transition,0
1780420458.75,458.75,581.6914510007537,1.6914510007536854,581.5714510007537,0.0,17.92645469513617,17.65760264757552,51.530498598281916,4.913050892510707,1.0911328776392533,51.530498598281916,0.8051919894456263,4435.061359917228,865.6939097080192,126.70764683729647,77.0999865002921,4.1850656760309635,17.377690769197574,0.9834262293490327,12.497,3.073,100.0,healthy,0.0,1.0,scenario_rapid_throttle_transition,scenario_rapid_throttle_transition.csv,0,rapid_throttle_transition,0
1780420459.0,459.0,580.0,0.0,579.88,0.0,17.94408768964364,18.755223715123794,48.88899985669124,3.235707801581069,0.1385578180927532,48.88899985669124,0.80407091867342,5148.016397110883,902.0988654195598,137.63896241583407,110.82783790507922,3.501563605123447,22.5855745165887,1.0194074675656533,12.47,3.431,100.0,healthy,0.0,1.0,scenario_rapid_throttle_transition,scenario_rapid_throttle_transition.csv,0,rapid_throttle_transition,0
1780420459.25,459.25,580.6316270847334,0.6316270847333603,580.5116270847334,0.0,17.92456029319767,17.95134039406325,52.44286776785661,2.783904360968832,-1.1848423725670216,52.44286776785661,0.8033253724282176,4549.501702777996,929.8784335468321,103.51904836915823,93.61676932290918,4.31068761480377,18.718875593754408,0.9493929140263833,12.457,3.253,100.0,healthy,0.0,1.0,scenario_rapid_throttle_transition,scenario_rapid_throttle_transition.csv,0,rapid_throttle_transition,0
1780420459.5,459.5,580.0,0.0,579.88,0.0,17.99796013609612,18.681416272441012,44.91598407736665,2.681893766637716,0.1166150818539971,44.91598407736665,0.8046316903293035,4853.716520113048,901.2077237556612,116.26662842573018,71.76015576915381,4.340737925846557,15.556552148678694,1.0394550715078796,12.506,3.018,100.0,healthy,0.0,1.0,scenario_rapid_throttle_transition,scenario_rapid_throttle_transition.csv,0,rapid_throttle_transition,0
1780420459.75,459.75,580.8173050104409,0.8173050104409004,580.6973050104409,0.0,18.038152811957435,18.554987629803975,52.51879187908278,2.9259365614747757,-1.2635610124563161,52.51879187908278,0.8037135595831462,5502.9334368485725,901.3425610993143,173.82664921912865,90.51147618305538,4.607890721334233,17.077262891598295,1.0751356272187467,12.461,3.154,100.0,healthy,0.0,1.0,scenario_rapid_throttle_transition,scenario_rapid_throttle_transition.csv,0,rapid_throttle_transition,0
1780420460.0,460.0,580.6394500579738,0.6394500579738412,580.5194500579738,0.0,18.041393941124767,18.193063207358296,53.927066129202785,1.479283945903782,0.44877190576230014,53.927066129202785,0.8067636200129477,4998.970144071052,872.1594988282498,150.48823120119152,85.04592291909161,4.191655786146034,14.413949415457141,0.9977232410633055,12.466,3.241,100.0,healthy,0.0,1.0,scenario_rapid_throttle_transition,scenario_rapid_throttle_transition.csv,0,rapid_throttle_transition,0
1780420460.25,460.25,581.4842693585897,1.4842693585897098,581.3642693585897,0.0,18.026510468850233,18.506094194923428,51.533439199807056,2.9567242853649747,-0.6596598288973086,51.533439199807056,0.8101619675687344,4960.620915960333,897.6680202551424,131.64005245572912,81.52530929718552,3.8247053436744247,16.642010687873842,0.9376209809517135,12.48,3.272,100.0,healthy,0.0,1.0,scenario_rapid_throttle_transition,scenario_rapid_throttle_transition.csv,0,rapid_throttle_transition,0
1780420460.5,460.5,580.0,0.0,579.88,0.0,18.08037869337504,18.893051136951666,50.527426432334494,1.8114449081796462,-0.4062066524225182,50.527426432334494,0.8112788420138137,5289.167631572576,881.1505455120831,121.2886561311535,85.90522866494901,3.814086617333946,18.009508681583323,0.917407423864817,12.417,3.502,100.0,healthy,0.0,1.0,scenario_rapid_throttle_transition,scenario_rapid_throttle_transition.csv,0,rapid_throttle_transition,0
1780420460.75,460.75,582.0575128428724,2.0575128428724,581.9375128428724,0.0,18.102719215650346,17.482414987744207,53.32840447819573,2.273943534776283,-0.953322986283572,53.32840447819573,0.8134816917167517,5128.330831094516,906.1100123514385,106.27093523361349,72.7175505971237,4.917716115655386,19.8764012490373,1.0727884927421676,12.427,3.319,100.0,healthy,0.0,1.0,scenario_rapid_throttle_transition,scenario_rapid_throttle_transition.csv,0,rapid_throttle_transition,0
1780420461.0,461.0,580.1359923987723,0.13599239877224267,580.0159923987723,0.0,18.166368869463927,17.645692929744047,61.611783558408135,4.0234673802938525,0.9285124340600864,61.611783558408135,0.8162359149181151,4465.630437362313,904.2483897451946,143.61964748496356,79.48643357066142,4.028877271246883,18.31028369398498,1.0493873900427593,12.425,3.131,100.0,healthy,0.0,1.0,scenario_rapid_throttle_transition,scenario_rapid_throttle_transition.csv,0,rapid_throttle_transition,0
1780420461.25,461.25,581.4078950364609,1.4078950364609468,581.2878950364609,0.0,18.262007594961247,18.58011835425926,48.71254864173915,3.3480890933635687,0.3527726085031333,48.71254864173915,0.8179631275487392,4690.999826609319,877.670281219877,101.23401816720836,82.31197757151637,4.5653152863398425,18.48025987365949,0.996795256999851,12.525,3.205,100.0,healthy,0.0,1.0,scenario_rapid_throttle_transition,scenario_rapid_throttle_transition.csv,0,rapid_throttle_transition,0
1780420461.5,461.5,581.7482506669782,1.7482506669781346,581.6282506669781,0.0,18.32490128168985,18.24746510130579,48.41421883662308,2.641441000642958,-0.2897799421708689,48.41421883662308,0.8209752199804813,5005.327902185175,878.5617055185645,138.84298570587958,81.67016569329273,4.734944053307176,16.16254148300581,0.9000727571611977,12.434,3.053,100.0,healthy,0.0,1.0,scenario_rapid_throttle_transition,scenario_rapid_throttle_transition.csv,0,rapid_throttle_transition,0
1780420461.75,461.75,580.7756694723382,0.7756694723382523,580.6556694723382,0.0,18.373239565268438,18.3175737217496,53.375024006840206,3.8038921409527005,-0.3677354274402317,53.375024006840206,0.8241832962196599,5191.898518071799,872.9744942591186,117.76995306248264,69.84677568835335,4.246572753972383,15.257694199472096,0.9015696229646435,12.448,3.301,100.0,healthy,0.0,1.0,scenario_rapid_throttle_transition,scenario_rapid_throttle_transition.csv,0,rapid_throttle_transition,0
1780420462.0,462.0,580.0,0.0,579.88,0.0,18.442590881155922,17.891272880897432,50.86459690714241,2.1643203601562204,0.04159259639562091,50.86459690714241,0.8233643899700621,5081.147134728509,934.9629353402123,114.17785153942852,96.56634374581436,4.600276748395722,18.64073658138776,0.9258756465918989,12.42,3.255,100.0,healthy,0.0,1.0,scenario_rapid_throttle_transition,scenario_rapid_throttle_transition.csv,0,rapid_throttle_transition,0
1780420462.25,462.25,582.1640429839972,2.1640429839972253,582.0440429839972,0.0,18.497698175647436,18.43802983630713,56.931250252912214,2.9305320437241016,-0.4893494150461917,56.931250252912214,0.8233291119910555,4638.697013920577,886.7004649592812,125.70066096284597,94.57990201932242,4.505624353048264,20.048821471734744,1.023421111300478,12.458,3.401,100.0,healthy,0.0,1.0,scenario_rapid_throttle_transition,scenario_rapid_throttle_transition.csv,0,rapid_throttle_transition,0
1780420462.5,462.5,580.9435510920025,0.9435510920024783,580.8235510920025,0.0,18.561016350159267,18.130218344573354,57.1970705050278,3.9895204100660275,-0.5752127924575698,57.1970705050278,0.8216358197575361,5383.662923313942,933.3060647565092,110.05041610354753,69.5520330185,4.254959407651274,14.738037541550472,1.0771290975577206,12.573,3.165,100.0,healthy,0.0,1.0,scenario_rapid_throttle_transition,scenario_rapid_throttle_transition.csv,0,rapid_throttle_transition,0
1780420462.75,462.75,580.0,0.0,579.88,0.0,18.602697893051676,18.248394232340335,54.059696385645445,2.8577268947909826,-0.8449724006458512,54.059696385645445,0.8247389481083265,5243.269057247665,898.5027206219305,121.41370650979056,68.59368957409336,4.269767367510703,18.174657641214193,0.8871670297685668,12.485,3.212,100.0,healthy,0.0,1.0,scenario_rapid_throttle_transition,scenario_rapid_throttle_transition.csv,0,rapid_throttle_transition,0
1780420463.0,463.0,580.9853921274693,0.9853921274692035,580.8653921274692,0.0,18.680820168767067,18.898190301381625,45.870303963931484,4.220011551373907,-0.1570397615848968,45.870303963931484,0.8274095514325636,4883.510389469916,881.8478498517359,104.93808228354139,83.62448025570254,3.8730105732513493,22.863652813100014,1.2242901386938516,12.441,3.354,100.0,healthy,0.0,1.0,scenario_rapid_throttle_transition,scenario_rapid_throttle_transition.csv,0,rapid_throttle_transition,0
1780420463.25,463.25,581.875594190578,1.8755941905780211,581.755594190578,0.0,18.74174095789241,19.370323203176582,43.759651500867356,3.3850543468061582,-1.3411815687083761,43.759651500867356,0.8310808924202444,5315.573635591357,880.9550279040913,107.29136297389634,87.12623399797866,4.338496448591842,18.10451138549414,1.1464390442579533,12.434,3.394,100.0,healthy,0.0,1.0,scenario_rapid_throttle_transition,scenario_rapid_throttle_transition.csv,0,rapid_throttle_transition,0
1780420463.5,463.5,580.0,0.0,579.88,0.0,18.82345081310418,18.506755721507172,52.338090992281764,2.4815326399059394,-0.34368648185281236,52.338090992281764,0.8288825255045538,5125.678696001871,925.2818704838049,115.60163359961341,80.27414975633923,4.481790251917848,14.306417177364825,1.005415329243711,12.48,3.328,100.0,healthy,0.0,1.0,scenario_rapid_throttle_transition,scenario_rapid_throttle_transition.csv,0,rapid_throttle_transition,0
1780420463.75,463.75,580.4450846505131,0.4450846505130317,580.3250846505131,0.0,18.893532065111035,19.497012553335082,52.605460863826615,2.336162334202333,-0.34573208659163834,52.605460863826615,0.8295499593542243,5223.461309983061,894.2783948010369,102.60921615344803,58.159658664539535,3.982802570928063,17.38793242407991,1.001125961913175,12.367,3.267,100.0,healthy,0.0,1.0,scenario_rapid_throttle_transition,scenario_rapid_throttle_transition.csv,0,rapid_throttle_transition,0
1780420464.0,464.0,581.1432651286648,1.1432651286647395,581.0232651286648,0.0,18.901067547945253,18.268636997690532,43.397324278981266,2.334701065160016,-0.03679270470619267,43.397324278981266,0.829901427832397,5086.371698253508,886.9378738391127,122.88478758138308,96.71293640332965,3.9997286987745255,17.708874011925516,0.9854847680461173,12.418,3.341,100.0,healthy,0.0,1.0,scenario_rapid_throttle_transition,scenario_rapid_throttle_transition.csv,0,rapid_throttle_transition,0
1780420464.25,464.25,580.0,0.0,579.88,0.0,18.935107516907603,18.613433134941435,51.563870248649756,2.6274759372746943,-0.5353172795774271,51.563870248649756,0.8304751189036647,4823.469259591502,902.6744648700527,129.2806683997124,90.01721855866097,3.947247966572925,15.839300671229259,1.1121781837099742,12.41,3.406,100.0,healthy,0.0,1.0,scenario_rapid_throttle_transition,scenario_rapid_throttle_transition.csv,0,rapid_throttle_transition,0
1780420464.5,464.5,580.2901168206046,0.2901168206045148,580.1701168206046,0.0,18.89816732964993,18.758376155659786,45.90495510165276,1.8716291300903423,-1.2277550419547525,45.90495510165276,0.8298792765670695,4871.474199057783,944.117273503154,125.97151344250949,94.31261749799606,4.060736143286573,19.897340521267605,1.0057110243006997,12.459,3.122,100.0,healthy,0.0,1.0,scenario_rapid_throttle_transition,scenario_rapid_throttle_transition.csv,0,rapid_throttle_transition,0
1780420464.75,464.75,580.0,0.0,579.88,0.0,18.93632607796566,18.069809561534218,47.55712454758825,3.2045288515254633,-0.6626844293272998,47.55712454758825,0.8282322245954776,6089.309945241648,879.1425674252814,97.41906739650767,97.7750440942809,4.345463761431843,16.80273936240984,1.067430024918667,12.449,3.226,100.0,healthy,0.0,1.0,scenario_rapid_throttle_transition,scenario_rapid_throttle_transition.csv,0,rapid_throttle_transition,0
1780420465.0,465.0,580.6770497176016,0.6770497176015561,580.5570497176016,0.0,18.932109141533513,19.618600422223487,52.94563250455628,2.0542011035555485,-0.5819277371614229,52.94563250455628,0.8290408846478574,5139.94046909366,911.5917452052623,95.43578506719979,76.81452138363206,4.391718931071951,18.914455901840476,1.0542712564674608,12.476,3.313,100.0,healthy,0.0,1.0,scenario_rapid_throttle_transition,scenario_rapid_throttle_transition.csv,0,rapid_throttle_transition,0
1780420465.25,465.25,580.3565830179839,0.356583017983923,580.2365830179839,0.0,18.917518922123623,19.3860559381873,51.93250756786509,3.2881475613982305,-0.6520126505899948,51.93250756786509,0.8298136575386967,4887.736042057852,902.4439356472064,119.02614509894615,86.47245208196742,4.652571186040261,17.507206867013462,1.0875040380919874,12.424,3.239,100.0,healthy,0.0,1.0,scenario_rapid_throttle_transition,scenario_rapid_throttle_transition.csv,0,rapid_throttle_transition,0
1780420465.5,465.5,580.9828035755578,0.98280357555776,580.8628035755578,0.0,18.962774966042133,19.13934802457308,47.12206610659195,3.8488901721910214,-1.0708417215722068,47.12206610659195,0.8287857007622446,4866.572797772013,889.2215014763603,97.37696836421715,95.12065874023646,3.9298655430086993,22.25473545661172,0.9615855542709876,12.38,3.232,100.0,healthy,0.0,1.0,scenario_rapid_throttle_transition,scenario_rapid_throttle_transition.csv,0,rapid_throttle_transition,0
1780420465.75,465.75,580.0,0.0,579.88,0.0,19.018464116695228,19.12972143489245,58.10098069219698,3.092545511059309,-0.2789615647032259,58.10098069219698,0.8289978793905224,5063.921950989765,900.8399146945359,123.32191231639167,93.24036142989688,4.421726280684176,21.85027473322891,0.9809119191062101,12.418,3.102,100.0,healthy,0.0,1.0,scenario_rapid_throttle_transition,scenario_rapid_throttle_transition.csv,0,rapid_throttle_transition,0
1780420466.0,466.0,580.4272378879992,0.427237887999225,580.3072378879992,0.0,19.037314879015405,18.75749372777197,49.737418343547915,3.3865720659488976,-0.5994533351124925,49.737418343547915,0.8332649855823746,4214.198923768758,901.6927827292978,137.10333594306678,90.36760418148569,4.654822510395799,21.480137564463686,1.0278442270962316,12.432,3.42,100.0,healthy,0.0,1.0,scenario_rapid_throttle_transition,scenario_rapid_throttle_transition.csv,0,rapid_throttle_transition,0
1780420466.25,466.25,580.7070322709889,0.7070322709889161,580.5870322709889,0.0,19.0188369861253,18.921775952839884,51.647002766436465,1.9950069563880075,-0.6343464396309066,51.647002766436465,0.8362086543843121,4529.633980643405,979.3071677958052,139.97974093484362,88.49172612132917,5.05947416702979,23.649521514144503,1.0986167691757294,12.387,3.265,100.0,healthy,0.0,1.0,scenario_rapid_throttle_transition,scenario_rapid_throttle_transition.csv,0,rapid_throttle_transition,0
1780420466.5,466.5,581.488643475621,1.488643475620942,581.368643475621,0.0,19.082955054044653,19.7130115088301,52.843806550274316,1.530307824672998,0.13508998128562688,52.843806550274316,0.8333411079735165,6015.643621055628,851.3615057050865,148.085035268034,70.39521756114024,4.38127863293238,15.544393858408947,0.9108020270374491,12.417,3.239,100.0,healthy,0.0,1.0,scenario_rapid_throttle_transition,scenario_rapid_throttle_transition.csv,0,rapid_throttle_transition,0
1780420466.75,466.75,582.245178329454,2.2451783294540517,582.125178329454,0.0,19.12855056352574,19.786106469401908,53.80678948001416,2.40962936249041,-1.4349098072417563,53.80678948001416,0.8307954341032654,5119.076820675448,936.345599143119,130.17934405953505,57.02092216113161,4.227335157983443,18.490606736392753,0.9793037472422316,12.466,3.247,100.0,healthy,0.0,1.0,scenario_rapid_throttle_transition,scenario_rapid_throttle_transition.csv,0,rapid_throttle_transition,0
1780420467.0,467.0,580.0,0.0,579.88,0.0,19.14984088938379,19.341402299359732,58.83938262416402,3.3007264380012646,-0.8882972116931196,58.83938262416402,0.8290887428071293,5445.621104067646,875.4844865853281,94.99728513122595,83.53349369255135,4.637534457874107,20.83168978585339,1.039440103478672,12.411,3.171,100.0,healthy,0.0,1.0,scenario_rapid_throttle_transition,scenario_rapid_throttle_transition.csv,0,rapid_throttle_transition,0
1780420467.25,467.25,580.5386073115061,0.5386073115061294,580.4186073115061,0.0,19.23115121995134,18.54071781694387,52.14803546049618,3.7220515113525146,-0.8301324206469931,52.14803546049618,0.8326423712675541,3816.883355499084,930.3770881652903,104.4851809617517,72.15789787915247,4.09289376225115,16.763470830241808,1.07354367985837,12.469,3.303,100.0,healthy,0.0,1.0,scenario_rapid_throttle_transition,scenario_rapid_throttle_transition.csv,0,rapid_throttle_transition,0
1780420467.5,467.5,581.8348372070957,1.834837207095644,581.7148372070957,0.0,19.26960873719808,19.348836405639364,53.78643620869501,4.412928813504506,-0.8757649633676068,53.78643620869501,0.8328050423032793,4842.280069222733,911.3337396576178,144.24026395087296,94.65985961789909,4.360867459999203,18.95170740092503,1.011814837925832,12.467,3.346,100.0,healthy,0.0,1.0,scenario_rapid_throttle_transition,scenario_rapid_throttle_transition.csv,0,rapid_throttle_transition,0
1780420467.75,467.75,580.0,0.0,579.88,0.0,19.311972003133423,19.946629784513107,55.642133810891885,2.1092803669152866,-0.28808506160021696,55.642133810891885,0.8360634612750063,4941.752441770639,901.691143501764,141.3711076771939,78.57338095337474,4.651845298561014,19.489655617234114,1.0027664275618717,12.447,3.276,100.0,healthy,0.0,1.0,scenario_rapid_throttle_transition,scenario_rapid_throttle_transition.csv,0,rapid_throttle_transition,0
1780420468.0,468.0,580.6016928595475,0.6016928595474376,580.4816928595475,0.0,19.370822244781827,18.676687395999732,49.38898300877452,2.6134158516733885,-1.1519934280206454,49.38898300877452,0.8392876780927897,4764.371962993779,906.1907943153218,102.94782860610482,89.90165774998447,4.232827514667923,16.24208040828857,1.0812357242715622,12.433,3.385,100.0,healthy,0.0,1.0,scenario_rapid_throttle_transition,scenario_rapid_throttle_transition.csv,0,rapid_throttle_transition,0
1780420468.25,468.25,581.488912562096,1.4889125620959685,581.3689125620959,0.0,19.41928401552155,19.206709682933226,52.264481639003186,2.480910285992212,-1.5227333806823276,52.264481639003186,0.8358015589379074,5558.762700021884,847.3477897712002,133.08730880134183,67.43810315114754,3.8405280753009112,21.001458231618727,1.1582078229344976,12.494,3.359,100.0,healthy,0.0,1.0,scenario_rapid_throttle_transition,scenario_rapid_throttle_transition.csv,0,rapid_throttle_transition,0
1780420468.5,468.5,580.6721192697061,0.6721192697060789,580.552119269706,0.0,19.39781634054858,19.048983047883688,45.07948789943054,3.1235029167963035,-1.0846153345433345,45.07948789943054,0.8352918173519118,4506.379570146862,934.1053536256778,121.27826626475265,90.14528804154097,4.752032776990147,18.873144690138503,0.9512683871453296,12.421,3.319,100.0,healthy,0.0,1.0,scenario_rapid_throttle_transition,scenario_rapid_throttle_transition.csv,0,rapid_throttle_transition,0
1780420468.75,468.75,581.701268026387,1.7012680263869713,581.581268026387,0.0,19.472703911583768,19.024964751770938,51.53359268571826,1.7412624709432836,-0.39768544029122105,51.53359268571826,0.8331485052993858,4518.54807494752,910.9577116889133,121.53426230114593,84.22617869662507,4.096357160881498,19.46381407306296,0.917278124348058,12.531,3.209,100.0,healthy,0.0,1.0,scenario_rapid_throttle_transition,scenario_rapid_throttle_transition.csv,0,rapid_throttle_transition,0
1780420469.0,469.0,580.0,0.0,579.88,0.0,19.523470724450235,18.67011053674728,52.19910157386711,3.012541200528985,-0.8908619257902111,52.19910157386711,0.834955258464736,5214.360698195525,872.2194967954541,118.29062116396945,78.41065520696455,4.2899281958889315,20.0909650059199,0.9233991948913124,12.524,3.352,100.0,healthy,0.0,1.0,scenario_rapid_throttle_transition,scenario_rapid_throttle_transition.csv,0,rapid_throttle_transition,0
1780420469.25,469.25,580.0,0.0,579.88,0.0,19.51510714797574,19.747924664226034,53.18649351652865,3.948280445458315,-0.67851502382008,53.18649351652865,0.8376411739200694,5041.829199153745,910.4039967651273,132.43356896383867,85.80867810958955,4.603750254867592,20.19557482291604,0.9464951521461794,12.352,3.173,100.0,healthy,0.0,1.0,scenario_rapid_throttle_transition,scenario_rapid_throttle_transition.csv,0,rapid_throttle_transition,0
1780420469.5,469.5,580.0,0.0,579.88,0.0,19.505855727699903,19.53518379519717,56.699284592074164,3.5279425930939485,-0.032167991080644054,56.699284592074164,0.8380411100979048,5258.415754008229,897.6495986879797,124.05961116454381,82.21952720359266,4.086458992328653,21.949923136131396,1.0248723662302348,12.473,3.173,100.0,healthy,0.0,1.0,scenario_rapid_throttle_transition,scenario_rapid_throttle_transition.csv,0,rapid_throttle_transition,0
1780420469.75,469.75,581.1492292277949,1.14922922779488,581.0292292277949,0.0,19.522151050835273,19.998823974201564,52.9881423495844,3.9906726892212063,0.12028184606308534,52.9881423495844,0.8398275042181049,6030.603332418628,909.6701536952884,131.8331089251459,80.88948213330279,3.9181006617415495,20.130911366314024,1.0190300874928464,12.421,3.124,100.0,healthy,0.0,1.0,scenario_rapid_throttle_transition,scenario_rapid_throttle_transition.csv,0,rapid_throttle_transition,0
1780420470.0,470.0,580.0,0.0,579.88,0.0,19.58946899485149,20.26105537260055,50.903726630797,4.21355200217073,-0.7523048485560999,50.903726630797,0.8387442370848999,5230.334596352621,879.2676153339193,160.88636618091473,89.20069355418003,4.769542684750926,18.06109584254149,1.0390319203413168,12.456,3.192,100.0,healthy,0.0,1.0,scenario_rapid_throttle_transition,scenario_rapid_throttle_transition.csv,0,rapid_throttle_transition,0
1780420470.25,470.25,580.0,0.0,579.88,0.0,19.6069808753072,19.640400929026303,59.16059977780194,1.101897697090477,-0.8195810104796465,59.16059977780194,0.8410986353435966,4859.509167496925,901.2694703644222,116.15512585904023,105.73787597185128,4.9348019032469805,19.814614106237634,1.0462692104991445,12.362,3.301,100.0,healthy,0.0,1.0,scenario_rapid_throttle_transition,scenario_rapid_throttle_transition.csv,0,rapid_throttle_transition,0
1780420470.5,470.5,580.0,0.0,579.88,0.0,19.6862244728058,19.356472480267247,54.58526785369744,1.669841461980964,-1.290236372542994,54.58526785369744,0.8454756544263529,4931.08710803081,894.6760822646705,106.62669565568368,115.38419360132161,4.236875731055857,21.323530797256073,1.0372963889932405,12.433,3.265,100.0,healthy,0.0,1.0,scenario_rapid_throttle_transition,scenario_rapid_throttle_transition.csv,0,rapid_throttle_transition,0
1780420470.75,470.75,581.0427312380355,1.0427312380354876,580.9227312380355,0.0,19.680839064006413,20.168632638392378,55.55046309110535,4.485988479819966,-0.9743612163777853,55.55046309110535,0.8446329339668543,6094.922341199554,911.1548304781247,150.6177636845613,53.61599506488488,4.432910432062001,21.57629622177564,1.1237062758763168,12.465,3.375,100.0,healthy,0.0,1.0,scenario_rapid_throttle_transition,scenario_rapid_throttle_transition.csv,0,rapid_throttle_transition,0
1780420471.0,471.0,580.85746387633,0.8574638763300858,580.73746387633,0.0,19.671873111462947,19.055529534579918,60.015143960869736,3.719478383026103,-0.8131340577128767,60.015143960869736,0.8437526105746185,4666.843299739397,908.6916578087671,113.81034781749285,81.49640736445649,4.546131255457972,19.412524470609167,1.0188895017612845,12.428,3.417,100.0,healthy,0.0,1.0,scenario_rapid_throttle_transition,scenario_rapid_throttle_transition.csv,0,rapid_throttle_transition,0
1780420471.25,471.25,581.0570435976023,1.0570435976022956,580.9370435976023,0.0,19.704261469146,18.828634742257663,58.7649327466063,2.6808223027694664,-1.614827787076905,58.7649327466063,0.8441639889911994,5115.727179931219,895.7534348391491,128.00568078657716,95.2533757492207,4.746668049882074,17.36578207575255,1.0209004900223169,12.401,3.322,100.0,healthy,0.0,1.0,scenario_rapid_throttle_transition,scenario_rapid_throttle_transition.csv,0,rapid_throttle_transition,0
1780420471.5,471.5,580.0,0.0,579.88,0.0,19.79013124461581,20.46576045623403,52.70876018096856,3.3072783217469195,-1.0497997627192905,52.70876018096856,0.8462819851995163,5071.931697542648,875.2271302891025,117.28358733677261,90.72576031757959,4.074118855720755,22.010846096397604,1.0466114148151,12.319,3.305,100.0,healthy,0.0,1.0,scenario_rapid_throttle_transition,scenario_rapid_throttle_transition.csv,0,rapid_throttle_transition,0
1780420471.75,471.75,582.2094423621929,2.2094423621929242,582.0894423621929,0.0,19.849684792842435,19.476289400843108,51.46106148112031,3.5150444295531114,-1.4119031239345416,51.46106148112031,0.8445616139734634,6158.927037924144,938.0476750719941,146.4079670170276,109.15106906502331,4.816776108438361,17.519958496893672,1.1037827519968784,12.466,3.283,100.0,healthy,0.0,1.0,scenario_rapid_throttle_transition,scenario_rapid_throttle_transition.csv,0,rapid_throttle_transition,0
1780420472.0,472.0,580.0,0.0,579.88,0.0,19.904643989422272,20.585383401715376,55.34187847946153,4.024532636838851,-1.7877142588797237,55.34187847946153,0.8460382440093686,4429.643433290191,909.0078634809103,117.948714191844,73.80405387722291,4.490143597297671,20.99793946909347,1.0013772571879216,12.439,3.315,100.0,healthy,0.0,1.0,scenario_rapid_throttle_transition,scenario_rapid_throttle_transition.csv,0,rapid_throttle_transition,0
1780420472.25,472.25,580.7731702835066,0.7731702835066191,580.6531702835066,0.0,19.921006218506374,19.934130840858018,58.143673886760446,2.1978388166678635,-1.2012127319890116,58.143673886760446,0.8490164409347216,4495.584674060345,892.337898662809,147.42394322994147,64.25099942383169,4.471518440268296,17.37793308815612,0.9993291024554024,12.464,3.226,100.0,healthy,0.0,1.0,scenario_rapid_throttle_transition,scenario_rapid_throttle_transition.csv,0,rapid_throttle_transition,0
1780420472.5,472.5,581.6277222474873,1.6277222474873354,581.5077222474873,0.0,20.016620444329384,19.271128592603265,53.31025064190939,3.8600533231190592,-0.5995700465285149,53.31025064190939,0.8486909397945258,5900.489303361541,901.571655149933,136.1778546892833,93.54675909002245,4.1369610680997235,17.994331062855213,1.0166573242318342,12.396,3.537,100.0,healthy,0.0,1.0,scenario_rapid_throttle_transition,scenario_rapid_throttle_transition.csv,0,rapid_throttle_transition,0
1780420472.75,472.75,580.874357930206,0.8743579302059922,580.754357930206,0.0,20.012881829967153,20.897052718346504,56.290526140715826,2.838240479251061,-0.6361336320650475,56.290526140715826,0.846931192309121,5420.955367772131,924.7094706907931,157.4039956685635,77.95879520871941,4.839793049955993,21.562327288039565,0.9823074878911796,12.426,3.102,100.0,healthy,0.0,1.0,scenario_rapid_throttle_transition,scenario_rapid_throttle_transition.csv,0,rapid_throttle_transition,0
1780420473.0,473.0,583.9165461436667,3.9165461436666362,583.7965461436667,0.0,20.04095178368334,19.844984749225745,53.67719485958489,3.441176757991372,-0.028513346964353703,53.67719485958489,0.8454010517270886,4731.772704517415,910.0605309107644,121.5640392876756,70.52878797610525,4.524146561292303,19.41824781924618,0.9514682456672383,12.437,3.199,100.0,healthy,0.0,1.0,scenario_rapid_throttle_transition,scenario_rapid_throttle_transition.csv,0,rapid_throttle_transition,0
1780420473.25,473.25,580.0,0.0,579.88,0.0,20.14137510281775,20.876961647144824,56.77757413765166,1.3615720031919203,-1.7299905477176587,56.77757413765166,0.8435994156998312,5611.2831556662295,911.4779262363991,118.01968088654502,106.5449006076825,4.340609945956891,18.677782129072007,0.9858978093177194,12.379,3.282,100.0,healthy,0.0,1.0,scenario_rapid_throttle_transition,scenario_rapid_throttle_transition.csv,0,rapid_throttle_transition,0
1780420473.5,473.5,581.2758078853568,1.2758078853568546,581.1558078853568,0.0,20.20899755360407,20.06933048765299,42.594668574508034,4.282686884662546,-2.398470066185676,42.594668574508034,0.8470238770039751,5376.707814547436,919.1957551781754,131.0706872791235,68.75617632518282,4.4765372774262,19.708896534738713,0.9764960597668424,12.507,3.4,100.0,healthy,0.0,1.0,scenario_rapid_throttle_transition,scenario_rapid_throttle_transition.csv,0,rapid_throttle_transition,0
1780420473.75,473.75,580.0,0.0,579.88,0.0,20.18653052934598,20.95014953680829,55.05897921228872,3.1537909798515207,-0.5606323504067733,55.05897921228872,0.8516261610081126,4932.49115195526,899.78206137266,141.31311510192242,86.08921668695834,4.672212653090803,19.353894993976002,1.1980312813550686,12.411,3.31,100.0,healthy,0.0,1.0,scenario_rapid_throttle_transition,scenario_rapid_throttle_transition.csv,0,rapid_throttle_transition,0
1780420474.0,474.0,581.9060911901489,1.9060911901489175,581.7860911901489,0.0,20.202312050778453,20.721798699956366,53.26891858444279,3.3236309383781264,-1.3414950870827207,53.26891858444279,0.8523300859212923,5451.079572293676,881.1923390865281,162.46044307387635,104.10748817747367,4.503414852870495,19.945120941016786,0.9748823938614708,12.441,3.32,100.0,healthy,0.0,1.0,scenario_rapid_throttle_transition,scenario_rapid_throttle_transition.csv,0,rapid_throttle_transition,0
1780420474.25,474.25,580.0,0.0,579.88,0.0,20.257931557435743,21.133177163857482,51.18148810998346,3.9505695278492263,-1.1856611103286399,51.18148810998346,0.8518699358688865,4895.01886299432,892.6833227939758,124.09731094949234,75.71870818260318,4.6315030753170845,18.242209032292216,1.0819484419502274,12.468,3.451,100.0,healthy,0.0,1.0,scenario_rapid_throttle_transition,scenario_rapid_throttle_transition.csv,0,rapid_throttle_transition,0
1780420474.5,474.5,580.0,0.0,579.88,0.0,20.327527729950635,20.27923144304136,55.10094841481342,2.9541612242819757,-1.8319280027165088,55.10094841481342,0.8524864440862711,5426.038077039433,895.2444455059523,132.40034554664783,78.87618688964655,4.3650164753644995,17.62493243112931,0.9270579700376547,12.459,3.356,100.0,healthy,0.0,1.0,scenario_rapid_throttle_transition,scenario_rapid_throttle_transition.csv,0,rapid_throttle_transition,0
1780420474.75,474.75,580.0,0.0,579.88,0.0,20.39698375375646,19.74255916568006,49.83233834465066,1.0194710626660217,-1.6592036771524348,49.83233834465066,0.8507747059441981,4771.9962980243745,922.2490532098616,132.7235066911773,71.81256084446082,4.230057083579331,20.255653866396543,1.1652869600514637,12.456,3.136,100.0,healthy,0.0,1.0,scenario_rapid_throttle_transition,scenario_rapid_throttle_transition.csv,0,rapid_throttle_transition,0
1780420475.0,475.0,580.0,0.0,579.88,0.0,20.443678756886328,21.3984340755907,56.11396894244489,3.1783580588793106,-0.7490284091741022,56.11396894244489,0.8491238776916478,5917.740856082091,908.4745275014105,130.69038590767968,80.54111906111626,4.531828477596011,19.057340470612253,1.0711418489227098,12.464,3.407,100.0,healthy,0.0,1.0,scenario_rapid_throttle_transition,scenario_rapid_throttle_transition.csv,0,rapid_throttle_transition,0
1780420475.25,475.25,581.8417570959567,1.8417570959566918,581.7217570959567,0.0,20.43545715054339,21.096164405631797,48.48359267973797,1.784353334030057,-0.499916827076046,48.48359267973797,0.8501211457755963,6206.16211320289,981.6006985794257,150.4564224346617,81.37789582553947,4.390200445099255,21.26530331488883,0.9460091223764343,12.469,3.186,100.0,healthy,0.0,1.0,scenario_rapid_throttle_transition,scenario_rapid_throttle_transition.csv,0,rapid_throttle_transition,0
1780420475.5,475.5,580.0,0.0,579.88,0.0,20.51303334412183,20.66133405694274,57.78331460303874,2.561836073580211,-1.7872780461020321,57.78331460303874,0.8472398680080042,5768.737889884991,899.621187767015,118.96086026008479,83.35616945867855,4.846242485129183,19.173343254281107,0.8411934769412271,12.443,3.055,100.0,healthy,0.0,1.0,scenario_rapid_throttle_transition,scenario_rapid_throttle_transition.csv,0,rapid_throttle_transition,0
1780420475.75,475.75,581.2635714864621,1.2635714864620884,581.1435714864621,0.0,20.533921042864044,21.521429720693387,50.15633604041926,3.7889814190438553,-0.941087337095933,50.15633604041926,0.8491738833307294,5511.645625939836,921.2478886434752,128.9223025112438,88.48612059775904,4.667301915744705,18.333896418552463,1.1331703357910874,12.521,3.189,100.0,healthy,0.0,1.0,scenario_rapid_throttle_transition,scenario_rapid_throttle_transition.csv,0,rapid_throttle_transition,0
1780420476.0,476.0,580.0,0.0,579.88,0.0,20.565173630517144,20.227170229797395,54.191250489489335,1.9662195709984265,-0.9082422039981939,54.191250489489335,0.8512893684833995,4838.544164232004,865.12805650504,100.49518560751426,106.73735225776241,4.271058965951314,19.98761411048214,1.030653053903652,12.413,3.475,100.0,healthy,0.0,1.0,scenario_rapid_throttle_transition,scenario_rapid_throttle_transition.csv,0,rapid_throttle_transition,0
1780420476.25,476.25,580.0,0.0,579.88,0.0,20.63770732949867,20.4728140963888,58.23188461797966,1.6589090531327537,-1.2664446161030698,58.23188461797966,0.849961084935461,5051.805891549829,898.0626129061901,92.2856551946908,118.41856298398827,4.499172047103761,17.685290689129122,1.0537381317371122,12.54,3.413,100.0,healthy,0.0,1.0,scenario_rapid_throttle_transition,scenario_rapid_throttle_transition.csv,0,rapid_throttle_transition,0
1780420476.5,476.5,581.5411263370097,1.5411263370096449,581.4211263370097,0.0,20.691174900037204,21.551525790303327,45.58975282536741,2.3557004868601608,-0.5318700498496656,45.58975282536741,0.8513399454300353,4235.812042994317,915.3810675062748,74.98159518808606,85.7258456394316,3.863178687994808,20.045413404243703,1.1145998351157231,12.431,3.313,100.0,healthy,0.0,1.0,scenario_rapid_throttle_transition,scenario_rapid_throttle_transition.csv,0,rapid_throttle_transition,0
1780420476.75,476.75,581.349269503604,1.3492695036039541,581.229269503604,0.0,20.68660980599518,20.5716953409077,53.874277329632676,1.5855775112105135,-0.49037937067750814,53.874277329632676,0.8498109721082591,5652.7295688037375,852.340877636523,128.1954227559401,71.78774640390628,3.903817923646004,19.68643684592708,0.9455823019354459,12.431,3.226,100.0,healthy,0.0,1.0,scenario_rapid_throttle_transition,scenario_rapid_throttle_transition.csv,0,rapid_throttle_transition,0
1780420477.0,477.0,580.0,0.0,579.88,0.0,20.73149473608476,19.769716963102095,57.72689998927071,3.7040717640081726,-1.2653098742710596,57.72689998927071,0.8491892523918283,5142.854381505661,934.5076293856305,140.5083210885648,91.58236063895122,4.102568222293256,16.861041682228617,1.006288269008822,12.405,3.334,100.0,healthy,0.0,1.0,scenario_rapid_throttle_transition,scenario_rapid_throttle_transition.csv,0,rapid_throttle_transition,0
1780420477.25,477.25,580.304477969295,0.30447796929506854,580.184477969295,0.0,20.777854305313923,20.655111779542757,53.77980782912493,2.9996190984780755,-0.4385781776775566,53.77980782912493,0.8505576242461418,4888.554991167936,949.1340311801523,127.19428259935177,77.20506027633743,3.983053717876056,18.009922162953888,0.9750178956313592,12.45,3.252,100.0,healthy,0.0,1.0,scenario_rapid_throttle_transition,scenario_rapid_throttle_transition.csv,0,rapid_throttle_transition,0
1780420477.5,477.5,580.0,0.0,579.88,0.0,20.7553505101496,20.231640411257057,59.312109903553726,2.3486096920600192,-0.9626806476887243,59.312109903553726,0.8548372273730008,5670.938370380177,898.400005280089,111.1349201680477,97.11228444018877,4.607782499317874,22.115471183169017,1.1149123411323725,12.408,3.335,100.0,healthy,0.0,1.0,scenario_rapid_throttle_transition,scenario_rapid_throttle_transition.csv,0,rapid_throttle_transition,0
1780420477.75,477.75,582.6834974453801,2.683497445380107,582.5634974453801,0.0,20.83134539831263,21.26156239975223,55.74025008995278,4.463748967842591,-1.2833655421694725,55.74025008995278,0.8592267321143064,5076.672758868966,924.5630142509646,128.61679308975718,94.5962688033284,5.317854739520372,20.23275885868513,0.9967454217400264,12.456,3.274,100.0,healthy,0.0,1.0,scenario_rapid_throttle_transition,scenario_rapid_throttle_transition.csv,0,rapid_throttle_transition,0
1780420478.0,478.0,580.0,0.0,579.88,0.0,20.89536528250408,20.74291518367524,56.328887008650106,3.439391153732662,-1.690165570661186,56.328887008650106,0.8563184399339558,5440.112658466717,925.7823412510568,129.07361199908425,101.63361934114617,4.252672638626943,17.8398396415194,1.0409256583977258,12.27,3.437,100.0,healthy,0.0,1.0,scenario_rapid_throttle_transition,scenario_rapid_throttle_transition.csv,0,rapid_throttle_transition,0
1780420478.25,478.25,580.0,0.0,579.88,0.0,20.87311720959402,21.30876470351056,48.57009857141342,2.4096175279814576,-1.2714823170933454,48.57009857141342,0.8567917631983694,5086.533996599538,916.4772401905506,160.21853955478872,95.82345059400592,4.777811556600866,20.85748782667407,0.9271712765971333,12.435,3.26,100.0,healthy,0.0,1.0,scenario_rapid_throttle_transition,scenario_rapid_throttle_transition.csv,0,rapid_throttle_transition,0
1780420478.5,478.5,581.2511456007386,1.2511456007386077,581.1311456007386,0.0,20.857803945152586,20.36216164850219,61.287373762672054,2.2736201009539077,-2.6094708244630826,61.287373762672054,0.8603476111238734,5422.0141448599525,915.1841872756619,121.31740840999387,86.72056362831349,4.549388964881932,18.613300948835505,1.0719487288694007,12.394,3.306,100.0,healthy,0.0,1.0,scenario_rapid_throttle_transition,scenario_rapid_throttle_transition.csv,0,rapid_throttle_transition,0
1780420478.75,478.75,580.3374756961873,0.3374756961873289,580.2174756961873,0.0,20.868846440509262,21.609717635299063,49.149813757557425,1.90558492522627,-0.6627223868265547,49.149813757557425,0.8587032102016255,5007.841003096808,920.9306429556688,110.79851765391874,85.7885127846247,4.726264483141372,17.721210851579748,1.1660439539568241,12.523,3.373,100.0,healthy,0.0,1.0,scenario_rapid_throttle_transition,scenario_rapid_throttle_transition.csv,0,rapid_throttle_transition,0
1780420479.0,479.0,581.3213277421879,1.3213277421879714,581.2013277421879,0.0,20.944687040679966,20.075893966330025,53.03200183315165,2.6308022615647126,-1.3456811612166164,53.03200183315165,0.8584281564000225,5049.837261755899,892.7982755356378,155.6184737915112,90.77407200754999,4.828349746966245,20.056704457577116,0.9501726531751031,12.369,3.325,100.0,healthy,0.0,1.0,scenario_rapid_throttle_transition,scenario_rapid_throttle_transition.csv,0,rapid_throttle_transition,0
1780420479.25,479.25,580.0,0.0,579.88,0.0,20.9483567087124,20.524353292695928,51.488390898915284,2.0043219000856243,-1.2298314180677639,51.488390898915284,0.8567551869755328,5027.546068448685,927.0833778434718,114.99842223662124,93.91400427470683,4.6291402255847816,20.74920276504978,1.0545551840060567,12.396,3.205,100.0,healthy,0.0,1.0,scenario_rapid_throttle_transition,scenario_rapid_throttle_transition.csv,0,rapid_throttle_transition,0
1780420479.5,479.5,580.0,0.0,579.88,0.0,21.04210501596002,21.67893286982319,54.98977336927324,2.609255300850482,-1.211188589111547,54.98977336927324,0.8617218278426232,5220.325613470087,935.0283042648823,124.5285684186813,86.7143119544017,4.841031454019313,18.35552308658917,1.114394983328997,12.473,3.372,100.0,healthy,0.0,1.0,scenario_rapid_throttle_transition,scenario_rapid_throttle_transition.csv,0,rapid_throttle_transition,0
1780420479.75,479.75,580.2069222003257,0.2069222003257396,580.0869222003257,0.0,21.026990515464853,20.510368313762182,54.722552769613685,2.6007023393783952,-2.102934919829126,54.722552769613685,0.8620161583257396,5287.689577589184,936.4811427388454,131.23025149342436,91.11794067210177,4.898847829953573,18.230639506966334,0.9532887084166551,12.458,3.277,100.0,healthy,0.0,1.0,scenario_rapid_throttle_transition,scenario_rapid_throttle_transition.csv,0,rapid_throttle_transition,0
1780420480.0,480.0,580.0,0.0,579.88,0.0,21.1229568944554,21.897897624508968,52.85244426700886,2.827567515232447,-1.6932350552255915,52.85244426700886,0.8606232739546107,5065.285073467369,926.9219504540258,111.7594812567133,64.2057467545737,4.836749069990436,17.553655774718194,0.9262161165800451,12.402,3.356,100.0,healthy,0.0,1.0,scenario_rapid_throttle_transition,scenario_rapid_throttle_transition.csv,0,rapid_throttle_transition,0
1780420480.25,480.25,580.0,0.0,579.88,0.0,21.220843113912135,21.328699938999446,62.962372896837536,3.6110042936889943,-2.697425474797308,62.962372896837536,0.8608129174292486,5817.969079219309,909.0423333136761,169.48000120406732,68.35083055727071,4.746421274895652,18.287542970141292,1.122275157649023,12.374,3.171,100.0,healthy,0.0,1.0,scenario_rapid_throttle_transition,scenario_rapid_throttle_transition.csv,0,rapid_throttle_transition,0
1780420480.5,480.5,582.3319816015643,2.3319816015642596,582.2119816015643,0.0,21.26592086116507,21.53173320702503,58.12527191402833,2.7137543949537233,-1.7684781439894073,58.12527191402833,0.8658905040388719,6549.402823145614,921.1771078594154,131.65234104182596,86.39837318741814,4.292830260422006,18.21604614652964,1.14973900263774,12.459,3.467,100.0,healthy,0.0,1.0,scenario_rapid_throttle_transition,scenario_rapid_throttle_transition.csv,0,rapid_throttle_transition,0
1780420480.75,480.75,582.9192366930376,2.919236693037597,582.7992366930376,0.0,21.34775649124776,21.13331953588456,54.8437323142215,2.8699669548395645,-1.7585550790292523,54.8437323142215,0.8678159285325378,5876.840154561728,878.769538369937,112.58402625363391,78.25229529138215,4.296678258178208,20.86732869669091,1.2228881951683608,12.431,3.378,100.0,healthy,0.0,1.0,scenario_rapid_throttle_transition,scenario_rapid_throttle_transition.csv,0,rapid_throttle_transition,0
1780420481.0,481.0,580.0,0.0,579.88,0.0,21.3708778136781,22.15386790085098,56.38159593185162,2.1444394276014673,-1.2906849344557785,56.38159593185162,0.8663990188193263,5112.599764804287,897.3264400866757,108.2859182902496,105.11894645162967,4.8461548892142385,16.4339180488325,1.0004902822720034,12.398,3.594,100.0,healthy,0.0,1.0,scenario_rapid_throttle_transition,scenario_rapid_throttle_transition.csv,0,rapid_throttle_transition,0
1780420481.25,481.25,582.3390703578281,2.339070357828077,582.2190703578281,0.0,21.34504858188424,20.92018915077695,60.83465258615,3.762290369312639,-2.5639371625084397,60.83465258615,0.8658037524563315,5852.137148307341,915.9693266282718,132.4735675913558,93.66559496303172,4.4665884308484385,27.089250990417163,1.0891353702169928,12.493,3.241,100.0,healthy,0.0,1.0,scenario_rapid_throttle_transition,scenario_rapid_throttle_transition.csv,0,rapid_throttle_transition,0
1780420481.5,481.5,580.0,0.0,579.88,0.0,21.350391699986375,22.172331321339374,49.89618633357346,2.523685661469753,-1.1014153890961305,49.89618633357346,0.862958794778955,6106.1329394484965,896.202681684809,115.23597540170002,99.8577877312657,4.465104154985471,18.29775348763537,0.9362060581301007,12.4,3.357,100.0,healthy,0.0,1.0,scenario_rapid_throttle_transition,scenario_rapid_throttle_transition.csv,0,rapid_throttle_transition,0
1780420481.75,481.75,580.0,0.0,579.88,0.0,21.406515318903416,22.330843615627995,52.58555336229499,2.9233293261110127,-1.7779000146575286,52.58555336229499,0.8658754814955099,4921.59146158323,892.8083987590985,146.36881286684064,106.80503800129543,4.923138203826178,17.314838570316464,1.0023107638658055,12.472,3.258,100.0,healthy,0.0,1.0,scenario_rapid_throttle_transition,scenario_rapid_throttle_transition.csv,0,rapid_throttle_transition,0
1780420482.0,482.0,581.6988741718421,1.698874171842165,581.5788741718421,0.0,21.396365042657134,20.41431185893319,57.89628093319142,2.37070561285745,-1.7720314930632086,57.89628093319142,0.8698114828985488,4795.752179012333,955.1626073135388,114.67177452794907,97.86811460807202,4.179267282685193,21.16902443984913,0.8959874238398395,12.451,3.231,100.0,healthy,0.0,1.0,scenario_rapid_throttle_transition,scenario_rapid_throttle_transition.csv,0,rapid_throttle_transition,0
1780420482.25,482.25,580.0,0.0,579.88,0.0,21.452870954890944,21.966562126006163,51.569009913548435,3.1744187285562484,-2.4079487439355773,51.569009913548435,0.8733453378841822,4957.962717168348,921.1870858013039,116.47143705468368,75.05489357361128,4.533197406646321,18.9696048256882,0.9586748523686723,12.503,3.255,100.0,healthy,0.0,1.0,scenario_rapid_throttle_transition,scenario_rapid_throttle_transition.csv,0,rapid_throttle_transition,0
1780420482.5,482.5,580.0,0.0,579.88,0.0,21.494606741507717,22.104740382505657,52.700217247918275,3.086285858837282,-1.9795994883811383,52.700217247918275,0.8757136284197856,5464.58176541071,925.4757183745987,115.74542816656242,93.19915365043202,4.567396161730487,21.917525734991347,0.8771959504959503,12.377,3.477,100.0,healthy,0.0,1.0,scenario_rapid_throttle_transition,scenario_rapid_throttle_transition.csv,0,rapid_throttle_transition,0
1780420482.75,482.75,580.5218045603046,0.5218045603046099,580.4018045603046,0.0,21.536064831778678,21.521334685414235,50.39426824614736,2.1051130094477664,-0.5468234074202492,50.39426824614736,0.8747002431129591,5111.290797615601,930.5269569847298,111.80006461223519,83.18282341745329,4.077265248456812,16.331235892309625,1.0704641263606007,12.36,3.533,100.0,healthy,0.0,1.0,scenario_rapid_throttle_transition,scenario_rapid_throttle_transition.csv,0,rapid_throttle_transition,0
1780420483.0,483.0,580.0,0.0,579.88,0.0,21.621457852786836,20.674706581365882,54.405617731227125,3.5871922735725326,-1.6151997680818557,54.405617731227125,0.8741209802345196,5478.802338195418,923.0478792958153,95.77586579338114,95.55886473528336,4.500812295625431,15.92921720385209,1.0258657022946933,12.474,3.197,100.0,healthy,0.0,1.0,scenario_rapid_throttle_transition,scenario_rapid_throttle_transition.csv,0,rapid_throttle_transition,0
1780420483.25,483.25,580.0,0.0,579.88,0.0,21.634630712603975,21.97860193509737,48.436181634587236,2.0170825600298703,-1.3648068012289412,48.436181634587236,0.8750611495657041,6143.012705790592,899.5365233172665,111.33618782273781,110.15518880353898,4.104558392697061,20.584613292873115,0.9934599678360057,12.402,3.392,100.0,healthy,0.0,1.0,scenario_rapid_throttle_transition,scenario_rapid_throttle_transition.csv,0,rapid_throttle_transition,0
1780420483.5,483.5,580.0,0.0,579.88,0.0,21.639117959056858,22.69019483780389,46.331259551601526,2.561998374435468,-1.2869746079424398,46.331259551601526,0.8745070329191539,6034.5103556577615,873.8289418260895,131.21204173922595,74.68421230567012,4.510377984189335,23.604138482541487,1.0924282379863268,12.435,3.333,100.0,healthy,0.0,1.0,scenario_rapid_throttle_transition,scenario_rapid_throttle_transition.csv,0,rapid_throttle_transition,0
1780420483.75,483.75,581.3979500140426,1.3979500140426413,581.2779500140426,0.0,21.653832110355527,21.774410120178896,54.20131659082835,2.569222223597907,-1.7473477032818305,54.20131659082835,0.871640318115998,5436.459966397425,901.6308120197923,134.5191067233442,80.84059222096798,4.364701710259239,14.893798785541874,1.0287865745347198,12.443,3.289,100.0,healthy,0.0,1.0,scenario_rapid_throttle_transition,scenario_rapid_throttle_transition.csv,0,rapid_throttle_transition,0
1780420484.0,484.0,580.0,0.0,579.88,0.0,21.676859543563765,22.019412751965604,62.59844442073791,2.3314775524478426,-2.6826686551964603,62.59844442073791,0.8735416681954395,5721.407372529211,856.3605996899098,142.231926007796,58.03138981074639,4.182494834681038,21.30513239848705,1.0796358452753398,12.337,3.281,100.0,healthy,0.0,1.0,scenario_rapid_throttle_transition,scenario_rapid_throttle_transition.csv,0,rapid_throttle_transition,0
1780420484.25,484.25,581.6192674669571,1.6192674669571554,581.4992674669571,0.0,21.75465815606413,21.47305888513419,56.41574272213843,2.4318183526929036,-1.776145565424272,56.41574272213843,0.874839907210627,5524.710534293578,908.9519392789027,130.07429367537867,108.5204286729372,4.517798377911192,22.211887490602468,1.0766157341170886,12.404,3.486,100.0,healthy,0.0,1.0,scenario_rapid_throttle_transition,scenario_rapid_throttle_transition.csv,0,rapid_throttle_transition,0
1780420484.5,484.5,580.0,0.0,579.88,0.0,21.754293565152047,22.1202653050595,53.33115157282476,1.3082256310447917,-0.4080516725901209,53.33115157282476,0.8741658192244056,4906.482470272677,885.5175690757718,117.69960178795672,83.58716105269146,3.9137097524471103,18.418219408061198,1.044606056716129,12.46,3.585,100.0,healthy,0.0,1.0,scenario_rapid_throttle_transition,scenario_rapid_throttle_transition.csv,0,rapid_throttle_transition,0
1780420484.75,484.75,580.7423849278186,0.7423849278186847,580.6223849278186,0.0,21.803634137697774,20.808757143462575,53.25157054558339,2.0885150973792865,-1.7541130189050071,53.25157054558339,0.8788973231242166,5054.8517307887205,907.7866573530242,125.43730469745806,98.27518717074258,4.727528502338529,20.745866874894645,0.9264323872185987,12.417,3.415,100.0,healthy,0.0,1.0,scenario_rapid_throttle_transition,scenario_rapid_throttle_transition.csv,0,rapid_throttle_transition,0
1780420485.0,485.0,580.0,0.0,579.88,0.0,21.809244776715005,21.941226197265078,52.56034257263749,2.409078769858552,-1.826151396351903,52.56034257263749,0.8803079612688419,5159.795641064962,893.5799127448547,133.25414072600208,104.04836389765694,4.586144653017057,23.026399004141727,1.0278034094250095,12.44,3.262,100.0,healthy,0.0,1.0,scenario_rapid_throttle_transition,scenario_rapid_throttle_transition.csv,0,rapid_throttle_transition,0
1780420485.25,485.25,580.0,0.0,579.88,0.0,21.86855457569676,22.619353521398263,55.10849180338921,1.5588782512504,-1.4428827767987122,55.10849180338921,0.8812404195641138,4472.809560989799,889.9703961324648,126.1854375708795,102.25112229131256,4.422871523933316,20.14238378816697,0.9428741601190935,12.434,3.413,100.0,healthy,0.0,1.0,scenario_rapid_throttle_transition,scenario_rapid_throttle_transition.csv,0,rapid_throttle_transition,0
1780420485.5,485.5,580.0,0.0,579.88,0.0,21.913786986811566,21.832925175059845,56.157497333320045,1.4990180361102357,-1.6536824844771008,56.157497333320045,0.8795303818223826,5577.944115577224,924.9092652692166,127.97763045195504,75.55991617530155,4.503744559464616,21.84450278517096,1.0143881514774473,12.399,3.415,100.0,healthy,0.0,1.0,scenario_rapid_throttle_transition,scenario_rapid_throttle_transition.csv,0,rapid_throttle_transition,0
1780420485.75,485.75,581.9198061740188,1.9198061740188148,581.7998061740188,0.0,2.945833211925749,2.890186447150596,54.47810000023561,0.8221661724739433,-1.2311979275316922,54.47810000023561,0.34084816691463105,4158.750873689309,899.2940746525078,150.49534506536818,78.87693964019206,3.7802358067710733,15.960169174489724,0.8881659212598557,12.425,2.028,100.0,healthy,0.0,1.0,scenario_rapid_throttle_transition,scenario_rapid_throttle_transition.csv,0,rapid_throttle_transition,0
1780420486.0,486.0,580.0,0.0,579.88,0.0,3.034872988814361,2.9268839316285997,56.567159572424465,1.6095054311511987,-2.1271584111806447,56.567159572424465,0.33959162343695287,4062.0529174118997,908.0689868451332,148.04139215173066,85.3024763072985,3.6772528804956,13.230525158667879,0.9814067584907527,12.493,2.105,100.0,healthy,0.0,1.0,scenario_rapid_throttle_transition,scenario_rapid_throttle_transition.csv,0,rapid_throttle_transition,0
1780420486.25,486.25,580.0,0.0,579.88,0.0,3.096055202683279,2.978942331787283,45.242363336548316,-0.062269967908368695,-0.6790747242808272,45.242363336548316,0.34237315620697756,4511.358192452527,907.5843465269048,90.23229547298362,89.82029044686016,3.2425950869165168,15.270662876235608,0.9174084686449551,12.529,2.051,100.0,healthy,0.0,1.0,scenario_rapid_throttle_transition,scenario_rapid_throttle_transition.csv,0,rapid_throttle_transition,0
1780420486.5,486.5,580.0,0.0,579.88,0.0,3.1573052498787684,3.065045236865638,53.6594846651097,2.0713044660805577,-1.3140569171442662,53.6594846651097,0.3397139272313288,4323.706117372694,891.2887834166087,94.71340625306487,58.462728332016226,3.129643123754068,10.494317290041595,0.8899137438350055,12.503,2.014,100.0,healthy,0.0,1.0,scenario_rapid_throttle_transition,scenario_rapid_throttle_transition.csv,0,rapid_throttle_transition,0
1780420486.75,486.75,581.3353429410382,1.3353429410381912,581.2153429410382,0.0,3.1298560731392584,3.156184940360186,54.97672134980507,1.9499238451957868,-1.6778141673022546,54.97672134980507,0.3415969776411174,4910.097640822335,816.8717476218657,119.20404036079071,77.1764933203657,3.7854044447966535,8.973430464551118,0.9161298367541189,12.454,1.85,100.0,healthy,0.0,1.0,scenario_rapid_throttle_transition,scenario_rapid_throttle_transition.csv,0,rapid_throttle_transition,0
1780420487.0,487.0,580.4675919069366,0.467591906936651,580.3475919069366,0.0,3.192509231718513,3.140574816558054,55.4645892309631,2.172177423942629,-0.4327428267965008,55.4645892309631,0.3405532013559645,3333.013072831887,805.3740777456297,104.14380000936839,65.63605168409889,2.6185793096071737,13.09073658284354,0.8190341536924209,12.476,1.92,100.0,healthy,0.0,1.0,scenario_rapid_throttle_transition,scenario_rapid_throttle_transition.csv,0,rapid_throttle_transition,0
1780420487.25,487.25,580.0,0.0,579.88,0.0,3.190677567593234,3.3128200020482366,59.02259197778281,1.9084553823685029,-1.4820891578941269,59.02259197778281,0.342234859697994,3935.9671595956115,829.8234698782359,141.92153837298295,87.01369785540565,3.2763677486714258,10.088563469384685,1.0098633870524485,12.507,1.996,100.0,healthy,0.0,1.0,scenario_rapid_throttle_transition,scenario_rapid_throttle_transition.csv,0,rapid_throttle_transition,0
1780420487.5,487.5,580.0,0.0,579.88,0.0,3.1782396167187206,3.32793830823589,54.111800296068395,2.3651539419836514,-1.8811979036835418,54.111800296068395,0.33908432477070316,3914.405525822302,819.4810746355288,98.93031976850733,88.45779893742828,3.135526469774768,10.521554586736611,0.9874136972586932,12.596,2.138,100.0,healthy,0.0,1.0,scenario_rapid_throttle_transition,scenario_rapid_throttle_transition.csv,0,rapid_throttle_transition,0
1780420487.75,487.75,581.7743444370892,1.77434443708926,581.6543444370892,0.0,3.1633475057130527,3.2797686871433496,57.45736311671691,2.3157655670687802,-1.3550986782737129,57.45736311671691,0.3387268491380918,3413.7843640172646,825.8109440568887,150.98441103267402,79.2769351190637,2.8010495628628185,10.439141953994342,0.9516858243529622,12.446,2.063,100.0,healthy,0.0,1.0,scenario_rapid_throttle_transition,scenario_rapid_throttle_transition.csv,0,rapid_throttle_transition,0
1780420488.0,488.0,580.0,0.0,579.88,0.0,3.164586631974585,3.2596509464694416,58.318919113280785,2.083196915188397,-0.07620710312143064,58.318919113280785,0.34111797298681995,3675.046166311932,777.7953093895629,112.42945265167262,78.91467555451327,2.7565465669286806,10.2273048958945,0.9142516758446197,12.484,2.066,100.0,healthy,0.0,1.0,scenario_rapid_throttle_transition,scenario_rapid_throttle_transition.csv,0,rapid_throttle_transition,0
1780420488.25,488.25,581.5464910769053,1.5464910769052986,581.4264910769053,0.0,3.158840826090094,3.1063258390145614,52.00184502242889,0.8786696699535028,-2.2221028880135267,52.00184502242889,0.34056673872228904,3156.971353421316,823.6669064128522,119.88308747478662,58.95678236693924,2.930233948418194,9.456485912409706,0.7410776897961693,12.504,2.066,100.0,healthy,0.0,1.0,scenario_rapid_throttle_transition,scenario_rapid_throttle_transition.csv,0,rapid_throttle_transition,0
1780420488.5,488.5,581.9068577587982,1.9068577587981763,581.7868577587982,0.0,3.214781842774522,3.208074156450887,51.36192324676722,2.6985698601361645,-1.1680445108090085,51.36192324676722,0.33862351941268537,2312.7127601775464,829.3785291969347,115.82660816720939,73.27171491818652,3.0690164582870967,6.937620119893083,0.9422061979726906,12.45,2.067,100.0,healthy,0.0,1.0,scenario_rapid_throttle_transition,scenario_rapid_throttle_transition.csv,0,rapid_throttle_transition,0
1780420488.75,488.75,580.3047066618145,0.30470666181453226,580.1847066618145,0.0,3.265997773330916,3.2486916858395234,52.395266590850035,2.2025120916701337,-2.122480523358834,52.395266590850035,0.3360447973377115,3277.2823341898907,827.9372972179615,140.78151531299065,89.08474012362635,2.9873967487652524,6.759441177664265,0.8830352083932109,12.526,2.028,100.0,healthy,0.0,1.0,scenario_rapid_throttle_transition,scenario_rapid_throttle_transition.csv,0,rapid_throttle_transition,0
1780420489.0,489.0,580.0,0.0,579.88,0.0,3.2538938410770637,3.225852491297171,57.20202827218398,1.6101983759483098,-1.6738272996239738,57.20202827218398,0.3353634304422788,3401.4007158907702,806.6183014469607,113.00278869936416,73.02764025779489,2.4446342448582983,9.162435803583994,0.9483324181090039,12.545,1.99,100.0,healthy,0.0,1.0,scenario_rapid_throttle_transition,scenario_rapid_throttle_transition.csv,0,rapid_throttle_transition,0
1780420489.25,489.25,580.365785614351,0.36578561435096846,580.245785614351,0.0,3.275153844306865,3.1139233584500143,52.275106411514535,1.705572846863145,-1.7237529448638103,52.275106411514535,0.33613060850893084,3262.547216115494,804.7205429396323,124.07845135712559,82.69378139360695,2.7906306254872777,8.317951967641086,1.0305862830519739,12.534,1.98,100.0,healthy,0.0,1.0,scenario_rapid_throttle_transition,scenario_rapid_throttle_transition.csv,0,rapid_throttle_transition,0
1780420489.5,489.5,580.0,0.0,579.88,0.0,3.358335476684756,3.2210835192276495,61.20004971096359,2.0933064460355193,-1.3594919785440902,61.20004971096359,0.3392205515987715,2967.9060136719813,756.3810429767764,89.12542907266851,80.5699206621151,3.067583979884323,8.171405047712339,0.9449988582351774,12.565,1.9,100.0,healthy,0.0,1.0,scenario_rapid_throttle_transition,scenario_rapid_throttle_transition.csv,0,rapid_throttle_transition,0
1780420489.75,489.75,580.0,0.0,579.88,0.0,3.3798114431498703,3.5380939938023306,55.04475534642869,1.2520188366008536,-1.2382103706474097,55.04475534642869,0.3438706982117246,2705.1746891364187,790.7130635137586,84.56861153170044,81.52291420031555,3.2049912731693184,8.497328948094703,1.0307501026670551,12.533,1.984,100.0,healthy,0.0,1.0,scenario_rapid_throttle_transition,scenario_rapid_throttle_transition.csv,0,rapid_throttle_transition,0
1780420490.0,490.0,580.0,0.0,579.88,0.0,3.364895101234939,3.460498940724238,62.32334047335229,2.698207766892746,-1.8754618514308952,62.32334047335229,0.3441728645081926,2811.897785071487,786.0695166762671,110.52148373268668,83.33358008070971,2.620338350368116,8.036002698540987,0.9075464130672777,12.442,2.052,100.0,healthy,0.0,1.0,scenario_rapid_throttle_transition,scenario_rapid_throttle_transition.csv,0,rapid_throttle_transition,0
1780420490.25,490.25,580.0,0.0,579.88,0.0,3.351103138126816,3.314693644522385,53.68639129823575,1.943028736351419,-2.057058241860011,53.68639129823575,0.34183628266376787,2597.460836299672,818.5751927769998,117.05559443178431,87.30761253103172,2.539645129788284,7.237443244792268,1.008170922683719,12.472,2.111,100.0,healthy,0.0,1.0,scenario_rapid_throttle_transition,scenario_rapid_throttle_transition.csv,0,rapid_throttle_transition,0
1780420490.5,490.5,580.1548656766095,0.1548656766094512,580.0348656766095,0.0,3.361154480509061,3.233268597571496,47.9803133536017,1.8070255122162295,-1.2503021775470908,47.9803133536017,0.3464267089449828,3148.4784040267546,797.2636625399618,99.21769799056031,66.12589108314768,2.5846981073523962,10.492350169105286,0.9229692021029697,12.458,1.962,100.0,healthy,0.0,1.0,scenario_rapid_throttle_transition,scenario_rapid_throttle_transition.csv,0,rapid_throttle_transition,0
1780420490.75,490.75,580.0,0.0,579.88,0.0,3.3660715772725798,3.426647906732322,52.13775179902292,1.1536792227316792,-1.0195186108779972,52.13775179902292,0.3479383292905381,3257.013431120027,772.4468115312544,100.11041870824565,86.95311114455427,2.6533768975266065,11.965575509760944,0.975177244051574,12.53,1.882,100.0,healthy,0.0,1.0,scenario_rapid_throttle_transition,scenario_rapid_throttle_transition.csv,0,rapid_throttle_transition,0
1780420491.0,491.0,580.0,0.0,579.88,0.0,3.4307491699837827,3.4665341001353345,56.18222464540445,2.2910844440692295,-1.9638796815768624,56.18222464540445,0.3515986862627996,2709.916137123691,757.5867687056428,70.02995630385519,84.37406737004794,2.4015125830970887,7.673753305940701,0.9806018267221387,12.499,2.248,100.0,healthy,0.0,1.0,scenario_rapid_throttle_transition,scenario_rapid_throttle_transition.csv,0,rapid_throttle_transition,0
1780420491.25,491.25,582.2130450605235,2.213045060523527,582.0930450605235,0.0,3.5088100625275542,3.359207056363849,58.20672681325055,0.7842438298059554,-1.1056761133207136,58.20672681325055,0.34953204507431435,2988.7368719755264,777.0838871105609,103.40641354456305,69.62113326122255,2.9713213044166618,8.641623435279355,0.8897239892941343,12.358,1.901,100.0,healthy,0.0,1.0,scenario_rapid_throttle_transition,scenario_rapid_throttle_transition.csv,0,rapid_throttle_transition,0
1780420491.5,491.5,581.3409361102324,1.3409361102324544,581.2209361102324,0.0,3.568445623448373,3.6855030091370975,52.33522392501553,0.6432525848417161,-0.7323941820322388,52.33522392501553,0.34876172824189133,3667.7489366053514,773.6967584805053,111.40547114894409,57.72773611895971,3.0108251322176467,8.778068827626537,0.8966509317128356,12.491,2.128,100.0,healthy,0.0,1.0,scenario_rapid_throttle_transition,scenario_rapid_throttle_transition.csv,0,rapid_throttle_transition,0
1780420491.75,491.75,580.0,0.0,579.88,0.0,3.6280217984851224,3.683368345593716,53.375949969279375,2.711529112011311,-1.7717412778214185,53.375949969279375,0.34881553708049784,3868.2495211032897,816.3484510596884,56.72963996398409,76.5647278868128,2.6894027761073405,8.135792224307988,0.970333898936894,12.487,1.964,100.0,healthy,0.0,1.0,scenario_rapid_throttle_transition,scenario_rapid_throttle_transition.csv,0,rapid_throttle_transition,0
1780420492.0,492.0,580.0,0.0,579.88,0.0,3.7036793604844576,3.838905334036242,54.124901987124936,1.4277441998891183,-2.5028858755490067,54.124901987124936,0.34980551817204314,2553.0986088829723,789.6358370556025,130.98840618425814,71.9939662097903,2.402692596368542,4.974534644764497,0.9322359979663254,12.485,1.889,100.0,healthy,0.0,1.0,scenario_rapid_throttle_transition,scenario_rapid_throttle_transition.csv,0,rapid_throttle_transition,0
1780420492.25,492.25,580.7651390093071,0.7651390093070884,580.6451390093071,0.0,3.7778581170492873,3.8497487579094187,56.66538762968994,1.4182790812064145,-1.8035982297407462,56.66538762968994,0.3478571057637301,2537.6294320177517,755.074492016422,94.28590987329649,71.9313625536906,3.139881816513727,8.565748396929552,0.8921296675108156,12.466,1.964,100.0,healthy,0.0,1.0,scenario_rapid_throttle_transition,scenario_rapid_throttle_transition.csv,0,rapid_throttle_transition,0
1780420492.5,492.5,580.5062014199002,0.5062014199001859,580.3862014199002,0.0,3.8489904936898296,3.851500211979555,57.36009182831803,2.244152526440983,-2.753146507271484,57.36009182831803,0.3470962270408977,2824.757894906506,726.2314485397944,65.4401604516562,79.95034060463759,3.0596212497488553,5.100696346051132,1.0230635355361513,12.481,1.97,100.0,healthy,0.0,1.0,scenario_rapid_throttle_transition,scenario_rapid_throttle_transition.csv,0,rapid_throttle_transition,0
1780420492.75,492.75,580.0,0.0,579.88,0.0,3.903610625617353,4.095078506717175,57.820309396432776,0.9526042693606493,-2.1889991388581405,57.820309396432776,0.3489188514493544,2963.986253892122,781.8769206659485,88.16496144405987,88.33574489208637,2.785970724910169,8.810743165003512,0.9869548548291309,12.508,2.02,100.0,healthy,0.0,1.0,scenario_rapid_throttle_transition,scenario_rapid_throttle_transition.csv,0,rapid_throttle_transition,0
1780420493.0,493.0,580.0,0.0,579.88,0.0,3.9658303239875683,4.077839550178149,49.83781028973347,1.1072904698378123,-1.5773325437570382,49.83781028973347,0.3482036955816534,3727.412666465265,700.6742170020763,86.79499205072719,80.48359827136696,3.277377929386528,6.3858832237636385,1.0282372085650464,12.467,2.16,100.0,healthy,0.0,1.0,scenario_rapid_throttle_transition,scenario_rapid_throttle_transition.csv,0,rapid_throttle_transition,0
1780420493.25,493.25,580.0,0.0,579.88,0.0,4.017058008228338,3.996681323444331,55.612946040805724,1.8234303385409585,-1.6513764201110455,55.612946040805724,0.34814025181227704,3242.265299821959,792.6781104549675,75.6642751515698,61.081313862767885,2.9056941244256014,7.502481519404254,0.9505864917764518,12.555,2.056,100.0,healthy,0.0,1.0,scenario_rapid_throttle_transition,scenario_rapid_throttle_transition.csv,0,rapid_throttle_transition,0
1780420493.5,493.5,580.3690843364598,0.36908433645972244,580.2490843364598,0.0,4.02170032412127,4.122936939722873,52.83242984182407,1.3502965682996988,-2.5073351344320596,52.83242984182407,0.3495740707746863,4051.392745831493,754.151524004891,73.20405599836852,46.86643927863163,2.5613170256468325,6.675220640101351,0.8440945573142178,12.521,2.114,100.0,healthy,0.0,1.0,scenario_rapid_throttle_transition,scenario_rapid_throttle_transition.csv,0,rapid_throttle_transition,0
1780420493.75,493.75,580.0,0.0,579.88,0.0,4.067207867723898,4.014155583083419,53.892813804857795,2.208362037545188,-1.5453097547271202,53.892813804857795,0.3476614770360429,3165.461355975446,782.1306864225605,82.0367521792404,66.32391668416415,2.63151267371185,8.636628487527945,0.8831813943942851,12.481,2.007,100.0,healthy,0.0,1.0,scenario_rapid_throttle_transition,scenario_rapid_throttle_transition.csv,0,rapid_throttle_transition,0
1780420494.0,494.0,580.0,0.0,579.88,0.0,4.119504980746418,4.050084245145098,59.70207072118895,0.5730533188495923,-1.8232564387084718,59.70207072118895,0.3449471041291176,2846.107495645975,761.5758787137263,85.40650246621732,83.49688115652827,3.1110050073276683,11.157667996409613,0.9042952417716862,12.511,2.161,100.0,healthy,0.0,1.0,scenario_rapid_throttle_transition,scenario_rapid_throttle_transition.csv,0,rapid_throttle_transition,0
1780420494.25,494.25,581.2107322330243,1.2107322330242125,581.0907322330243,0.0,4.192884487180104,4.222480142405258,53.2059864318098,0.8824073988959189,-2.1529494762276027,53.2059864318098,0.3480825303398444,3581.5605208025263,757.7941133671387,112.95020862298149,83.94867703945694,2.9918496160393,4.647036755223567,1.0097687896256977,12.51,2.115,100.0,healthy,0.0,1.0,scenario_rapid_throttle_transition,scenario_rapid_throttle_transition.csv,0,rapid_throttle_transition,0
1780420494.5,494.5,580.0,0.0,579.88,0.0,4.157807584989351,4.265093734713244,52.99221173180027,2.675360018687802,-1.5708152026024544,52.99221173180027,0.3494139270128909,2831.140287168529,732.2004754793959,70.9667043379574,96.46656428261542,2.8323040966785373,5.464884956840678,0.8980022585328409,12.461,2.224,100.0,healthy,0.0,1.0,scenario_rapid_throttle_transition,scenario_rapid_throttle_transition.csv,0,rapid_throttle_transition,0
1780420494.75,494.75,581.4364956330502,1.4364956330501655,581.3164956330502,0.0,4.176097784425838,4.257810423294183,53.46013699444313,1.1616965175474667,-1.4004712116621327,53.46013699444313,0.34999148936143093,2995.3010502165284,764.1204612004108,85.3079435650233,69.67348006031771,2.8423601441944584,9.568996619705727,0.9681554618977702,12.537,2.112,100.0,healthy,0.0,1.0,scenario_rapid_throttle_transition,scenario_rapid_throttle_transition.csv,0,rapid_throttle_transition,0
1780420495.0,495.0,580.0,0.0,579.88,0.0,4.240274342024795,4.17766186886677,52.79644994108635,2.347635521764996,-1.5026605349195707,52.79644994108635,0.3494046786868714,3802.488809695757,813.5507820595349,103.83353473816463,85.41199790938175,2.1896230212073373,7.897045155287239,0.9606808309566355,12.547,2.071,100.0,healthy,0.0,1.0,scenario_rapid_throttle_transition,scenario_rapid_throttle_transition.csv,0,rapid_throttle_transition,0
1780420495.25,495.25,583.3616032138158,3.3616032138157337,583.2416032138158,0.0,4.263024510618948,4.324077968807821,57.547521705697335,0.2373702028384257,-1.3125947160848959,57.547521705697335,0.3468859806736362,3396.83097309851,794.6958302224509,70.37465779174704,92.95769746945118,2.6314113556688645,6.325980908120587,0.9031663909404491,12.484,2.245,100.0,healthy,0.0,1.0,scenario_rapid_throttle_transition,scenario_rapid_throttle_transition.csv,0,rapid_throttle_transition,0
1780420495.5,495.5,581.5920200997397,1.592020099739718,581.4720200997397,0.0,4.30806699974876,4.093265425545691,63.61554990044494,2.547558151240345,-1.121148412642654,63.61554990044494,0.3442869602218663,3350.0152748074997,758.337683742137,60.63708974658317,71.95358032389144,2.2635406089889347,8.721111866311013,0.829436207473903,12.425,1.856,100.0,healthy,0.0,1.0,scenario_rapid_throttle_transition,scenario_rapid_throttle_transition.csv,0,rapid_throttle_transition,0
1780420495.75,495.75,580.0,0.0,579.88,0.0,4.339155555505402,4.255273709410133,58.9772335978559,1.294233470204604,-1.2641814739880095,58.9772335978559,0.34637019874908126,3098.0719155190636,792.9914474571477,79.51260397023641,71.53964747450452,2.900858491141344,10.005462049541947,0.8267289602103324,12.426,2.063,100.0,healthy,0.0,1.0,scenario_rapid_throttle_transition,scenario_rapid_throttle_transition.csv,0,rapid_throttle_transition,0
1780420496.0,496.0,581.0865612347224,1.0865612347223927,580.9665612347223,0.0,4.3357586169794855,4.188937493616947,49.48118221076422,1.1242569176002912,-1.252134999036663,49.48118221076422,0.34419577568217474,2328.3519531353445,756.3849204859242,83.34295173734782,81.02416604973479,2.848865884693516,8.515991671406125,1.0012571679154734,12.584,2.016,100.0,healthy,0.0,1.0,scenario_rapid_throttle_transition,scenario_rapid_throttle_transition.csv,0,rapid_throttle_transition,0
1780420496.25,496.25,580.0,0.0,579.88,0.0,4.315637233590149,4.101566963222409,53.72138287551632,1.0860500848528527,-2.2810343737951086,53.72138287551632,0.34475599693042996,3427.0563557414484,815.6955932002451,64.61931805367053,74.83168472782047,2.4482207956269337,8.17702637070884,0.9989992846393302,12.508,2.026,100.0,healthy,0.0,1.0,scenario_rapid_throttle_transition,scenario_rapid_throttle_transition.csv,0,rapid_throttle_transition,0
1780420496.5,496.5,582.5220487686363,2.522048768636325,582.4020487686363,0.0,4.360108225943466,4.164180816349872,50.56626185302375,0.642905293826471,-2.311032435009147,50.56626185302375,0.3455279147946438,3171.0097225074,782.5943909184139,120.83326936280496,54.46470331607584,2.948352321932087,3.3822361132632954,0.9502012150415011,12.525,2.173,100.0,healthy,0.0,1.0,scenario_rapid_throttle_transition,scenario_rapid_throttle_transition.csv,0,rapid_throttle_transition,0
1780420496.75,496.75,582.9726138006085,2.9726138006084994,582.8526138006085,0.0,4.329547507788732,4.184705902946797,60.35555561396639,1.1763957738416229,-2.1882918019176323,60.35555561396639,0.3505887764326797,2902.860334050622,713.8122601832154,72.88469763756692,75.0028221922976,2.848717022103041,9.361252802488815,0.9659382577705605,12.457,1.991,100.0,healthy,0.0,1.0,scenario_rapid_throttle_transition,scenario_rapid_throttle_transition.csv,0,rapid_throttle_transition,0
1780420497.0,497.0,580.0,0.0,579.88,0.0,4.343779928397956,4.315437001086291,62.08260679056268,0.7707712448119068,-1.6179709345275208,62.08260679056268,0.35057011869491495,3658.511228929476,765.3152945709154,62.89485060225813,75.62971696770018,3.17473410430174,10.080949737197535,0.9730833031754654,12.566,2.134,100.0,healthy,0.0,1.0,scenario_rapid_throttle_transition,scenario_rapid_throttle_transition.csv,0,rapid_throttle_transition,0
1780420497.25,497.25,580.0,0.0,579.88,0.0,4.409351453917725,4.438373638306581,55.792052036052254,0.18776386594081185,-2.5218014791692935,55.792052036052254,0.3549107234597924,3416.1455285726856,810.0709937594055,101.7145353442895,59.686553898618385,2.0862858330559737,6.008077505259745,0.8925177695349581,12.487,2.027,100.0,healthy,0.0,1.0,scenario_rapid_throttle_transition,scenario_rapid_throttle_transition.csv,0,rapid_throttle_transition,0
1780420497.5,497.5,580.6281253044991,0.628125304499117,580.5081253044991,0.0,4.447028226760164,4.273664623554399,58.48837509770463,0.3061962503808383,-1.9845852495349234,58.48837509770463,0.3578201728450805,3495.0577273242716,800.0986206319977,102.08677134768064,54.253900243666045,2.945040593316035,9.403833057439673,0.7609861670154163,12.496,2.197,100.0,healthy,0.0,1.0,scenario_rapid_throttle_transition,scenario_rapid_throttle_transition.csv,0,rapid_throttle_transition,0
1780420497.75,497.75,580.0,0.0,579.88,0.0,4.460526596699699,4.438324145150422,57.00336021004264,2.275527201847168,-2.579967163117779,57.00336021004264,0.35963975553281835,2203.40357531391,740.2390847555915,80.15535475327306,85.39654097218695,3.182303075128408,7.2671540154118155,0.9456639847329544,12.517,2.062,100.0,healthy,0.0,1.0,scenario_rapid_throttle_transition,scenario_rapid_throttle_transition.csv,0,rapid_throttle_transition,0
1780420498.0,498.0,581.8852535830324,1.8852535830324386,581.7652535830324,0.0,4.4884847846230045,4.472034989239793,58.84893144279352,1.5044664786887623,-1.283834174526119,58.84893144279352,0.3607446048516016,3040.9170937129384,778.5091322303824,69.88461907319378,57.355778856785484,3.0609741235857078,7.854294672362477,0.87724373758832,12.47,2.104,100.0,healthy,0.0,1.0,scenario_rapid_throttle_transition,scenario_rapid_throttle_transition.csv,0,rapid_throttle_transition,0
1780420498.25,498.25,580.7964960259775,0.7964960259774534,580.6764960259775,0.0,4.495082925217471,4.3214284604703,57.451195500317375,3.0526197443510585,-1.9955497801623634,57.451195500317375,0.36392806608845907,3559.388028936809,746.5087394320418,79.70858180146453,40.0351522220543,3.16414211113922,7.441105351339126,0.8230616833123712,12.435,1.935,100.0,healthy,0.0,1.0,scenario_rapid_throttle_transition,scenario_rapid_throttle_transition.csv,0,rapid_throttle_transition,0
1780420498.5,498.5,580.774101705746,0.7741017057460395,580.654101705746,0.0,4.471760329965275,4.5680218811267395,59.434003257163056,0.5539586261215735,-1.7746723008215162,59.434003257163056,0.3605675076138446,3078.2695194388907,770.3912657649095,98.54283167361115,74.46593785536577,3.157646812285442,5.830689559633514,0.9669406514378834,12.497,2.252,100.0,healthy,0.0,1.0,scenario_rapid_throttle_transition,scenario_rapid_throttle_transition.csv,0,rapid_throttle_transition,0
1780420498.75,498.75,580.0,0.0,579.88,0.0,4.492795851031969,4.381885790507364,60.11749058669659,1.2904427527959645,-1.616861752099306,60.11749058669659,0.36409869035629433,2611.1351699138536,786.1875195194449,77.0703074663313,74.7378379701621,2.8793623657121956,8.555664655042074,0.911187287788866,12.497,2.215,100.0,healthy,0.0,1.0,scenario_rapid_throttle_transition,scenario_rapid_throttle_transition.csv,0,rapid_throttle_transition,0
1780420499.0,499.0,581.335373097071,1.3353730970710744,581.215373097071,0.0,4.564825799691697,4.628638283520447,54.062395531930285,-0.0066122127616575765,-2.594017366926792,54.062395531930285,0.3663948524705702,3079.6403457828333,758.2704327204358,87.20701825391808,49.20568407940847,2.7103836047678915,5.330245238703267,0.8441660406128801,12.466,2.027,100.0,healthy,0.0,1.0,scenario_rapid_throttle_transition,scenario_rapid_throttle_transition.csv,0,rapid_throttle_transition,0
1780420499.25,499.25,580.0,0.0,579.88,0.0,4.6003844279006865,4.753374835039609,56.43706216876408,1.1312741818400882,-1.5206082005160222,56.43706216876408,0.36254500652773125,3457.2938492939024,796.6311937397564,59.01021834489044,59.47305418569248,2.7805611181140493,11.657068243255331,0.9514812179724871,12.462,1.91,100.0,healthy,0.0,1.0,scenario_rapid_throttle_transition,scenario_rapid_throttle_transition.csv,0,rapid_throttle_transition,0
1780420499.5,499.5,580.0,0.0,579.88,0.0,4.5795218677982445,4.434280898264733,56.18987768699694,1.6819133456845115,-1.4279357302348223,56.18987768699694,0.36159407553589024,2898.4280578100042,710.7309312683371,83.89398658919255,46.14212368630557,2.0336469783470013,8.755168538354756,0.9037061205443692,12.58,1.936,100.0,healthy,0.0,1.0,scenario_rapid_throttle_transition,scenario_rapid_throttle_transition.csv,0,rapid_throttle_transition,0
1780420499.75,499.75,580.8712624392181,0.8712624392180532,580.7512624392181,0.0,4.625212633965444,4.650906196259,55.72548037735977,0.5385229379613894,-2.7455443956277263,55.72548037735977,0.3656993213396841,3468.2565481189854,762.1960960717576,93.38170627021401,79.04039667759103,2.765177337585282,7.9553785914197155,0.7898731023820122,12.545,2.191,100.0,healthy,0.0,1.0,scenario_rapid_throttle_transition,scenario_rapid_throttle_transition.csv,0,rapid_throttle_transition,0
1780420500.0,500.0,580.9175237081474,0.9175237081473784,580.7975237081474,0.0,4.659803866690993,4.770517889348563,57.941940601463095,0.49102429059353364,-0.7418307664831676,57.941940601463095,0.36794204665340907,3332.8575894926453,783.006966390006,91.8977557945777,82.87245834580806,3.0860597057554235,12.231373860316449,0.8422669329429235,12.502,2.186,100.0,healthy,0.0,1.0,scenario_rapid_throttle_transition,scenario_rapid_throttle_transition.csv,0,rapid_throttle_transition,0
1780420500.25,500.25,580.5685273697267,0.5685273697267187,580.4485273697267,0.0,4.725417141451266,4.579481690457074,57.49153551967731,-0.2247524393636402,-1.6279731457619782,57.49153551967731,0.3709798801630862,2932.260828545306,762.1951312389073,103.34332429087964,52.1119223325451,2.5217638090124517,9.45158785733403,0.937766737459824,12.494,2.284,100.0,healthy,0.0,1.0,scenario_rapid_throttle_transition,scenario_rapid_throttle_transition.csv,0,rapid_throttle_transition,0
1780420500.5,500.5,580.0,0.0,579.88,0.0,4.736778202428513,4.811914180180049,53.91116578289833,0.03955226774538412,-1.3479366420637167,53.91116578289833,0.3722407916369305,3661.2598918391964,686.2752116906232,83.52124885749261,65.05284852269538,2.7496777954150042,8.698006375664797,0.7556150313683827,12.437,1.99,100.0,healthy,0.0,1.0,scenario_rapid_throttle_transition,scenario_rapid_throttle_transition.csv,0,rapid_throttle_transition,0
1780420500.75,500.75,580.0,0.0,579.88,0.0,4.768665651043866,4.7936748986322595,51.204783575628376,1.294233223415337,-2.281271237359981,51.204783575628376,0.3713154564759123,3621.9711535944452,750.7560966824498,64.56904368069169,65.95171449683556,2.54902199700185,12.40537828191825,0.8650929128538108,12.491,2.048,100.0,healthy,0.0,1.0,scenario_rapid_throttle_transition,scenario_rapid_throttle_transition.csv,0,rapid_throttle_transition,0
1780420501.0,501.0,580.0,0.0,579.88,0.0,4.847841129887745,4.706366153176098,62.02434992402335,0.8851384145858647,-2.2031746320287735,62.02434992402335,0.36821880211491315,2889.7921845352225,746.5865849545148,92.82533095540894,87.47378659177011,2.8217253387027577,9.233664491084179,0.9098451363928792,12.472,2.117,100.0,healthy,0.0,1.0,scenario_rapid_throttle_transition,scenario_rapid_throttle_transition.csv,0,rapid_throttle_transition,0
1780420501.25,501.25,580.0,0.0,579.88,0.0,4.886456326890164,4.805915127543073,49.42732514468476,-0.02269311506113203,-1.6629518720602823,49.42732514468476,0.3648352999314619,2289.5072654311343,733.8068297239325,81.60047579722333,48.38241405937403,1.9875104958962533,9.48737325955925,0.8436487198579995,12.512,2.119,100.0,healthy,0.0,1.0,scenario_rapid_throttle_transition,scenario_rapid_throttle_transition.csv,0,rapid_throttle_transition,0
1780420501.5,501.5,582.087069706507,2.087069706507017,581.967069706507,0.0,4.958670487314853,5.062490206358798,56.722192606603,-0.31521635242090584,-1.8245222994699946,56.722192606603,0.3628661460555197,3385.2603155293746,750.5157853079832,79.91106228247514,77.27340384592401,2.594539823216973,4.561811079805072,0.9438113703358945,12.432,2.173,100.0,healthy,0.0,1.0,scenario_rapid_throttle_transition,scenario_rapid_throttle_transition.csv,0,rapid_throttle_transition,0
1780420501.75,501.75,580.0,0.0,579.88,0.0,4.938176381207431,5.057543748452085,60.87166182106413,0.5256230112675729,-2.5515144246731762,60.87166182106413,0.36355181959221144,3703.7590755969404,767.6836991479136,83.95122109147636,68.09365964818947,2.392479871526848,6.057811370925846,0.8331111016177701,12.521,2.038,100.0,healthy,0.0,1.0,scenario_rapid_throttle_transition,scenario_rapid_throttle_transition.csv,0,rapid_throttle_transition,0
1780420502.0,502.0,581.2542158187821,1.2542158187820776,581.1342158187821,0.0,5.003597780306577,5.1743519080432305,58.5194287869668,0.5110534181015943,-1.529337582979636,58.5194287869668,0.3609622363417149,3410.9514115994616,765.9111394553629,80.4656894360489,33.48687328859431,2.2862257753015087,10.336342209247585,0.7743467775242033,12.642,2.117,100.0,healthy,0.0,1.0,scenario_rapid_throttle_transition,scenario_rapid_throttle_transition.csv,0,rapid_throttle_transition,0
1780420502.25,502.25,580.4602791573029,0.46027915730288554,580.3402791573029,0.0,5.015831620920772,5.032156710515343,64.31982235677683,0.37162117007519363,-0.8655281391354874,64.31982235677683,0.3617861395131925,3237.1750866736315,767.8964656600969,79.50809523374423,44.27035360022501,3.0054637227997376,9.16153480524073,0.8183409383709921,12.485,2.103,100.0,healthy,0.0,1.0,scenario_rapid_throttle_transition,scenario_rapid_throttle_transition.csv,0,rapid_throttle_transition,0
1780420502.5,502.5,580.0,0.0,579.88,0.0,5.016923417727919,4.78892490593232,57.368623925678264,1.6081509460745624,-1.7417038357366523,57.368623925678264,0.36393054481449955,3802.6297019881704,745.8936685842107,63.10365382828208,38.40934751567912,3.040091896253511,10.482657753508148,0.8802717091274443,12.48,2.241,100.0,healthy,0.0,1.0,scenario_rapid_throttle_transition,scenario_rapid_throttle_transition.csv,0,rapid_throttle_transition,0
1780420502.75,502.75,580.0,0.0,579.88,0.0,5.038123810103538,4.9273376280518715,51.90774259538565,0.4973248741218843,-2.041286755310308,51.90774259538565,0.36405063177086133,3411.9990332450225,763.6520674050709,69.06882286011201,63.90781850020065,2.50705700386004,6.603249517641796,0.8657069761275636,12.449,1.994,100.0,healthy,0.0,1.0,scenario_rapid_throttle_transition,scenario_rapid_throttle_transition.csv,0,rapid_throttle_transition,0
1780420503.0,503.0,580.9784270543755,0.9784270543755256,580.8584270543755,0.0,5.093458711391012,4.895081280644874,59.42925561761519,1.1352256368476128,-1.2230920729148775,59.42925561761519,0.36247215661869786,3116.872425902625,772.4777665037889,95.71931654587826,66.30373460407755,3.1807393425736556,5.669355983209968,0.9004740000972626,12.526,2.023,100.0,healthy,0.0,1.0,scenario_rapid_throttle_transition,scenario_rapid_throttle_transition.csv,0,rapid_throttle_transition,0
1780420503.25,503.25,580.0,0.0,579.88,0.0,5.075719515094646,4.888159937393958,61.13392682331382,1.1445495630801834,-2.1541644159174376,61.13392682331382,0.3635781153425045,3767.280751832898,750.4094630549595,50.68524467981937,81.92078692293285,2.7677095170943256,9.699962327267837,0.9647669336773103,12.536,2.159,100.0,healthy,0.0,1.0,scenario_rapid_throttle_transition,scenario_rapid_throttle_transition.csv,0,rapid_throttle_transition,0
1780420503.5,503.5,580.0,0.0,579.88,0.0,5.131238972891439,5.099401890447984,57.48236318407463,-0.5285255802617619,-2.6798372886545216,57.48236318407463,0.366300542619646,3364.3599402918053,723.6286945164123,81.66161595671552,33.08546120327232,2.2843796158081067,7.418514597296672,1.0474906593979936,12.507,2.004,100.0,healthy,0.0,1.0,scenario_rapid_throttle_transition,scenario_rapid_throttle_transition.csv,0,rapid_throttle_transition,0
1780420503.75,503.75,580.0619763444026,0.06197634440265426,579.9419763444026,0.0,5.194085740526065,5.122015749355331,56.143118414781235,0.6098363346614821,-1.58931704390926,56.143118414781235,0.36318852260324,3192.095179262746,749.9374525769266,74.73086296984823,71.32473772437906,2.7315536548160515,5.552615254212903,0.9537020680716901,12.457,2.062,100.0,healthy,0.0,1.0,scenario_rapid_throttle_transition,scenario_rapid_throttle_transition.csv,0,rapid_throttle_transition,0
1780420504.0,504.0,580.0,0.0,579.88,0.0,5.208568512524221,5.4557050205577236,52.96450155567037,0.9004198885061359,-2.277176796529857,52.96450155567037,0.3656678951859622,2437.218203003287,755.8577146842241,60.23187123309699,44.953372453118234,2.885646129282316,7.208804970903708,1.000481722599953,12.422,2.11,100.0,healthy,0.0,1.0,scenario_rapid_throttle_transition,scenario_rapid_throttle_transition.csv,0,rapid_throttle_transition,0
1780420504.25,504.25,581.9658395189335,1.9658395189334814,581.8458395189335,0.0,5.2705673835752185,5.386674121585576,54.630509774389274,0.30918372953019857,-2.742498884006153,54.630509774389274,0.3670671700747781,3081.91558784243,740.8748994347351,95.31154632203419,57.54876442306134,3.0450905390854603,9.628710679806689,1.0208461098761545,12.599,2.162,100.0,healthy,0.0,1.0,scenario_rapid_throttle_transition,scenario_rapid_throttle_transition.csv,0,rapid_throttle_transition,0
1780420504.5,504.5,582.4327980810726,2.4327980810725798,582.3127980810726,0.0,5.306537264741802,5.045685491519332,50.3713269799754,0.6828752297678946,-1.2657078278150522,50.3713269799754,0.36998631931305764,3258.0487830205716,723.1113804555836,54.04084165730187,68.10128485735414,2.7486819139741057,9.152620149335435,0.8413579225344696,12.482,2.163,100.0,healthy,0.0,1.0,scenario_rapid_throttle_transition,scenario_rapid_throttle_transition.csv,0,rapid_throttle_transition,0
1780420504.75,504.75,581.1070081906314,1.1070081906313634,580.9870081906314,0.0,5.324898550665973,5.462984413495726,55.99010842732135,-0.15470009057880432,-1.6389725087285267,55.99010842732135,0.3689148194543052,3166.863172120506,749.6767932600528,69.30505590830667,57.487464100237844,2.505122880007959,7.811183462840031,0.8557391464027617,12.576,2.16,100.0,healthy,0.0,1.0,scenario_rapid_throttle_transition,scenario_rapid_throttle_transition.csv,0,rapid_throttle_transition,0
1780420505.0,505.0,580.699702983143,0.699702983142984,580.579702983143,0.0,5.374144728019745,5.1782164348237,50.67449232856875,-0.7542093525727991,-2.7889309548401187,50.67449232856875,0.3724684413898777,3012.2648812034463,732.3861527908102,71.93261221359963,47.778728270004464,1.922327054170054,7.73589897327436,0.783710575112881,12.49,2.277,100.0,healthy,0.0,1.0,scenario_rapid_throttle_transition,scenario_rapid_throttle_transition.csv,0,rapid_throttle_transition,0
1780420505.25,505.25,581.3511785969157,1.351178596915728,581.2311785969157,0.0,5.353549473548928,5.454240440703956,59.29783784866434,0.44714105161123086,-1.8711522695243714,59.29783784866434,0.3720526277150824,2910.918413383036,728.2815330800287,44.0172255708659,82.4436811555374,2.86725216581905,7.321023181652267,1.050463593511279,12.454,2.216,100.0,healthy,0.0,1.0,scenario_rapid_throttle_transition,scenario_rapid_throttle_transition.csv,0,rapid_throttle_transition,0
1780420505.5,505.5,580.8760463402731,0.8760463402731333,580.7560463402731,0.0,5.427457075163866,5.677081569768836,60.64950688829016,0.139376922471481,-2.0206560096128565,60.64950688829016,0.37359961368229716,3038.161497954601,824.687690172686,104.77419770607472,64.27229255732689,2.667285269180336,10.909344471767522,0.82713563345332,12.523,2.248,100.0,healthy,0.0,1.0,scenario_rapid_throttle_transition,scenario_rapid_throttle_transition.csv,0,rapid_throttle_transition,0
1780420505.75,505.75,581.3958432127876,1.3958432127875635,581.2758432127875,0.0,5.421623090057492,5.176026922765771,59.94489214219135,0.10963065914657716,-2.426528447704322,59.94489214219135,0.36997883195827186,2296.2813892680424,730.5630133420924,72.18911507681108,63.02518108871696,2.834472089760178,10.562506969775377,0.9846470135666215,12.485,2.206,100.0,healthy,0.0,1.0,scenario_rapid_throttle_transition,scenario_rapid_throttle_transition.csv,0,rapid_throttle_transition,0
1780420506.0,506.0,580.0640746019519,0.06407460195188883,579.9440746019519,0.0,5.391188319178927,5.487861224564269,64.81147984571217,-0.8551091881563323,-2.041903151585816,64.81147984571217,0.37250167033692994,3230.795144337612,783.8670764298502,64.9493066940854,70.41644326118497,1.7973784495410283,7.448579089427218,1.0075703905019489,12.422,2.299,100.0,healthy,0.0,1.0,scenario_rapid_throttle_transition,scenario_rapid_throttle_transition.csv,0,rapid_throttle_transition,0
1780420506.25,506.25,581.4257761460545,1.4257761460545644,581.3057761460545,0.0,5.4801720597370895,5.360983734395298,59.92558619213828,-0.16636948109620553,-0.8485316671404957,59.92558619213828,0.37037786696807157,3471.4703447598963,770.0347339439136,60.042249853249245,44.08502196206989,2.494824912002816,11.389158888253426,0.8815907447223293,12.47,2.118,100.0,healthy,0.0,1.0,scenario_rapid_throttle_transition,scenario_rapid_throttle_transition.csv,0,rapid_throttle_transition,0
1780420506.5,506.5,580.722302054418,0.7223020544180069,580.602302054418,0.0,5.469291541559878,5.6263376456515335,55.914583361274246,-0.6653381401116674,-1.8879015513007895,55.914583361274246,0.37411917090652663,3575.6895049062964,776.5546506079995,90.68351489783738,59.63085194396952,2.810066449257877,12.831148190959729,1.0331991461012597,12.535,2.296,100.0,healthy,0.0,1.0,scenario_rapid_throttle_transition,scenario_rapid_throttle_transition.csv,0,rapid_throttle_transition,0
1780420506.75,506.75,580.4860614319427,0.48606143194272006,580.3660614319427,0.0,5.468274078290966,5.723917174582175,64.80122353504674,0.1862231784162815,-2.629012468873371,64.80122353504674,0.3705540927245099,3581.8668485155345,762.9039388488416,106.99094528428171,58.17740821021019,3.325473919660969,11.377480848089611,1.0634637201108141,12.481,2.063,100.0,healthy,0.0,1.0,scenario_rapid_throttle_transition,scenario_rapid_throttle_transition.csv,0,rapid_throttle_transition,0
1780420507.0,507.0,580.695609192994,0.695609192993923,580.575609192994,0.0,5.451289497371497,5.193862144935155,54.2935106340474,0.8385350209838391,-1.2971862930156188,54.2935106340474,0.36796532643613034,3080.2910951107397,747.6826581079059,100.60836236919148,76.91982831344782,2.7736546102737885,11.891841158430186,1.0397569305046446,12.496,2.108,100.0,healthy,0.0,1.0,scenario_rapid_throttle_transition,scenario_rapid_throttle_transition.csv,0,rapid_throttle_transition,0
1780420507.25,507.25,580.0,0.0,579.88,0.0,5.521304872825014,5.658378324476815,52.16750278156238,-1.8161097860215927,-1.359989942478816,52.16750278156238,0.3661485336388596,2632.7464658471563,751.2473784863126,84.4099653701999,77.20453987576866,3.017379835460587,8.414876820631166,1.0393181664736364,12.472,2.165,100.0,healthy,0.0,1.0,scenario_rapid_throttle_transition,scenario_rapid_throttle_transition.csv,0,rapid_throttle_transition,0
1780420507.5,507.5,580.0,0.0,579.88,0.0,5.510195813326569,5.462305102587273,63.72389051352789,-1.0970248739675204,-2.357420672028742,63.72389051352789,0.3650056304022195,3242.886056397415,746.6460661801466,81.40003327583969,55.19411212564123,2.5965600499575996,5.65853023393456,0.8310157045066716,12.435,2.166,100.0,healthy,0.0,1.0,scenario_rapid_throttle_transition,scenario_rapid_throttle_transition.csv,0,rapid_throttle_transition,0
1780420507.75,507.75,582.0483711346426,2.0483711346426094,581.9283711346426,0.0,5.577731053349091,5.7545605084261,57.03139889341284,-0.9254230545638772,-1.445569486760997,57.03139889341284,0.3635406883349063,2916.4187194404217,784.2517333767933,76.82181888124285,72.71766651122807,2.7250585417502267,10.875427961529796,1.005753557298506,12.422,1.891,100.0,healthy,0.0,1.0,scenario_rapid_throttle_transition,scenario_rapid_throttle_transition.csv,0,rapid_throttle_transition,0
1780420508.0,508.0,580.0,0.0,579.88,0.0,5.573502780804094,5.39035459723842,51.83320010877714,-0.6986711627608515,-2.835264369164217,51.83320010877714,0.3620139698970456,3376.3979110513533,793.0160806523572,49.85841907454804,47.229351185950485,2.27662976678085,8.392436150491589,1.0476556589732475,12.49,2.21,100.0,healthy,0.0,1.0,scenario_rapid_throttle_transition,scenario_rapid_throttle_transition.csv,0,rapid_throttle_transition,0
1780420508.25,508.25,580.0,0.0,579.88,0.0,5.6087619199181775,5.529189592380085,61.64585836127437,-1.2229525322496466,-1.1747570166106482,61.64585836127437,0.3595448670270455,2984.7505814138844,753.8910139051275,70.417555262287,49.69976422439193,2.1376234499620983,10.343662802717727,0.7905539893810833,12.48,2.251,100.0,healthy,0.0,1.0,scenario_rapid_throttle_transition,scenario_rapid_throttle_transition.csv,0,rapid_throttle_transition,0
1780420508.5,508.5,582.3891488614934,2.3891488614933545,582.2691488614934,0.0,5.641791322353225,5.68032478108529,57.95636019626607,0.2892570730451932,-1.9088707783272085,57.95636019626607,0.36088527798222714,2998.3251207079443,818.560430682961,64.22760429497082,55.94172632062865,2.698356364560135,8.273756770128216,0.7914044306661262,12.414,2.005,100.0,healthy,0.0,1.0,scenario_rapid_throttle_transition,scenario_rapid_throttle_transition.csv,0,rapid_throttle_transition,0
1780420508.75,508.75,580.0,0.0,579.88,0.0,5.70564990658807,5.7930745420709995,64.39902412683271,0.027729915499215385,-2.689368453494035,64.39902412683271,0.3592121095567505,3511.3863256857117,711.4363452991844,84.96291403479057,64.4558113393,2.404086048521283,5.316982722544015,0.8437345300253345,12.447,2.189,100.0,healthy,0.0,1.0,scenario_rapid_throttle_transition,scenario_rapid_throttle_transition.csv,0,rapid_throttle_transition,0
1780420509.0,509.0,582.940779678913,2.940779678913029,582.820779678913,0.0,5.680304392474091,5.72205728681612,60.19882795233031,0.3934090378104032,-1.4452808090189144,60.19882795233031,0.3578184320096846,3235.11006650258,754.2699547766741,85.57722970702018,69.45575857217861,2.877021740027677,6.597987245295174,0.9494434774390499,12.49,2.116,100.0,healthy,0.0,1.0,scenario_rapid_throttle_transition,scenario_rapid_throttle_transition.csv,0,rapid_throttle_transition,0
1780420509.25,509.25,582.1759457411468,2.1759457411468257,582.0559457411468,0.0,5.687225567498725,5.842971079686485,59.71530517733845,0.2738230765408212,-1.5621630614281177,59.71530517733845,0.3605106505211935,2978.0969172885843,793.9314905657902,80.74191178277628,54.07337398115722,2.870616767601108,6.224803213107446,0.7737304268786741,12.505,2.196,100.0,healthy,0.0,1.0,scenario_rapid_throttle_transition,scenario_rapid_throttle_transition.csv,0,rapid_throttle_transition,0
1780420509.5,509.5,581.9120630350461,1.9120630350460681,581.7920630350461,0.0,5.693428607145372,5.735108639027375,56.21971321604757,-0.8591483493087779,-1.3596528141900444,56.21971321604757,0.36314292973532847,2921.753506750632,720.8704679256285,64.97369243861402,54.58770873113337,2.5060175442022494,6.556252424276215,0.7304060717340198,12.589,1.95,100.0,healthy,0.0,1.0,scenario_rapid_throttle_transition,scenario_rapid_throttle_transition.csv,0,rapid_throttle_transition,0
1780420509.75,509.75,580.0,0.0,579.88,0.0,5.783083909204937,6.000439140427093,61.51548333692531,-1.1945525417470801,-1.3084252726908912,61.51548333692531,0.3643877768127423,3498.3590715316213,719.095521922694,64.26194853148009,47.71019419193193,3.2716345923591126,5.631416770424863,0.8408736398010375,12.532,2.253,100.0,healthy,0.0,1.0,scenario_rapid_throttle_transition,scenario_rapid_throttle_transition.csv,0,rapid_throttle_transition,0
1780420510.0,510.0,580.8882233097454,0.8882233097454424,580.7682233097454,0.0,5.8176566353943775,5.540543301979871,56.61985848127238,0.9989868087179068,-1.5279949611152357,56.61985848127238,0.36736866465094237,3618.946527482101,729.6727820678744,96.54526991053314,42.10533034953451,2.6277746955215417,8.971862696627818,0.9439509315000955,12.62,2.002,100.0,healthy,0.0,1.0,scenario_rapid_throttle_transition,scenario_rapid_throttle_transition.csv,0,rapid_throttle_transition,0
1780420510.25,510.25,581.2275791795533,1.2275791795533935,581.1075791795533,0.0,5.839149069464625,5.594353771636562,56.021729274221435,-0.8962096697642852,-0.6298325378866645,56.021729274221435,0.36536029591493324,3560.3542002292315,699.5083721615263,85.31725925771703,58.6035781305114,2.8549045307458307,5.503943089615922,0.7300408966102487,12.46,2.09,100.0,healthy,0.0,1.0,scenario_rapid_throttle_transition,scenario_rapid_throttle_transition.csv,0,rapid_throttle_transition,0
1780420510.5,510.5,580.0,0.0,579.88,0.0,5.8295538775945275,5.735412401090343,53.14772558856473,0.16550046555767162,-2.496868977018689,53.14772558856473,0.3631497972283068,3237.2731727398864,759.5530936850961,99.0417540706126,77.89375805112891,3.1280785694778017,11.181194374976457,0.9709879633981632,12.564,2.358,100.0,healthy,0.0,1.0,scenario_rapid_throttle_transition,scenario_rapid_throttle_transition.csv,0,rapid_throttle_transition,0
1780420510.75,510.75,580.0,0.0,579.88,0.0,5.861574939293385,6.151593692677352,58.14584525835859,-0.8166957775695889,-2.359810766592669,58.14584525835859,0.36809644803588193,2735.536489069954,785.4229209823098,68.23410541650846,48.87681967838645,2.807399827390619,9.023915573496389,0.9763890996730739,12.416,2.164,100.0,healthy,0.0,1.0,scenario_rapid_throttle_transition,scenario_rapid_throttle_transition.csv,0,rapid_throttle_transition,0
1780420511.0,511.0,580.8965796091201,0.896579609120052,580.7765796091201,0.0,5.893167685860086,6.044380674577793,61.270739842625076,-0.5883185040294816,-2.4635012944524557,61.270739842625076,0.3661470447639597,3733.625667967624,750.8041569840246,78.60622312101243,42.38125971947209,3.5044793657743827,11.309267328196668,0.9322934764635065,12.508,2.063,100.0,healthy,0.0,1.0,scenario_rapid_throttle_transition,scenario_rapid_throttle_transition.csv,0,rapid_throttle_transition,0
1780420511.25,511.25,580.0,0.0,579.88,0.0,5.934369400288092,5.703759036371874,61.833724371361086,-0.49248834029573163,-2.114708612276488,61.833724371361086,0.3712975146750919,2980.5897780494734,793.9472443217039,69.5946960660115,66.31081135045457,1.932678881163147,10.473560923149655,0.8907196060331593,12.525,2.139,100.0,healthy,0.0,1.0,scenario_rapid_throttle_transition,scenario_rapid_throttle_transition.csv,0,rapid_throttle_transition,0
1780420511.5,511.5,580.624596068077,0.62459606807708,580.504596068077,0.0,5.97910510645377,6.220995137535044,59.73809990103534,-1.805908501231871,-3.095039120220102,59.73809990103534,0.37255752413619586,3613.1953923449923,771.8686179958812,106.84519252847322,62.79705153652579,2.895335765552478,8.630635188946158,0.8132145289890861,12.51,2.067,100.0,healthy,0.0,1.0,scenario_rapid_throttle_transition,scenario_rapid_throttle_transition.csv,0,rapid_throttle_transition,0
1780420511.75,511.75,580.0,0.0,579.88,0.0,6.068408547838041,6.187787404675784,52.26625557851753,-2.112928454561125,-3.778265381397734,52.26625557851753,0.37683164085260107,3254.054965827415,758.4349066148972,54.612162640093246,91.25518388844716,3.086772873372432,10.555615908550553,1.0286031055893337,12.442,2.126,100.0,healthy,0.0,1.0,scenario_rapid_throttle_transition,scenario_rapid_throttle_transition.csv,0,rapid_throttle_transition,0
1780420512.0,512.0,580.8602640812188,0.8602640812187743,580.7402640812188,0.0,6.039806703853286,5.906494044003789,54.81510641877468,-0.9401222987833764,-2.8091737835473403,54.81510641877468,0.37893660573433535,3438.00025669004,766.1048962622332,100.6456411251473,61.45040007165988,2.145310210684947,9.412106145697882,0.9634760768128183,12.554,2.092,100.0,healthy,0.0,1.0,scenario_rapid_throttle_transition,scenario_rapid_throttle_transition.csv,0,rapid_throttle_transition,0
1780420512.25,512.25,580.9383683314372,0.9383683314372874,580.8183683314372,0.0,6.020560221421616,6.194891483802963,61.061627162201304,-1.1741576769603645,-3.3670204965442263,61.061627162201304,0.3784745157611814,2949.8343254960496,761.7745199571901,82.42576396797148,50.0548228024591,3.2124864540207865,9.391820176134745,0.8147277472612392,12.522,2.157,100.0,healthy,0.0,1.0,scenario_rapid_throttle_transition,scenario_rapid_throttle_transition.csv,0,rapid_throttle_transition,0
1780420512.5,512.5,580.059864276342,0.05986427634191105,579.939864276342,0.0,6.113161497968869,5.881939743296876,56.42443009650586,-0.8350707654578662,-0.9985111593505109,56.42443009650586,0.37488240328153954,3094.663362549971,759.3669650981606,74.27325434425829,58.53553646331338,2.196265961333524,5.602556848614727,0.9130896569562275,12.504,2.006,100.0,healthy,0.0,1.0,scenario_rapid_throttle_transition,scenario_rapid_throttle_transition.csv,0,rapid_throttle_transition,0
1780420512.75,512.75,580.7757413415131,0.7757413415131583,580.6557413415131,0.0,6.166154116931756,6.040781404718797,61.244174537184264,-1.7849180888092375,-2.342954583090242,61.244174537184264,0.3748947231815858,3427.7144745619444,713.2900736297632,72.48535707687438,49.51089052731591,3.254272255398689,5.24734765096024,1.1350312578372797,12.519,2.043,100.0,healthy,0.0,1.0,scenario_rapid_throttle_transition,scenario_rapid_throttle_transition.csv,0,rapid_throttle_transition,0
1780420513.0,513.0,581.0514965028593,1.0514965028593077,580.9314965028593,0.0,6.186141359268221,6.06765478883034,56.17207953258765,-1.027499909982167,-1.8930354004009948,56.17207953258765,0.37876009581430103,2799.553342551245,732.5739692035727,83.01900272839097,63.612135115440616,2.544390065708698,9.716880490485321,0.8851164590038585,12.485,1.986,100.0,healthy,0.0,1.0,scenario_rapid_throttle_transition,scenario_rapid_throttle_transition.csv,0,rapid_throttle_transition,0
1780420513.25,513.25,580.0,0.0,579.88,0.0,6.165548607066244,6.414792029184953,63.74321109826462,-0.7218738211015717,-1.4522642832455106,63.74321109826462,0.3777145194971515,3012.5651890014947,781.9083807717401,71.60234306577097,53.08433823329946,2.906417159736765,10.094056270582001,0.8816785863409503,12.561,2.253,100.0,healthy,0.0,1.0,scenario_rapid_throttle_transition,scenario_rapid_throttle_transition.csv,0,rapid_throttle_transition,0
1780420513.5,513.5,582.9185427467984,2.918542746798432,582.7985427467984,0.0,6.229403760752104,6.501006267316665,57.85368448571754,-1.5685697539925134,-3.05329778255307,57.85368448571754,0.38156566915330437,3577.557145535343,742.1153092139759,93.8516360069187,55.1879223377124,3.1523047371537105,7.140828343174656,0.9859147349386636,12.42,2.047,100.0,healthy,0.0,1.0,scenario_rapid_throttle_transition,scenario_rapid_throttle_transition.csv,0,rapid_throttle_transition,0
1780420513.75,513.75,580.3559872955153,0.3559872955153377,580.2359872955153,0.0,6.319549154245672,6.369513854066113,55.615030498751615,-1.1034559038015295,-1.6593536739639199,55.615030498751615,0.382718625517334,3159.3449133588792,785.6944875587828,84.38353312855354,62.76769158568495,2.499373342963202,5.037729719027575,0.7534129983205684,12.389,2.107,100.0,healthy,0.0,1.0,scenario_rapid_throttle_transition,scenario_rapid_throttle_transition.csv,0,rapid_throttle_transition,0
1780420514.0,514.0,584.3763767201119,4.376376720111909,584.2563767201119,0.0,6.346445853327822,6.59640263799571,58.117225413774925,-0.1125578823082809,-2.2450779999186805,58.117225413774925,0.38057335845853163,3465.6157760714773,769.3842217562286,43.45898080635138,46.03273764865169,3.243795475122553,11.247047538264278,0.8518300710774257,12.476,2.136,100.0,healthy,0.0,1.0,scenario_rapid_throttle_transition,scenario_rapid_throttle_transition.csv,0,rapid_throttle_transition,0
1780420514.25,514.25,580.0,0.0,579.88,0.0,6.351969662320176,6.607805759293611,66.9984673990152,-1.9060709589808749,-1.4161140045459644,66.9984673990152,0.3804266191622064,3279.371103937486,725.9405747978265,77.90220117961948,54.01355953944898,2.90758779861201,6.5262830792101045,0.9211706727366022,12.503,2.176,100.0,healthy,0.0,1.0,scenario_rapid_throttle_transition,scenario_rapid_throttle_transition.csv,0,rapid_throttle_transition,0
1780420514.5,514.5,580.8663495337668,0.8663495337668085,580.7463495337668,0.0,6.417664808813659,6.732274702892679,64.82386688259714,-1.5034420934424961,-2.7304276957765654,64.82386688259714,0.38456464855730965,3838.358426195274,752.5008235419573,85.06860508542582,55.21424252980965,3.6420125353803896,7.29614912855313,0.9330736275186646,12.49,2.162,100.0,healthy,0.0,1.0,scenario_rapid_throttle_transition,scenario_rapid_throttle_transition.csv,0,rapid_throttle_transition,0
1780420514.75,514.75,580.1203634971224,0.12036349712243873,580.0003634971224,0.0,6.442000036077854,6.467543928698081,58.162381766641005,-0.5625668302669676,-0.9516071614934392,58.162381766641005,0.3868647611504161,3358.120853495174,726.9932164213916,74.48980802664975,58.93916833079141,2.6801660880642695,9.346633021194476,1.0521000657558734,12.491,2.163,100.0,healthy,0.0,1.0,scenario_rapid_throttle_transition,scenario_rapid_throttle_transition.csv,0,rapid_throttle_transition,0
1780420515.0,515.0,580.0,0.0,579.88,0.0,6.521858557627001,6.731741328484336,48.709641362519605,-1.5346092427953906,-1.182738696838364,48.709641362519605,0.3897379306308254,3375.727311054239,745.7384798693458,72.2957010123191,54.27855131821222,2.9232574836351652,8.883564114150516,0.9792504704640003,12.532,2.259,100.0,healthy,0.0,1.0,scenario_rapid_throttle_transition,scenario_rapid_throttle_transition.csv,0,rapid_throttle_transition,0
1780420515.25,515.25,580.004680496449,0.004680496449013736,579.884680496449,0.0,6.599849340373954,6.298880770187195,57.37081129389884,-1.1219708496058343,-2.0138545765827636,57.37081129389884,0.3888921707600693,3619.2989229587884,757.5424309711295,111.77735032172376,37.554898338456624,2.459837180824628,11.727769986414437,0.8191523337644899,12.373,2.174,100.0,healthy,0.0,1.0,scenario_rapid_throttle_transition,scenario_rapid_throttle_transition.csv,0,rapid_throttle_transition,0
1780420515.5,515.5,580.0,0.0,579.88,0.0,6.594821730431951,6.452183474042051,58.15963732398526,-2.3946671052147437,-0.6150363012403797,58.15963732398526,0.38547153158704095,3330.1682771794585,819.525228545113,80.88203715953688,58.10960161542381,2.772539681769592,11.993871659644215,0.9121834324481635,12.527,2.088,100.0,healthy,0.0,1.0,scenario_rapid_throttle_transition,scenario_rapid_throttle_transition.csv,0,rapid_throttle_transition,0
1780420515.75,515.75,580.0,0.0,579.88,0.0,6.605109304927931,6.443262130873236,61.86742541266584,-1.6336324820205692,-2.911930842222832,61.86742541266584,0.38835183816865376,2794.703887223132,721.2963773322411,74.72744700617459,33.773901226761524,3.1108813916676583,12.985379854927631,0.8333691273045492,12.45,2.255,100.0,healthy,0.0,1.0,scenario_rapid_throttle_transition,scenario_rapid_throttle_transition.csv,0,rapid_throttle_transition,0
1780420516.0,516.0,580.0,0.0,579.88,0.0,6.634039755244813,6.703273950464366,65.08362316971343,-2.0452423295847098,-1.8714449266897233,65.08362316971343,0.38767358017174136,3155.704592446805,797.4726204174458,68.87303828792754,57.224045888313384,3.0398618988701847,11.407740941031117,1.011145511742516,12.491,2.19,100.0,healthy,0.0,1.0,scenario_rapid_throttle_transition,scenario_rapid_throttle_transition.csv,0,rapid_throttle_transition,0
1780420516.25,516.25,581.3450186514395,1.3450186514395368,581.2250186514395,0.0,6.610062104990004,6.295297828040694,62.37067719145335,-0.35004445513028515,-2.991647570301755,62.37067719145335,0.38822441013134623,3584.5621207171275,774.4101206120578,85.38124946619301,62.06673428626148,3.504196044914907,10.474702377980154,0.8429559788204738,12.401,2.216,100.0,healthy,0.0,1.0,scenario_rapid_throttle_transition,scenario_rapid_throttle_transition.csv,0,rapid_throttle_transition,0
1780420516.5,516.5,580.0,0.0,579.88,0.0,6.697070982228231,6.916485983371863,59.11173102074698,-0.471158625663714,-2.4223960610112485,59.11173102074698,0.3858762836882771,3258.955396652496,761.9256102108064,67.00198149285536,27.30677325447693,2.822581599506901,12.959198873971872,0.7674377540876182,12.573,2.014,100.0,healthy,0.0,1.0,scenario_rapid_throttle_transition,scenario_rapid_throttle_transition.csv,0,rapid_throttle_transition,0
1780420516.75,516.75,580.0,0.0,579.88,0.0,6.698519111356738,6.890706575109334,56.068978064780616,-1.430480112411003,-2.4252309428261927,56.068978064780616,0.3851851615137568,3419.6999923209387,732.8330019139896,86.85999653606473,57.680642182524075,2.9890094271014407,11.838225671074788,0.9984381095042427,12.465,2.068,100.0,healthy,0.0,1.0,scenario_rapid_throttle_transition,scenario_rapid_throttle_transition.csv,0,rapid_throttle_transition,0
1780420517.0,517.0,580.0,0.0,579.88,0.0,6.778574664807097,6.671488729694858,58.75725395936044,-1.5620573807037779,-2.824339991474348,58.75725395936044,0.38797324023262103,3545.0199392989025,724.776941434961,49.40087211054454,73.43439962444927,2.527303158634173,9.369546454004865,0.8888035645371221,12.44,2.093,100.0,healthy,0.0,1.0,scenario_rapid_throttle_transition,scenario_rapid_throttle_transition.csv,0,rapid_throttle_transition,0
1780420517.25,517.25,580.2523964772648,0.2523964772648102,580.1323964772648,0.0,6.7510330753955845,6.5997248395373145,55.48680588871259,-4.095477753578064,-1.8528940791178723,55.48680588871259,0.39145445629208103,4059.868588214545,750.2748749678925,86.22567612333133,46.13214372800677,2.5798029137075575,6.199620638976166,0.9080535709431016,12.518,2.271,100.0,healthy,0.0,1.0,scenario_rapid_throttle_transition,scenario_rapid_throttle_transition.csv,0,rapid_throttle_transition,0
1780420517.5,517.5,580.2562743108621,0.25627431086207675,580.1362743108621,0.0,6.786261330123009,6.488821849980607,55.68525227855709,-0.4898641564264551,-1.7249331067209766,55.68525227855709,0.3927580942223694,3145.320530248477,738.7753970517216,57.102028991997706,46.41620036525495,2.3022357604775054,8.278029801767685,0.9390998703298228,12.465,1.964,100.0,healthy,0.0,1.0,scenario_rapid_throttle_transition,scenario_rapid_throttle_transition.csv,0,rapid_throttle_transition,0
1780420517.75,517.75,582.7749072297217,2.774907229721718,582.6549072297217,0.0,6.759029994464182,7.02725382446139,59.35720026454721,-0.006551799585760465,-1.8250695246285933,59.35720026454721,0.390104536550323,3816.151130459193,794.4701162125012,105.22073567488714,56.67402510075866,2.9737287786709388,12.064553513218412,0.9939694013931292,12.51,2.206,100.0,healthy,0.0,1.0,scenario_rapid_throttle_transition,scenario_rapid_throttle_transition.csv,0,rapid_throttle_transition,0
1780420518.0,518.0,580.0,0.0,579.88,0.0,6.763585192429311,6.657804618481771,62.15892073383695,-1.0262735735490969,-1.4756270062017922,62.15892073383695,0.3930351973274579,3671.32919017811,769.2097218142608,60.02910235667522,56.69409249856923,2.5807791729749514,8.898653518330324,0.9727992947180404,12.542,2.109,100.0,healthy,0.0,1.0,scenario_rapid_throttle_transition,scenario_rapid_throttle_transition.csv,0,rapid_throttle_transition,0
1780420518.25,518.25,580.0,0.0,579.88,0.0,6.853129814559719,7.1744589164523065,56.931704073804404,-3.3006813133219532,-1.4394876767175595,56.931704073804404,0.3924389741524947,3381.6020199496747,768.529539971704,82.02994512500219,41.20213300141552,2.9921639917130864,6.11000337474081,0.8949730660127767,12.597,2.12,100.0,healthy,0.0,1.0,scenario_rapid_throttle_transition,scenario_rapid_throttle_transition.csv,0,rapid_throttle_transition,0
1780420518.5,518.5,582.2844489335926,2.284448933592601,582.1644489335926,0.0,6.9284473091222285,6.951924106133386,63.40027502781206,-2.4315072575419716,-1.8048700879730726,63.40027502781206,0.3917396629175889,3151.523308762425,750.614227485432,90.34427227046213,40.15078659941746,2.4082551080121997,7.607303133892141,0.9254062052301146,12.584,2.156,100.0,healthy,0.0,1.0,scenario_rapid_throttle_transition,scenario_rapid_throttle_transition.csv,0,rapid_throttle_transition,0
1780420518.75,518.75,580.4307746529703,0.4307746529702645,580.3107746529703,0.0,6.968510133924968,6.7372396773249665,52.82956670878493,-0.9747435749189739,-2.0024599006070773,52.82956670878493,0.3886533525682976,3380.342974224577,754.5770799864913,71.25335711409906,65.61531503712492,2.3856883796918247,12.222616547258673,1.0438624584467797,12.521,2.341,100.0,healthy,0.0,1.0,scenario_rapid_throttle_transition,scenario_rapid_throttle_transition.csv,0,rapid_throttle_transition,0
1780420519.0,519.0,580.0510242607315,0.051024260731518015,579.9310242607315,0.0,6.99833527875152,6.682438566239394,51.90237079747843,-1.214141443495836,-1.128944507163213,51.90237079747843,0.39034453030879734,3619.866376943925,791.7387564192449,69.8590931660312,61.39947095160123,3.2214272548739165,8.664383830788793,0.8330485208470455,12.487,2.046,100.0,healthy,0.0,1.0,scenario_rapid_throttle_transition,scenario_rapid_throttle_transition.csv,0,rapid_throttle_transition,0
1780420519.25,519.25,583.4559406271342,3.455940627134221,583.3359406271342,0.0,7.061322793581105,7.028979510354159,62.81056240941769,-0.6573866069542302,-2.644131628182086,62.81056240941769,0.3932459164875909,2532.1457737654127,758.9261031998121,71.74834940714398,60.57356605288769,2.42417710647774,11.455019919938827,0.8242799840381747,12.512,2.214,100.0,healthy,0.0,1.0,scenario_rapid_throttle_transition,scenario_rapid_throttle_transition.csv,0,rapid_throttle_transition,0
1780420519.5,519.5,581.4558125198673,1.4558125198673524,581.3358125198673,0.0,7.120143294248263,6.894343761440333,54.95027547683612,-2.9887434200291523,-1.8793878406861086,54.95027547683612,0.39534831200848813,2963.6147953836685,739.4187598194815,50.645799574769185,36.62323904717624,2.8342580648868303,7.058222593346824,0.9968672110059286,12.502,2.126,100.0,healthy,0.0,1.0,scenario_rapid_throttle_transition,scenario_rapid_throttle_transition.csv,0,rapid_throttle_transition,0
1780420519.75,519.75,580.6552543692101,0.6552543692100689,580.5352543692101,0.0,7.152525590552841,6.962996228155237,61.77799403751828,-2.2406814218042426,-0.9621716458425712,61.77799403751828,0.3974342672608679,3439.1800411929426,792.3991448184498,74.06282303543014,46.34159911681998,2.840083928234001,9.0031153265742,0.8503610461584026,12.463,2.126,100.0,healthy,0.0,1.0,scenario_rapid_throttle_transition,scenario_rapid_throttle_transition.csv,0,rapid_throttle_transition,0
1780420520.0,520.0,583.717018229223,3.7170182292229095,583.597018229223,0.0,7.183916919642927,7.0258850037775495,58.69614949133875,-1.8318208569223895,-1.5788585209722876,58.69614949133875,0.40059526532543155,2992.847937774058,763.3583960010257,58.324843515275845,33.115982671867144,3.515204959720053,11.02302386376261,0.8781347458390342,12.501,2.069,100.0,healthy,0.0,1.0,scenario_rapid_throttle_transition,scenario_rapid_throttle_transition.csv,0,rapid_throttle_transition,0
1780420520.25,520.25,580.0,0.0,579.88,0.0,7.16581444533861,6.824756441953698,61.54946001563046,-1.7702568145748583,-1.6989285783690462,61.54946001563046,0.3979412635203733,2931.973009457296,801.7324731565999,83.32100179231516,71.48445362542071,2.730482470571638,9.433403408859148,0.9122013741898736,12.449,2.118,100.0,healthy,0.0,1.0,scenario_rapid_throttle_transition,scenario_rapid_throttle_transition.csv,0,rapid_throttle_transition,0
1780420520.5,520.5,580.0,0.0,579.88,0.0,7.196467015125167,7.021776445327102,59.406909432910105,-1.6081991982087986,-2.3042382270753694,59.406909432910105,0.39433355341588744,3352.232700730136,791.9087964548686,60.34570930140261,29.03492446240213,3.3406164749034097,12.550176573511632,0.8151478048699023,12.523,2.079,100.0,healthy,0.0,1.0,scenario_rapid_throttle_transition,scenario_rapid_throttle_transition.csv,0,rapid_throttle_transition,0
1780420520.75,520.75,581.0494389021599,1.0494389021599173,580.9294389021599,0.0,7.198619218451497,7.394349580251026,59.240633740816826,-0.48907297616462686,-0.9565291491183917,59.240633740816826,0.3920884794391846,3475.6693558011493,755.2377962249063,72.72472203668471,50.87304492233816,2.910895737408779,11.185603582555064,0.8844784046586381,12.49,2.128,100.0,healthy,0.0,1.0,scenario_rapid_throttle_transition,scenario_rapid_throttle_transition.csv,0,rapid_throttle_transition,0
1780420521.0,521.0,580.0,0.0,579.88,0.0,7.220120356076092,7.174391035023941,55.28839602399289,-0.27307033060941466,-2.237167846805568,55.28839602399289,0.390388206723401,3522.9972481956006,772.1671348396297,81.16271635029865,58.20462710815022,2.736625984375278,8.07759504745198,0.9239107996506108,12.508,2.042,100.0,healthy,0.0,1.0,scenario_rapid_throttle_transition,scenario_rapid_throttle_transition.csv,0,rapid_throttle_transition,0
1780420521.25,521.25,580.0,0.0,579.88,0.0,7.24728535744189,7.210992565447648,58.298223875459556,-1.3354824395564822,-2.4311233099225147,58.298223875459556,0.393811696875776,3177.0578433327278,806.5973069522868,55.59708790973293,47.76832058566287,2.9161676671049492,11.398643993594874,0.8597441047950575,12.542,2.272,100.0,healthy,0.0,1.0,scenario_rapid_throttle_transition,scenario_rapid_throttle_transition.csv,0,rapid_throttle_transition,0
1780420521.5,521.5,580.3614656711723,0.3614656711722208,580.2414656711723,0.0,7.2671361524650315,7.587189910052066,57.59516729705837,-1.401842453978952,-1.6471958191555354,57.59516729705837,0.3910812792033201,2888.286952052243,746.639517470645,79.21438430051703,45.738458157887315,2.8062661074786583,8.414769622769015,0.9164977346012427,12.52,2.256,100.0,healthy,0.0,1.0,scenario_rapid_throttle_transition,scenario_rapid_throttle_transition.csv,0,rapid_throttle_transition,0
1780420521.75,521.75,580.9981173252612,0.9981173252612325,580.8781173252612,0.0,7.321404138300418,7.072745886064184,58.6174462437791,-1.3479361729197388,-2.122368018879781,58.6174462437791,0.3942746891745592,2765.832778202347,762.1450340121494,82.38424278498546,66.31848666113514,2.8830395133772324,9.228467457585404,1.0091779267840952,12.507,2.007,100.0,healthy,0.0,1.0,scenario_rapid_throttle_transition,scenario_rapid_throttle_transition.csv,0,rapid_throttle_transition,0
1780420522.0,522.0,580.0,0.0,579.88,0.0,7.2981676149138766,7.298332466677476,58.27116499043335,-0.48723910924535874,-1.1113904442084173,58.27116499043335,0.39372780611182323,3684.084945344169,801.2437898513118,102.83152695951355,53.86070552935475,2.628821825836859,7.429054708041633,1.0347568661851225,12.541,2.319,100.0,healthy,0.0,1.0,scenario_rapid_throttle_transition,scenario_rapid_throttle_transition.csv,0,rapid_throttle_transition,0
1780420522.25,522.25,580.1787990743891,0.17879907438912707,580.0587990743891,0.0,7.378595635137595,7.673379671556831,64.66496767486231,-1.965547434438329,-2.106761283107112,64.66496767486231,0.3971285447464551,3480.914723547729,789.023063239411,68.50516703395067,51.988253645502084,2.89257626678324,10.510192947184922,0.9027972060627185,12.473,2.133,100.0,healthy,0.0,1.0,scenario_rapid_throttle_transition,scenario_rapid_throttle_transition.csv,0,rapid_throttle_transition,0
1780420522.5,522.5,580.0,0.0,579.88,0.0,7.385430571811537,7.244417732828062,60.041755166914186,-1.3889051507614476,-2.4319968985885554,60.041755166914186,0.4008595709990201,3271.08894456463,739.2854984211456,114.71640204975719,48.52800457240574,3.086779165320947,8.106391235561212,0.872706977099174,12.493,2.158,100.0,healthy,0.0,1.0,scenario_rapid_throttle_transition,scenario_rapid_throttle_transition.csv,0,rapid_throttle_transition,0
1780420522.75,522.75,580.0,0.0,579.88,0.0,7.3795360731266895,7.229500003778744,60.060239683679406,-1.5865877015382641,-2.039371931220875,60.060239683679406,0.40160729978240134,4032.3891732898505,756.0848849092595,44.446326968617,42.81080427529564,3.351318701672016,9.49357835766956,0.8469124159043105,12.461,2.24,100.0,healthy,0.0,1.0,scenario_rapid_throttle_transition,scenario_rapid_throttle_transition.csv,0,rapid_throttle_transition,0
1780420523.0,523.0,580.5801614491331,0.5801614491330729,580.4601614491331,0.0,7.387686105048384,7.28350156335669,63.09216082717872,-4.517919570842919,-2.372898624589163,63.09216082717872,0.3981892376687412,3636.805400910464,839.1572787198186,77.09608967967883,33.1200727843968,2.7350798664461284,9.246102121853479,0.8968065391326294,12.447,2.117,100.0,healthy,0.0,1.0,scenario_rapid_throttle_transition,scenario_rapid_throttle_transition.csv,0,rapid_throttle_transition,0
1780420523.25,523.25,580.7316730499823,0.7316730499823301,580.6116730499823,0.0,7.365123534314586,7.185625969260473,56.952482362082044,-1.4722056769342993,-1.0104986376283627,56.952482362082044,0.3974116422102858,3155.5793789640675,824.3414651278647,58.79145176341726,63.97397088716592,2.775316641691273,10.053661318310553,1.0599958839996213,12.495,2.204,100.0,healthy,0.0,1.0,scenario_rapid_throttle_transition,scenario_rapid_throttle_transition.csv,0,rapid_throttle_transition,0
1780420523.5,523.5,580.5490490465938,0.5490490465938458,580.4290490465938,0.0,7.45838621100063,7.381191048287116,57.26051569869943,-2.537925881501719,-1.915139800121768,57.26051569869943,0.39471176400171526,3449.691948377749,777.1372560545515,74.26975359232416,67.70758740165712,3.2936645952391315,7.773430911490781,0.9577661598194788,12.496,2.252,100.0,healthy,0.0,1.0,scenario_rapid_throttle_transition,scenario_rapid_throttle_transition.csv,0,rapid_throttle_transition,0
1780420523.75,523.75,580.0,0.0,579.88,0.0,7.452038424950341,7.643711812963272,60.220619938062995,-2.021033201453661,-1.5473490885749717,60.220619938062995,0.39270045819193977,3658.8128338034835,773.159796432538,71.45211696900239,75.58374645806175,3.1566897610676015,10.966627732793675,1.0180582890295329,12.439,2.439,100.0,healthy,0.0,1.0,scenario_rapid_throttle_transition,scenario_rapid_throttle_transition.csv,0,rapid_throttle_transition,0
1780420524.0,524.0,580.0,0.0,579.88,0.0,7.444839449037325,7.672101249195783,59.239246789980186,-2.8398253132582054,-1.7504707771176524,59.239246789980186,0.3906958693221297,3016.0861762010677,751.7372879082508,120.70417669065905,75.58470222225162,2.4982997480083506,4.771240173314561,0.7720772960663558,12.425,2.201,100.0,healthy,0.0,1.0,scenario_rapid_throttle_transition,scenario_rapid_throttle_transition.csv,0,rapid_throttle_transition,0
1780420524.25,524.25,580.0,0.0,579.88,0.0,7.487859904930628,7.346117607988539,64.28623151878688,-2.3401439056577518,-1.7482543392655419,64.28623151878688,0.387801871408309,3063.342891420144,749.5880071649274,72.96836576379921,66.43117364354114,2.8727541450444973,6.781465894768734,0.9288513203379493,12.378,2.336,100.0,healthy,0.0,1.0,scenario_rapid_throttle_transition,scenario_rapid_throttle_transition.csv,0,rapid_throttle_transition,0
1780420524.5,524.5,580.0,0.0,579.88,0.0,7.501302448673291,7.39326944023496,64.70427341669404,-1.3849665264265025,-1.110715807241665,64.70427341669404,0.3877614438781546,2911.341078998599,756.7719524772508,75.1525348349762,54.83823895249191,3.3263541147765316,8.576061833358219,0.9482604893048976,12.431,2.137,100.0,healthy,0.0,1.0,scenario_rapid_throttle_transition,scenario_rapid_throttle_transition.csv,0,rapid_throttle_transition,0
1780420524.75,524.75,580.8850632617284,0.8850632617284215,580.7650632617284,0.0,7.530319298742754,7.521163652546185,52.689473407670214,-1.822276466788499,-1.766712199426807,52.689473407670214,0.3910327355557064,3525.7344537938,723.7676328887285,62.526329790670395,44.38816103346891,3.166018383206186,10.105671710977937,0.8832978596002812,12.462,2.115,100.0,healthy,0.0,1.0,scenario_rapid_throttle_transition,scenario_rapid_throttle_transition.csv,0,rapid_throttle_transition,0
1780420525.0,525.0,582.9373219707049,2.937321970704916,582.8173219707049,0.0,7.557668183581458,7.661989370529458,57.05162250241153,-2.1177778144928947,-1.7937753236824685,57.05162250241153,0.3943872519269276,2688.0250083200403,756.9015555868732,71.13900726539217,42.169896463223374,3.3403954052958875,10.357752242726955,0.8768511416792151,12.393,2.145,100.0,healthy,0.0,1.0,scenario_rapid_throttle_transition,scenario_rapid_throttle_transition.csv,0,rapid_throttle_transition,0
1780420525.25,525.25,580.0,0.0,579.88,0.0,7.648141187798833,7.836445916471489,53.28019072841125,-2.9952066482151984,-1.1427788094739821,53.28019072841125,0.3936960583350922,3405.663090814932,754.6076422933176,102.74118460662854,44.0097271482082,3.144517146763959,13.681028046299156,0.9084771329856488,12.449,1.949,100.0,healthy,0.0,1.0,scenario_rapid_throttle_transition,scenario_rapid_throttle_transition.csv,0,rapid_throttle_transition,0
1780420525.5,525.5,580.0,0.0,579.88,0.0,7.694989317650641,7.587433825721338,52.64199372997825,-3.559009146917802,-2.3363241315852323,52.64199372997825,0.397805731718542,3837.086725417488,832.3072942258843,35.79873403029412,33.84504004841904,3.30104199343444,6.882334292059531,0.867966795011436,12.484,2.167,100.0,healthy,0.0,1.0,scenario_rapid_throttle_transition,scenario_rapid_throttle_transition.csv,0,rapid_throttle_transition,0
1780420525.75,525.75,581.362981566953,1.3629815669530088,581.242981566953,0.0,7.746537687378111,7.506870646457299,63.564712908025015,-3.252542093741354,-1.7614664252857806,63.564712908025015,0.3947547796491346,2911.210226492885,760.3090834498526,109.49972142086605,64.72088295502655,2.842403458576357,6.769018851813874,0.7943203362971024,12.426,2.213,100.0,healthy,0.0,1.0,scenario_rapid_throttle_transition,scenario_rapid_throttle_transition.csv,0,rapid_throttle_transition,0
1780420526.0,526.0,580.3226694644231,0.32266946442319244,580.2026694644231,0.0,7.793638608018126,7.526903199718257,63.02587252221429,-3.2336757363705226,-0.7890809827815214,63.02587252221429,0.39773025983949084,3386.0657736058956,750.1947999246195,99.04212943696756,52.18182140901027,2.9838606568280275,6.224867107217845,0.8166399231216194,12.485,2.161,100.0,healthy,0.0,1.0,scenario_rapid_throttle_transition,scenario_rapid_throttle_transition.csv,0,rapid_throttle_transition,0
1780420526.25,526.25,580.0,0.0,579.88,0.0,7.783478555234086,7.922716650477254,55.85164245576456,-2.2581350109015075,-0.41274801574340336,55.85164245576456,0.4001664322615009,3442.2766381117576,784.2055094160075,76.3200301964467,45.394412341607925,2.736694100609879,10.386994816218651,1.1101609696803763,12.489,2.21,100.0,healthy,0.0,1.0,scenario_rapid_throttle_transition,scenario_rapid_throttle_transition.csv,0,rapid_throttle_transition,0
1780420526.5,526.5,580.0710995732809,0.07109957328085689,579.9510995732809,0.0,7.764532047823843,8.034869526364721,60.468711576436306,-2.7900139140756695,-1.5892531706692066,60.468711576436306,0.4007406376306044,3071.4633583508535,770.1681984652753,92.83212577170795,67.45994811312829,2.701645480279523,9.977136862837543,0.955498278267308,12.564,2.065,100.0,healthy,0.0,1.0,scenario_rapid_throttle_transition,scenario_rapid_throttle_transition.csv,0,rapid_throttle_transition,0
1780420526.75,526.75,580.9642937183314,0.96429371833139,580.8442937183314,0.0,7.809120493571505,8.167937576434673,57.259837333902674,-2.386699149217492,-2.9872033865080705,57.259837333902674,0.4000609100530285,3484.599091064724,767.380443020868,73.97713808417477,61.66705200989994,2.8987843701033875,2.622320814191127,0.7919610730712594,12.51,2.364,100.0,healthy,0.0,1.0,scenario_rapid_throttle_transition,scenario_rapid_throttle_transition.csv,0,rapid_throttle_transition,0
1780420527.0,527.0,581.256957782087,1.2569577820870184,581.136957782087,0.0,7.885416743294801,7.834447915526708,64.45006911505529,-2.1672810380666867,-1.6531063203814302,64.45006911505529,0.40378868996013095,3029.608960680877,764.9748143444967,82.83636638086514,80.24166865935774,3.215294569021111,8.02032987169873,0.9084487815562313,12.527,2.06,100.0,healthy,0.0,1.0,scenario_rapid_throttle_transition,scenario_rapid_throttle_transition.csv,0,rapid_throttle_transition,0
1780420527.25,527.25,580.0,0.0,579.88,0.0,7.910092783474793,8.195684757287081,59.40457174377442,-3.246180991825651,-2.104867731129316,59.40457174377442,0.40524293544230316,2726.2948922234173,779.2828005197955,83.21232358216758,82.36926197113105,2.757845110798568,9.826855519320482,0.9084461447438498,12.412,2.168,100.0,healthy,0.0,1.0,scenario_rapid_throttle_transition,scenario_rapid_throttle_transition.csv,0,rapid_throttle_transition,0
1780420527.5,527.5,580.0,0.0,579.88,0.0,7.966523130575805,8.124175843482783,57.53004268477934,-1.6613415558855376,-1.5734591874210606,57.53004268477934,0.40335024804816305,3183.9373307789656,755.9203686654843,78.50233814797791,61.631064818689744,2.8790514791392896,9.126831628069423,0.8536960809690732,12.482,2.2,100.0,healthy,0.0,1.0,scenario_rapid_throttle_transition,scenario_rapid_throttle_transition.csv,0,rapid_throttle_transition,0
